Date,Rain_Sunamganj_Center,Rain_Meghalaya_Border,Mean_NDVI,Radar_VV,Daily_Water_Level,NDVI_Clean,NDVI_7Day_Avg,Flood_In_7Days,Crop_State,AgroPulse_Status,Temperature,Soil_Moisture,NDVI_Slope,Precise_Flood_Indicator,Refined_Crop_State,Final_AgroPulse_Level,Temperature_C
2016-01-01,0.0,0.0,0.276900406,-12.34963019,4.1,0.276900406,0.276900406,0.0,Post-Harvest,0.0,18.56,0.168,,0.0,Post_Harvest,0.0,
2016-01-02,0.0,0.119907085,,-12.34963019,4.1,0.276900406,0.276900406,0.0,Post-Harvest,0.0,18.56,0.168,0.0,0.0,Post_Harvest,0.0,
2016-01-03,0.0,0.001119359,,-12.34963019,4.1,0.276900406,0.276900406,0.0,Post-Harvest,0.0,18.56,0.168,0.0,0.0,Post_Harvest,0.0,
2016-01-04,0.0,0.0,,-12.34963019,4.1,0.276900406,0.276900406,0.0,Post-Harvest,0.0,18.56,0.168,0.0,0.0,Post_Harvest,0.0,
2016-01-05,0.0,0.0,,-12.34963019,4.1,0.276900406,0.276900406,0.0,Post-Harvest,0.0,18.56,0.168,0.0,0.0,Post_Harvest,0.0,
2016-01-06,0.0,0.0,0.277114937,-12.34963019,4.1,0.277114937,0.276936161,0.0,Post-Harvest,0.0,17.85,0.163,0.000214531,0.0,Post_Harvest,0.0,
2016-01-07,0.0,0.0,,-12.26483237,4.1,0.277114937,0.2769617,0.0,Post-Harvest,0.0,17.85,0.163,0.0,0.0,Post_Harvest,0.0,
2016-01-08,0.0,0.0,,-12.18003455,4.1,0.277114937,0.276992348,0.0,Post-Harvest,0.0,17.85,0.163,0.0,0.0,Post_Harvest,0.0,
2016-01-09,0.000214278,0.030656719,,-12.09523673,4.1,0.277114937,0.277022995,0.0,Post-Harvest,0.0,17.85,0.163,0.0,0.0,Post_Harvest,0.0,
2016-01-10,0.0,0.0,,-12.01043891,4.1,0.277114937,0.277053642,0.0,Post-Harvest,0.0,17.85,0.163,0.0,0.0,Post_Harvest,0.0,
2016-01-11,0.0,0.0,0.257820838,-11.92564109,4.1,0.257820838,0.27432799,0.0,Post-Harvest,0.0,17.24,0.257,-0.019294099,0.0,Post_Harvest,0.0,
2016-01-12,0.0,0.0,,-11.7900841,4.1,0.257820838,0.271602337,0.0,Post-Harvest,0.0,17.24,0.257,0.0,0.0,Post_Harvest,0.0,
2016-01-13,0.254650675,3.1251273,,-11.65452712,4.1,0.257820838,0.268846037,0.0,Post-Harvest,0.0,17.24,0.257,0.0,0.0,Post_Harvest,0.0,
2016-01-14,0.0,0.0,,-11.51897013,4.1,0.257820838,0.266089737,0.0,Post-Harvest,0.0,17.24,0.257,0.0,0.0,Post_Harvest,0.0,
2016-01-15,0.0,0.0,,-11.38341315,4.1,0.257820838,0.263333437,0.0,Post-Harvest,0.0,17.24,0.257,0.0,0.0,Post_Harvest,0.0,
2016-01-16,0.0,0.118432854,0.211372659,-11.24785616,4.1,0.211372659,0.253941683,0.0,Post-Harvest,0.0,16.9,0.214,-0.046448179,0.0,Post_Harvest,0.0,
2016-01-17,0.0,0.136443955,,-11.23273527,4.1,0.211372659,0.244549929,0.0,Post-Harvest,0.0,16.9,0.214,0.0,0.0,Post_Harvest,0.0,
2016-01-18,0.029311438,0.24614475,,-11.21761437,4.1,0.211372659,0.237914475,0.0,Post-Harvest,0.0,16.9,0.214,0.0,0.0,Post_Harvest,0.0,
2016-01-19,6.527208433,2.734752086,,-11.20249348,4.1,0.211372659,0.231279021,0.0,Post-Harvest,0.0,16.9,0.214,0.0,0.0,Post_Harvest,0.0,
2016-01-20,4.537821498,3.112313061,,-11.18737258,4.1,0.211372659,0.224643567,0.0,Post-Harvest,0.0,16.9,0.214,0.0,0.0,Post_Harvest,0.0,
2016-01-21,0.008886119,0.0,0.257481019,-11.17225169,4.1,0.257481019,0.224595021,0.0,Post-Harvest,0.0,17.03,0.291,0.04610836,0.0,Post_Harvest,0.0,
2016-01-22,0.0,0.0,,-11.1385138,4.1,0.257481019,0.224546476,0.0,Post-Harvest,0.0,17.03,0.291,0.0,0.0,Post_Harvest,0.0,
2016-01-23,0.0,0.164364553,,-11.1047759,4.1,0.257481019,0.231133384,0.0,Post-Harvest,0.0,17.03,0.291,0.0,0.0,Post_Harvest,0.0,
2016-01-24,0.0,0.116261549,,-11.07103801,4.1,0.257481019,0.237720293,0.0,Post-Harvest,0.0,17.03,0.291,0.0,0.0,Post_Harvest,0.0,
2016-01-25,0.0,0.0,,-11.03730012,4.1,0.257481019,0.244307202,0.0,Post-Harvest,0.0,17.03,0.291,0.0,0.0,Post_Harvest,0.0,
2016-01-26,0.000911298,0.235227518,0.257371289,-11.00356223,4.1,0.257371289,0.250878435,0.0,Post-Harvest,0.0,15.31,0.228,-0.00010973,0.0,Post_Harvest,0.0,
2016-01-27,0.0,0.210271679,,-11.0088025,4.1,0.257371289,0.257449667,0.0,Post-Harvest,0.0,15.31,0.228,0.0,0.0,Post_Harvest,0.0,
2016-01-28,0.0,0.228378518,,-11.01404278,4.1,0.257371289,0.257433992,0.0,Post-Harvest,0.0,15.31,0.228,0.0,0.0,Post_Harvest,0.0,
2016-01-29,0.0,0.445126272,,-11.01928305,4.1,0.257371289,0.257418316,0.0,Post-Harvest,0.0,15.31,0.228,0.0,0.0,Post_Harvest,0.0,
2016-01-30,0.0,0.179733563,,-11.02452333,4.1,0.257371289,0.25740264,0.0,Post-Harvest,0.0,15.31,0.228,0.0,0.0,Post_Harvest,0.0,
2016-01-31,0.0,0.007658675,0.453477775,-11.0297636,4.1,0.453477775,0.285402177,0.0,Post-Harvest,0.0,17.35,0.21,0.196106486,0.0,Mature,0.0,
2016-02-01,0.006467231,0.049784697,,-10.94843814,4.1,0.453477775,0.313401714,0.0,Mature,0.0,17.35,0.21,0.0,0.0,Mature,0.0,
2016-02-02,0.0,0.00170632,,-10.86711268,4.1,0.453477775,0.341416926,0.0,Mature,0.0,17.35,0.21,0.0,0.0,Mature,0.0,
2016-02-03,0.0,0.0,,-10.78578723,4.1,0.453477775,0.369432138,0.0,Mature,0.0,17.35,0.21,0.0,0.0,Mature,0.0,
2016-02-04,0.0,0.0,,-10.70446177,4.1,0.453477775,0.39744735,0.0,Mature,0.0,17.35,0.21,0.0,0.0,Mature,0.0,
2016-02-05,0.0,0.0,0.448454363,-10.62313631,4.1,0.448454363,0.424744932,0.0,Mature,0.0,17.03,0.209,-0.005023412,0.0,Mature,0.0,
2016-02-06,0.0,0.0,,-10.66058244,4.1,0.448454363,0.452042514,0.0,Mature,0.0,17.03,0.209,0.0,0.0,Mature,0.0,
2016-02-07,0.0,0.0,,-10.69802857,4.1,0.448454363,0.451324884,0.0,Mature,0.0,17.03,0.209,0.0,0.0,Mature,0.0,
2016-02-08,1.311621602,2.898453471,,-10.7354747,4.1,0.448454363,0.450607254,0.0,Mature,0.0,17.03,0.209,0.0,0.0,Mature,0.0,
2016-02-09,0.0,0.0,,-10.77292082,4.1,0.448454363,0.449889624,0.0,Mature,0.0,17.03,0.209,0.0,0.0,Mature,0.0,
2016-02-10,0.0,0.038969156,0.473210133,-10.81036695,4.1,0.473210133,0.452708532,0.0,Mature,0.0,19.45,0.214,0.02475577,0.0,Mature,0.0,
2016-02-11,0.363020594,0.0,,-10.78522552,4.1,0.473210133,0.45552744,0.0,Mature,0.0,19.45,0.214,0.0,0.0,Mature,0.0,
2016-02-12,0.0,0.0,,-10.76008409,4.1,0.473210133,0.459063979,0.0,Mature,0.0,19.45,0.214,0.0,0.0,Mature,0.0,
2016-02-13,0.0,0.0,,-10.73494266,4.1,0.473210133,0.462600518,0.0,Mature,0.0,19.45,0.214,0.0,0.0,Mature,0.0,
2016-02-14,0.0,0.0,,-10.70980123,4.1,0.473210133,0.466137056,0.0,Mature,0.0,19.45,0.214,0.0,0.0,Mature,0.0,
2016-02-15,0.0,0.0,0.553727098,-10.6846598,4.1,0.553727098,0.481176018,0.0,Mature,0.0,21.21,0.234,0.080516965,0.0,Mature,0.0,
2016-02-16,0.0,0.127300923,,-10.74155761,4.1,0.553727098,0.496214981,0.0,Mature,0.0,21.21,0.234,0.0,0.0,Mature,0.0,
2016-02-17,0.0,0.0,,-10.79845542,4.1,0.553727098,0.507717404,0.0,Mature,0.0,21.21,0.234,0.0,0.0,Mature,0.0,
2016-02-18,0.0,0.0,,-10.85535323,4.1,0.553727098,0.519219828,0.0,Mature,0.0,21.21,0.234,0.0,0.0,Mature,0.0,
2016-02-19,0.0,0.0,,-10.91225104,4.1,0.553727098,0.530722251,0.0,Mature,0.0,21.21,0.234,0.0,0.0,Mature,0.0,
2016-02-20,0.019736641,0.066449714,0.553321219,-10.96914885,4.1,0.553321219,0.542166692,0.0,Mature,0.0,23.99,0.189,-0.000405879,0.0,Mature,0.0,
2016-02-21,0.361598496,0.047351634,,-11.05074191,4.1,0.553321219,0.553611133,0.0,Mature,0.0,23.99,0.189,0.0,0.0,Mature,0.0,
2016-02-22,0.0,0.0,,-11.13233498,4.1,0.553321219,0.55355315,0.0,Mature,0.0,23.99,0.189,0.0,0.0,Mature,0.0,
2016-02-23,0.0,0.0,,-11.21392804,4.1,0.553321219,0.553495167,0.0,Mature,0.0,23.99,0.189,0.0,0.0,Mature,0.0,
2016-02-24,8.933255207,0.0,,-11.29552111,4.1,0.553321219,0.553437185,0.0,Mature,0.0,23.99,0.189,0.0,0.0,Mature,0.0,
2016-02-25,0.0,0.0,0.556632087,-11.37711417,4.1,0.556632087,0.553852183,0.0,Mature,0.0,20.23,0.357,0.003310868,0.0,Mature,0.0,
2016-02-26,1.949781599,3.084449274,,-11.37711417,4.1,0.556632087,0.554267181,0.0,Mature,0.0,20.23,0.357,0.0,0.0,Mature,0.0,
2016-02-27,0.0,0.022365574,,-11.37711417,4.1,0.556632087,0.554740162,0.0,Mature,0.0,20.23,0.357,0.0,0.0,Mature,0.0,
2016-02-28,0.0,0.651220173,,-11.37711417,4.1,0.556632087,0.555213144,0.0,Mature,0.0,20.23,0.357,0.0,0.0,Mature,0.0,
2016-02-29,0.0,0.313923616,,-11.37711417,4.1,0.556632087,0.555686125,0.0,Mature,0.0,20.23,0.357,0.0,0.0,Mature,0.0,
2016-03-01,0.0,0.022270353,0.561241673,-11.37711417,4.1,0.561241673,0.556817618,0.0,Mature,0.0,22.29,0.243,0.004609586,0.0,Mature,0.0,
2016-03-02,0.0,0.013366413,,-11.46122843,4.1,0.561241673,0.557949111,0.0,Mature,0.0,22.29,0.243,0.0,0.0,Mature,0.0,
2016-03-03,0.0,0.033641317,,-11.54534269,4.1,0.561241673,0.558607624,0.0,Mature,0.0,22.29,0.243,0.0,0.0,Mature,0.0,
2016-03-04,0.0,0.0,,-11.62945695,4.1,0.561241673,0.559266136,0.0,Mature,0.0,22.29,0.243,0.0,0.0,Mature,0.0,
2016-03-05,0.0,0.024006828,,-11.71357121,4.1,0.561241673,0.559924648,0.0,Mature,0.0,22.29,0.243,0.0,0.0,Mature,0.0,
2016-03-06,1.592854997,2.587383873,0.463262671,-11.79768546,4.1,0.463262671,0.54658616,0.0,Mature,0.0,24.22,0.242,-0.097979002,0.0,Mature,0.0,
2016-03-07,0.0,0.000995036,,-11.85003002,4.1,0.463262671,0.533247672,0.0,Mature,0.0,24.22,0.242,0.0,0.0,Mature,0.0,
2016-03-08,0.00140329,0.001024596,,-11.90237457,4.1,0.463262671,0.519250672,0.0,Mature,0.0,24.22,0.242,0.0,0.0,Mature,0.0,
2016-03-09,0.0,0.0,,-11.95471912,4.1,0.463262671,0.505253672,0.0,Mature,0.0,24.22,0.242,0.0,0.0,Mature,0.0,
2016-03-10,0.0,0.013341364,,-12.00706368,4.1,0.463262671,0.491256671,0.0,Mature,0.0,24.22,0.242,0.0,0.0,Mature,0.0,
2016-03-11,0.0,0.09095471,0.463262671,-12.05940823,4.1,0.463262671,0.477259671,0.0,Mature,0.0,25.15,0.201,0.0,0.0,Mature,0.0,
2016-03-12,0.0,0.008416042,,-11.83805653,4.1,0.463262671,0.463262671,0.0,Mature,0.0,25.15,0.201,0.0,0.0,Mature,0.0,
2016-03-13,0.000168509,0.048474246,,-11.61670484,4.1,0.463262671,0.463262671,0.0,Mature,0.0,25.15,0.201,0.0,0.0,Mature,0.0,
2016-03-14,0.147958884,0.397045367,,-11.39535314,4.1,0.463262671,0.463262671,0.0,Mature,0.0,25.15,0.201,0.0,0.0,Mature,0.0,
2016-03-15,0.000168648,0.002474777,,-11.17400145,4.1,0.463262671,0.463262671,0.0,Mature,0.0,25.15,0.201,0.0,0.0,Mature,0.0,
2016-03-16,0.0,0.027192521,0.491352083,-10.95264975,4.1,0.491352083,0.467275444,0.0,Mature,0.0,24.21,0.175,0.028089413,0.0,Mature,0.0,
2016-03-17,0.011877221,0.01803977,,-10.94208273,4.1,0.491352083,0.471288217,0.0,Mature,0.0,24.21,0.175,0.0,0.0,Mature,0.0,
2016-03-18,0.0,0.0,,-10.93151572,4.1,0.491352083,0.475300991,0.0,Mature,0.0,24.21,0.175,0.0,0.0,Mature,0.0,
2016-03-19,1.505747841,3.274989557,,-10.9209487,4.1,0.491352083,0.479313764,0.0,Mature,0.0,24.21,0.175,0.0,0.0,Mature,0.0,
2016-03-20,2.386627318,2.352561756,,-10.91038168,4.1,0.491352083,0.483326537,0.0,Mature,0.0,24.21,0.175,0.0,0.0,Mature,0.0,
2016-03-21,2.426367713,2.114517425,0.276062533,-10.89981466,4.1,0.276062533,0.45658366,0.0,Mature,0.0,22.55,0.398,-0.21528955,0.0,Post_Harvest,0.0,
2016-03-22,0.0,0.139561813,,-10.83057526,4.1,0.276062533,0.429840783,0.0,Mature,0.0,22.55,0.398,0.0,0.0,Post_Harvest,0.0,
2016-03-23,0.0,0.0,,-10.76133586,4.1,0.276062533,0.399085133,0.0,Mature,0.0,22.55,0.398,0.0,0.0,Post_Harvest,0.0,
2016-03-24,0.0,0.001511164,,-10.69209645,4.1,0.276062533,0.368329483,0.0,Mature,0.0,22.55,0.398,0.0,0.0,Post_Harvest,0.0,
2016-03-25,0.0,0.009778903,,-10.62285705,4.1,0.276062533,0.337573833,0.0,Mature,0.0,22.55,0.398,0.0,0.0,Post_Harvest,0.0,
2016-03-26,0.0,0.003769973,0.355556606,-10.55361764,4.1,0.355556606,0.318174479,0.0,Mature,0.0,25.2,0.295,0.079494073,0.0,Mature,0.0,
2016-03-27,7.607758524,29.26066274,,-10.52579606,4.1,0.355556606,0.298775125,0.0,Post-Harvest,0.0,25.2,0.295,0.0,0.0,Mature,0.0,
2016-03-28,33.11733873,24.00109084,,-10.49797449,4.1,0.355556606,0.310131422,0.0,Mature,0.0,25.2,0.295,0.0,0.0,Mature,0.0,
2016-03-29,5.267089117,2.152825399,,-10.47015291,4.1,0.355556606,0.321487718,0.0,Mature,0.0,25.2,0.295,0.0,0.0,Mature,0.0,
2016-03-30,1.080755562,0.884740624,,-10.44233133,4.1,0.355556606,0.332844014,0.0,Mature,0.0,25.2,0.295,0.0,0.0,Mature,0.0,
2016-03-31,29.43520924,11.48393392,0.355553372,-10.41450975,4.1,0.355553372,0.344199848,0.0,Mature,0.0,21.83,0.427,-3.23e-06,0.0,Mature,0.0,
2016-04-01,0.192777599,0.212670295,,-10.52814692,4.1,0.355553372,0.355555682,0.0,Mature,0.0,21.83,0.427,0.0,0.0,Mature,0.0,
2016-04-02,0.859727609,0.056498197,,-10.64178408,4.1,0.355553372,0.35555522,0.0,Mature,0.0,21.83,0.427,0.0,0.0,Mature,0.0,
2016-04-03,12.38783922,0.166781745,,-10.75542124,4.1,0.355553372,0.355554758,0.0,Mature,0.0,21.83,0.427,0.0,0.0,Mature,0.0,
2016-04-04,29.26713367,8.613246948,,-10.86905841,4.1,0.355553372,0.355554296,0.0,Mature,0.0,21.83,0.427,0.0,0.0,Mature,0.0,
2016-04-05,42.46456054,97.91864977,0.216201059,-10.98269557,4.1,0.216201059,0.335646361,0.0,Mature,0.0,22.51,0.431,-0.139352312,0.0,Growing,0.0,
2016-04-06,34.15656102,52.10540991,,-11.07338576,4.1,0.216201059,0.315738425,0.0,Mature,0.0,22.51,0.431,0.0,0.0,Growing,0.0,
2016-04-07,5.0142627,71.83325267,,-11.16407596,4.1,0.216201059,0.295830952,0.0,Post-Harvest,0.0,22.51,0.431,0.0,0.0,Growing,0.0,
2016-04-08,0.615498363,6.661979509,,-11.25476616,5.634,0.216201059,0.275923479,0.0,Post-Harvest,0.0,22.51,0.431,0.0,0.0,Growing,0.0,
2016-04-09,24.10913622,4.079966369,,-11.34545635,5.634,0.216201059,0.256016006,0.0,Post-Harvest,0.0,22.51,0.431,0.0,0.0,Growing,0.0,
2016-04-10,0.018000603,0.004817708,0.232793856,-11.43614655,5.634,0.232793856,0.238478932,0.0,Post-Harvest,0.0,27.23,0.413,0.016592797,0.0,Growing,0.0,
2016-04-11,0.0,19.74818216,,-11.55418475,5.634,0.232793856,0.220941858,0.0,Post-Harvest,0.0,27.23,0.413,0.0,0.0,Growing,0.0,
2016-04-12,0.0,1.973637598,,-11.67222296,5.634,0.232793856,0.223312258,0.0,Post-Harvest,0.0,27.23,0.413,0.0,0.0,Growing,0.0,
2016-04-13,12.07083602,14.04689137,,-11.79026117,5.634,0.232793856,0.225682658,0.0,Post-Harvest,0.0,27.23,0.413,0.0,0.0,Growing,0.0,
2016-04-14,45.26314771,72.49064953,,-11.90829937,5.634,0.232793856,0.228053057,0.0,Post-Harvest,0.0,27.23,0.413,0.0,0.0,Growing,0.0,
2016-04-15,5.676042671,28.84703841,0.132674259,-12.02633758,5.634,0.132674259,0.216120657,0.0,Post-Harvest,0.0,23.31,0.429,-0.100119597,0.0,Growing,0.0,
2016-04-16,72.55823204,44.48787044,,-12.36460665,5.634,0.132674259,0.204188257,0.0,Post-Harvest,0.0,23.31,0.429,0.0,0.0,Growing,0.0,
2016-04-17,60.71218089,44.36259135,,-12.70287573,5.634,0.132674259,0.189885457,0.0,Post-Harvest,0.0,23.31,0.429,0.0,0.0,Growing,0.0,
2016-04-18,7.584831948,23.29295726,,-13.0411448,5.634,0.132674259,0.175582658,0.0,Post-Harvest,0.0,23.31,0.429,0.0,0.0,Growing,0.0,
2016-04-19,39.04185013,16.12819445,,-13.37941387,5.634,0.132674259,0.161279858,0.0,Post-Harvest,0.0,23.31,0.429,0.0,0.0,Growing,0.0,
2016-04-20,82.22094338,24.5885632,0.176887631,-13.71768294,5.634,0.176887631,0.153293255,0.0,Post-Harvest,0.0,25.08,0.428,0.044213372,0.0,Growing,0.0,
2016-04-21,107.0170874,57.19476697,,-13.77793139,5.634,0.176887631,0.145306651,0.0,Post-Harvest,0.0,25.08,0.428,0.0,0.0,Growing,0.0,
2016-04-22,9.653359492,11.63238093,,-13.83817984,5.634,0.176887631,0.151622847,0.0,Post-Harvest,0.0,25.08,0.428,0.0,0.0,Growing,0.0,
2016-04-23,0.041591801,32.60610049,,-13.89842829,5.634,0.176887631,0.157939043,0.0,Post-Harvest,0.0,25.08,0.428,0.0,0.0,Growing,0.0,
2016-04-24,0.03356651,4.215433444,,-13.95867674,5.634,0.176887631,0.164255239,0.0,Post-Harvest,0.0,25.08,0.428,0.0,0.0,Growing,0.0,
2016-04-25,6.553878805,4.095161065,0.131973778,-14.01892518,5.634,0.131973778,0.16415517,0.0,Post-Harvest,0.0,26.19,0.428,-0.044913853,0.0,Growing,0.0,
2016-04-26,31.38241182,29.26685994,,-13.81164426,5.634,0.131973778,0.164055101,0.0,Post-Harvest,0.0,26.19,0.428,0.0,0.0,Growing,0.0,
2016-04-27,30.24650101,22.66662135,,-13.60436333,5.634,0.131973778,0.157638837,0.0,Post-Harvest,0.0,26.19,0.428,0.0,0.0,Growing,0.0,
2016-04-28,5.492678651,9.092031363,,-13.3970824,5.634,0.131973778,0.151222572,0.0,Post-Harvest,0.0,26.19,0.428,0.0,0.0,Growing,0.0,
2016-04-29,8.009256321,9.114904156,,-13.18980147,5.634,0.131973778,0.144806307,0.0,Post-Harvest,0.0,26.19,0.428,0.0,0.0,Growing,0.0,
2016-04-30,1.488573,12.93572783,0.126266407,-12.98252055,5.634,0.126266407,0.137574704,0.0,Post-Harvest,0.0,25.96,0.422,-0.00570737,0.0,Growing,0.0,
2016-05-01,31.72689932,55.92732888,,-13.21263333,5.634,0.126266407,0.1303431,0.0,Post-Harvest,0.0,25.96,0.422,0.0,0.0,Growing,0.0,
2016-05-02,1.246963016,15.21053976,,-13.44274612,5.634,0.126266407,0.129527762,0.0,Post-Harvest,0.0,25.96,0.422,0.0,0.0,Growing,0.0,
2016-05-03,28.18940122,18.70184349,,-13.6728589,5.634,0.126266407,0.128712423,0.0,Post-Harvest,0.0,25.96,0.422,0.0,0.0,Growing,0.0,
2016-05-04,21.07885853,23.68609011,,-13.90297169,5.634,0.126266407,0.127897085,0.0,Post-Harvest,0.0,25.96,0.422,0.0,0.0,Growing,0.0,
2016-05-05,16.09782433,10.48709369,0.150626935,-14.13308448,6.421,0.150626935,0.130561821,0.0,Post-Harvest,0.0,24.68,0.426,0.024360527,0.0,Growing,0.0,
2016-05-06,10.33894562,16.2714561,,-13.98302902,6.421,0.150626935,0.133226558,0.0,Post-Harvest,0.0,24.68,0.426,0.0,0.0,Growing,0.0,
2016-05-07,43.68543338,26.14128424,,-13.83297356,6.421,0.150626935,0.136706633,0.0,Post-Harvest,0.0,24.68,0.426,0.0,0.0,Growing,0.0,
2016-05-08,2.006448864,0.018139104,,-13.6829181,6.421,0.150626935,0.140186709,0.0,Post-Harvest,0.0,24.68,0.426,0.0,0.0,Growing,0.0,
2016-05-09,1.615786859,2.614339192,,-13.53286265,6.421,0.150626935,0.143666784,0.0,Post-Harvest,0.0,24.68,0.426,0.0,0.0,Growing,0.0,
2016-05-10,3.065815351,0.465382727,0.108700512,-13.38280719,6.421,0.108700512,0.141157371,0.0,Post-Harvest,0.0,28.25,0.357,-0.041926423,0.0,Post_Harvest,0.0,
2016-05-11,2.359659578,0.444226574,,-13.92868612,6.421,0.108700512,0.138647957,0.0,Post-Harvest,0.0,28.25,0.357,0.0,0.0,Post_Harvest,0.0,
2016-05-12,46.51006486,36.55202936,,-14.47456504,6.421,0.108700512,0.132658468,0.0,Post-Harvest,0.0,28.25,0.357,0.0,0.0,Post_Harvest,0.0,
2016-05-13,16.62507097,23.04429147,,-15.02044397,6.421,0.108700512,0.126668979,0.0,Post-Harvest,0.0,28.25,0.357,0.0,0.0,Post_Harvest,0.0,
2016-05-14,40.9736775,6.064177789,,-15.5663229,6.421,0.108700512,0.12067949,0.0,Post-Harvest,0.0,28.25,0.357,0.0,0.0,Post_Harvest,0.0,
2016-05-15,49.73123829,66.76323545,0.154236937,-16.11220182,6.421,0.154236937,0.121195204,0.0,Post-Harvest,0.0,25.14,0.434,0.045536425,0.0,Growing,0.0,
2016-05-16,16.89897153,36.73877134,,-16.1505677,6.421,0.154236937,0.121710919,0.0,Post-Harvest,0.0,25.14,0.434,0.0,0.0,Growing,0.0,
2016-05-17,29.12726115,103.6623256,,-16.18893357,6.421,0.154236937,0.128216123,0.0,Post-Harvest,0.0,25.14,0.434,0.0,0.0,Growing,0.0,
2016-05-18,71.04805685,53.7466285,,-16.22729945,6.421,0.154236937,0.134721326,0.0,Post-Harvest,0.0,25.14,0.434,0.0,0.0,Growing,0.0,
2016-05-19,3.270374276,1.21679414,,-16.26566533,6.421,0.154236937,0.14122653,0.0,Post-Harvest,0.0,25.14,0.434,0.0,0.0,Growing,0.0,
2016-05-20,8.274562276,11.14296532,0.133426631,-16.3040312,6.421,0.133426631,0.144758832,0.0,Post-Harvest,0.0,24.74,0.431,-0.020810306,0.0,Growing,0.0,
2016-05-21,40.94031112,49.84637648,,-16.06352068,6.421,0.133426631,0.148291135,0.0,Post-Harvest,0.0,24.74,0.431,0.0,0.0,Growing,0.0,
2016-05-22,2.411085644,0.935562369,,-15.82301016,6.421,0.133426631,0.145318234,0.0,Post-Harvest,0.0,24.74,0.431,0.0,0.0,Growing,0.0,
2016-05-23,5.591360155,0.080088637,,-15.58249964,6.421,0.133426631,0.142345333,0.0,Post-Harvest,0.0,24.74,0.431,0.0,0.0,Growing,0.0,
2016-05-24,10.45196172,1.462565967,,-15.34198913,6.421,0.133426631,0.139372432,0.0,Post-Harvest,0.0,24.74,0.431,0.0,0.0,Growing,0.0,
2016-05-25,4.347491663,0.369265748,0.083282026,-15.10147861,6.421,0.083282026,0.129236016,0.0,Post-Harvest,0.0,25.68,0.429,-0.050144605,0.0,Growing,0.0,
2016-05-26,0.756548087,0.025099976,,-15.10147861,6.421,0.083282026,0.119099601,0.0,Post-Harvest,0.0,25.68,0.429,0.0,0.0,Growing,0.0,
2016-05-27,15.77928891,0.961105822,,-15.10147861,6.421,0.083282026,0.111936086,0.0,Post-Harvest,0.0,25.68,0.429,0.0,0.0,Growing,0.0,
2016-05-28,3.191701076,3.033458261,,-15.10147861,6.421,0.083282026,0.104772571,0.0,Post-Harvest,0.0,25.68,0.429,0.0,0.0,Growing,0.0,
2016-05-29,2.477274541,0.67574609,,-15.10147861,6.421,0.083282026,0.097609056,0.0,Post-Harvest,0.0,25.68,0.429,0.0,0.0,Growing,0.0,
2016-05-30,30.44037793,2.870357875,0.083282026,-15.10147861,6.421,0.083282026,0.090445541,0.0,Post-Harvest,0.0,26.61,0.422,0.0,0.0,Growing,0.0,
2016-05-31,14.26384084,11.94293564,,-14.92403069,6.421,0.083282026,0.083282026,0.0,Post-Harvest,0.0,26.61,0.422,0.0,0.0,Growing,0.0,
2016-06-01,1.116707151,0.021473039,,-14.74658276,6.923,0.083282026,0.083282026,0.0,Post-Harvest,0.0,26.61,0.422,0.0,0.0,Growing,0.0,
2016-06-02,0.393449486,0.036009047,,-14.56913484,6.923,0.083282026,0.083282026,0.0,Post-Harvest,0.0,26.61,0.422,0.0,0.0,Growing,0.0,
2016-06-03,25.17390964,2.59885592,,-14.39168692,6.923,0.083282026,0.083282026,0.0,Post-Harvest,0.0,26.61,0.422,0.0,0.0,Growing,0.0,
2016-06-04,15.30516031,1.824171186,-0.032431653,-14.214239,6.923,-0.032431653,0.0667515,0.0,Post-Harvest,0.0,29.09,0.393,-0.115713679,0.0,Post_Harvest,0.0,
2016-06-05,15.50992198,4.839622817,,-14.36431956,6.923,-0.032431653,0.050220975,0.0,Post-Harvest,0.0,29.09,0.393,0.0,0.0,Post_Harvest,0.0,
2016-06-06,24.75452738,53.37766434,,-14.51440012,6.923,-0.032431653,0.033690449,0.0,Post-Harvest,0.0,29.09,0.393,0.0,0.0,Post_Harvest,0.0,
2016-06-07,16.86482441,25.77895619,,-14.66448068,6.923,-0.032431653,0.017159924,0.0,Post-Harvest,0.0,29.09,0.393,0.0,0.0,Post_Harvest,0.0,
2016-06-08,1.709376138,15.41877851,,-14.81456124,6.923,-0.032431653,0.000629398,0.0,Post-Harvest,0.0,29.09,0.393,0.0,0.0,Post_Harvest,0.0,
2016-06-09,3.108746819,2.612584534,0.037365539,-14.9646418,6.923,0.037365539,-0.0059301,0.0,Post-Harvest,0.0,26.26,0.43,0.069797192,0.0,Growing,0.0,
2016-06-10,1.436997894,1.248700957,,-14.82920274,6.923,0.037365539,-0.012489598,0.0,Post-Harvest,0.0,26.26,0.43,0.0,0.0,Growing,0.0,
2016-06-11,2.056569022,0.028967465,,-14.69376369,6.923,0.037365539,-0.002518571,0.0,Post-Harvest,0.0,26.26,0.43,0.0,0.0,Growing,0.0,
2016-06-12,0.907410818,1.671837108,,-14.55832464,6.923,0.037365539,0.007452457,0.0,Post-Harvest,0.0,26.26,0.43,0.0,0.0,Growing,0.0,
2016-06-13,1.816436565,4.893796515,,-14.42288558,6.923,0.037365539,0.017423484,0.0,Post-Harvest,0.0,26.26,0.43,0.0,0.0,Growing,0.0,
2016-06-14,38.26101915,18.67187384,0.107162731,-14.28744653,6.923,0.107162731,0.037365539,0.0,Post-Harvest,0.0,27.32,0.428,0.069797192,0.0,Growing,0.0,
2016-06-15,11.95015628,22.93077306,,-14.30134149,6.923,0.107162731,0.057307594,0.0,Post-Harvest,0.0,27.32,0.428,0.0,0.0,Growing,0.0,
2016-06-16,10.82832457,14.3149255,,-14.31523644,6.923,0.107162731,0.067278621,0.0,Post-Harvest,0.0,27.32,0.428,0.0,0.0,Growing,0.0,
2016-06-17,5.696094213,21.86079483,,-14.3291314,6.923,0.107162731,0.077249649,0.0,Post-Harvest,0.0,27.32,0.428,0.0,0.0,Growing,0.0,
2016-06-18,23.30622625,11.68275257,,-14.34302636,6.923,0.107162731,0.087220676,0.0,Post-Harvest,0.0,27.32,0.428,0.0,0.0,Growing,0.0,
2016-06-19,26.16409206,32.68261958,0.107162731,-14.35692131,6.923,0.107162731,0.097191704,0.0,Post-Harvest,0.0,27.51,0.429,-1.11e-16,0.0,Growing,0.0,
2016-06-20,58.7670023,65.09593302,,-14.35692131,6.923,0.107162731,0.107162731,0.0,Post-Harvest,0.0,27.51,0.429,0.0,0.0,Growing,0.0,
2016-06-21,59.47716712,37.13035543,,-14.35692131,6.923,0.107162731,0.107162731,1.0,Post-Harvest,3.0,27.51,0.429,0.0,0.0,Growing,0.0,
2016-06-22,56.95440858,66.64015827,,-14.35692131,6.923,0.107162731,0.107162731,1.0,Post-Harvest,3.0,27.51,0.429,0.0,0.0,Growing,0.0,
2016-06-23,120.5494273,69.76216679,,-14.35692131,6.923,0.107162731,0.107162731,1.0,Post-Harvest,3.0,27.51,0.429,0.0,0.0,Growing,0.0,
2016-06-24,9.893875001,7.77703091,0.147315257,-14.35692131,6.923,0.147315257,0.112898806,1.0,Post-Harvest,3.0,26.96,0.432,0.040152526,0.0,Growing,0.0,
2016-06-25,2.925997876,0.2060943,,-14.35692131,6.923,0.147315257,0.118634881,1.0,Post-Harvest,3.0,26.96,0.432,0.0,0.0,Growing,0.0,
2016-06-26,15.40210421,15.59686102,,-14.35692131,6.923,0.147315257,0.124370957,1.0,Post-Harvest,3.0,26.96,0.432,0.0,0.0,Growing,0.0,
2016-06-27,4.113725992,2.882512668,,-14.35692131,6.923,0.147315257,0.130107032,1.0,Post-Harvest,3.0,26.96,0.432,0.0,0.0,Growing,0.0,
2016-06-28,4.094849442,0.198080955,,-14.35692131,7.204,0.147315257,0.135843107,1.0,Post-Harvest,3.0,26.96,0.432,0.0,0.0,Growing,0.0,
2016-06-29,10.05108445,9.854200899,0.147315257,-14.35692131,7.204,0.147315257,0.141579182,1.0,Post-Harvest,3.0,29.18,0.411,0.0,0.0,Growing,0.0,
2016-06-30,16.47131629,8.355380407,,-14.76082076,7.204,0.147315257,0.147315257,1.0,Post-Harvest,3.0,29.18,0.411,0.0,0.0,Growing,0.0,
2016-07-01,8.192003361,6.704377093,,-15.1647202,7.204,0.147315257,0.147315257,1.0,Post-Harvest,3.0,29.18,0.411,0.0,0.0,Growing,0.0,
2016-07-02,22.88973265,16.95467772,,-15.56861965,7.204,0.147315257,0.147315257,1.0,Post-Harvest,3.0,29.18,0.411,0.0,0.0,Growing,0.0,
2016-07-03,52.2335929,41.06246856,,-15.9725191,7.204,0.147315257,0.147315257,1.0,Post-Harvest,3.0,29.18,0.411,0.0,0.0,Growing,0.0,
2016-07-04,23.62502865,2.226211775,0.132329175,-16.37641854,7.204,0.132329175,0.145174388,1.0,Post-Harvest,3.0,25.18,0.436,-0.014986082,1.0,Growing,1.0,
2016-07-05,11.90962933,5.128817453,,-16.4842051,7.204,0.132329175,0.143033519,1.0,Post-Harvest,3.0,25.18,0.436,0.0,1.0,Growing,1.0,
2016-07-06,2.892999736,1.170533729,,-16.59199166,7.204,0.132329175,0.14089265,1.0,Post-Harvest,3.0,25.18,0.436,0.0,1.0,Growing,1.0,
2016-07-07,24.97701893,6.701070878,,-16.69977822,7.204,0.132329175,0.138751781,1.0,Post-Harvest,3.0,25.18,0.436,0.0,1.0,Growing,1.0,
2016-07-08,93.258622,46.36321819,,-16.80756478,7.204,0.132329175,0.136610913,1.0,Post-Harvest,3.0,25.18,0.436,0.0,1.0,Growing,1.0,
2016-07-09,36.61060468,14.46342135,0.132329175,-16.91535133,7.204,0.132329175,0.134470044,1.0,Post-Harvest,3.0,27.68,0.433,0.0,1.0,Growing,1.0,
2016-07-10,7.665123136,7.385633688,,-16.9438274,7.204,0.132329175,0.132329175,1.0,Post-Harvest,3.0,27.68,0.433,0.0,1.0,Growing,1.0,
2016-07-11,6.948038262,1.589382445,,-16.97230347,7.204,0.132329175,0.132329175,1.0,Post-Harvest,3.0,27.68,0.433,0.0,1.0,Growing,1.0,
2016-07-12,1.952453574,0.10140861,,-17.00077954,7.204,0.132329175,0.132329175,1.0,Post-Harvest,3.0,27.68,0.433,0.0,1.0,Growing,1.0,
2016-07-13,33.97738698,6.173053998,,-17.0292556,7.204,0.132329175,0.132329175,1.0,Post-Harvest,3.0,27.68,0.433,0.0,1.0,Growing,1.0,
2016-07-14,35.98268971,4.822495425,0.222866603,-17.05773167,7.204,0.222866603,0.145263093,1.0,Post-Harvest,3.0,27.82,0.427,0.090537428,1.0,Growing,1.0,
2016-07-15,17.5984832,7.129015843,,-17.12653428,7.204,0.222866603,0.158197011,1.0,Post-Harvest,3.0,27.82,0.427,0.0,1.0,Growing,1.0,
2016-07-16,20.41935869,14.91105137,,-17.19533689,7.204,0.222866603,0.17113093,1.0,Post-Harvest,3.0,27.82,0.427,0.0,1.0,Growing,1.0,
2016-07-17,55.49970683,15.07423516,,-17.2641395,7.204,0.222866603,0.184064848,1.0,Post-Harvest,3.0,27.82,0.427,0.0,1.0,Growing,1.0,
2016-07-18,79.98052249,244.0484555,,-17.3329421,7.204,0.222866603,0.196998766,1.0,Post-Harvest,3.0,27.82,0.427,0.0,1.0,Growing,1.0,
2016-07-19,52.9304891,145.6647014,0.313404031,-17.40174471,7.204,0.313404031,0.222866603,1.0,Post-Harvest,3.0,26.05,0.434,0.090537428,1.0,Mature,2.0,
2016-07-20,184.8349119,216.9539996,,-17.24805559,7.204,0.313404031,0.24873444,1.0,Post-Harvest,3.0,26.05,0.434,0.0,1.0,Mature,2.0,
2016-07-21,24.80577183,17.92167487,,-17.09436647,7.204,0.313404031,0.261668358,1.0,Post-Harvest,3.0,26.05,0.434,0.0,1.0,Mature,2.0,
2016-07-22,67.94241464,103.6892675,,-16.94067734,7.204,0.313404031,0.274602276,1.0,Post-Harvest,3.0,26.05,0.434,0.0,1.0,Mature,2.0,
2016-07-23,37.46381601,39.60318299,,-16.78698822,7.204,0.313404031,0.287536195,1.0,Post-Harvest,3.0,26.05,0.434,0.0,1.0,Mature,2.0,
2016-07-24,96.3202297,53.07263398,0.313404031,-16.63329909,7.204,0.313404031,0.300470113,1.0,Mature,2.0,25.46,0.434,0.0,1.0,Mature,2.0,
2016-07-25,58.41428839,59.54569192,,-16.57675024,9.14,0.313404031,0.313404031,1.0,Mature,2.0,25.46,0.434,0.0,1.0,Mature,2.0,
2016-07-26,10.62018748,4.456963315,,-16.52020138,9.14,0.313404031,0.313404031,1.0,Mature,2.0,25.46,0.434,0.0,1.0,Mature,2.0,
2016-07-27,10.81169175,3.939400251,,-16.46365252,9.14,0.313404031,0.313404031,1.0,Mature,2.0,25.46,0.434,0.0,1.0,Mature,2.0,
2016-07-28,4.950773742,6.676149535,,-16.40710366,9.14,0.313404031,0.313404031,1.0,Mature,2.0,25.46,0.434,0.0,1.0,Mature,2.0,
2016-07-29,5.910298538,9.383263583,0.313404031,-16.35055481,9.14,0.313404031,0.313404031,1.0,Mature,2.0,27.07,0.425,0.0,1.0,Mature,2.0,
2016-07-30,5.985327066,2.564837959,,-16.16951441,9.14,0.313404031,0.313404031,1.0,Mature,2.0,27.07,0.425,0.0,1.0,Mature,2.0,
2016-07-31,5.794995845,11.37663611,,-15.98847402,9.14,0.313404031,0.313404031,1.0,Mature,2.0,27.07,0.425,0.0,0.0,Mature,0.0,
2016-08-01,4.341205843,1.103033643,,-15.80743363,9.14,0.313404031,0.313404031,1.0,Mature,2.0,27.07,0.425,0.0,0.0,Mature,0.0,
2016-08-02,3.485229726,0.106833059,,-15.62639324,9.14,0.313404031,0.313404031,1.0,Mature,2.0,27.07,0.425,0.0,0.0,Mature,0.0,
2016-08-03,8.109932045,11.35297759,0.393763955,-15.44535284,9.14,0.393763955,0.324884021,1.0,Mature,2.0,29.61,0.416,0.080359924,0.0,Mature,0.0,
2016-08-04,46.09034692,49.91316715,,-15.40810893,9.14,0.393763955,0.33636401,1.0,Mature,2.0,29.61,0.416,0.0,0.0,Mature,0.0,
2016-08-05,18.37542159,20.80595365,,-15.37086502,9.14,0.393763955,0.347843999,1.0,Mature,2.0,29.61,0.416,0.0,0.0,Mature,0.0,
2016-08-06,2.016288786,0.987368979,,-15.3336211,9.14,0.393763955,0.359323988,1.0,Mature,2.0,29.61,0.416,0.0,0.0,Mature,0.0,
2016-08-07,6.401595625,4.266698001,,-15.29637719,9.14,0.393763955,0.370803977,1.0,Mature,2.0,29.61,0.416,0.0,0.0,Mature,0.0,
2016-08-08,12.55131202,16.33781593,0.179416394,-15.25913327,9.14,0.179416394,0.351662886,1.0,Mature,2.0,28.12,0.42,-0.214347561,0.0,Growing,0.0,
2016-08-09,12.20096751,2.883889914,,-15.17553565,9.14,0.179416394,0.332521795,1.0,Mature,2.0,28.12,0.42,0.0,0.0,Growing,0.0,
2016-08-10,16.30371408,5.134063058,,-15.09193803,9.14,0.179416394,0.301900715,1.0,Mature,2.0,28.12,0.42,0.0,0.0,Growing,0.0,
2016-08-11,5.554471622,1.457612846,,-15.0083404,9.14,0.179416394,0.271279635,1.0,Post-Harvest,3.0,28.12,0.42,0.0,0.0,Growing,0.0,
2016-08-12,24.13702478,25.40278559,,-14.92474278,9.14,0.179416394,0.240658555,1.0,Post-Harvest,3.0,28.12,0.42,0.0,0.0,Growing,0.0,
2016-08-13,9.851243756,16.69066106,0.179416394,-14.84114516,9.14,0.179416394,0.210037474,1.0,Post-Harvest,3.0,27.65,0.431,-1.11e-16,0.0,Growing,0.0,
2016-08-14,5.809194608,2.011931457,,-14.93327898,9.14,0.179416394,0.179416394,1.0,Post-Harvest,3.0,27.65,0.431,0.0,0.0,Growing,0.0,
2016-08-15,20.83880004,24.12526063,,-15.02541281,9.14,0.179416394,0.179416394,1.0,Post-Harvest,3.0,27.65,0.431,0.0,0.0,Growing,0.0,
2016-08-16,6.363734839,2.098740454,,-15.11754663,9.14,0.179416394,0.179416394,1.0,Post-Harvest,3.0,27.65,0.431,0.0,0.0,Growing,0.0,
2016-08-17,7.380756581,17.01665017,,-15.20968046,9.14,0.179416394,0.179416394,1.0,Post-Harvest,3.0,27.65,0.431,0.0,0.0,Growing,0.0,
2016-08-18,6.896982984,0.35065931,0.181186671,-15.30181428,9.14,0.181186671,0.179669291,1.0,Post-Harvest,3.0,28.56,0.415,0.001770277,0.0,Growing,0.0,
2016-08-19,0.723057866,0.0,,-15.2674531,9.14,0.181186671,0.179922188,1.0,Post-Harvest,3.0,28.56,0.415,0.0,0.0,Growing,0.0,
2016-08-20,1.533716892,1.879664305,,-15.23309192,9.14,0.181186671,0.180175084,0.0,Post-Harvest,0.0,28.56,0.415,0.0,0.0,Growing,0.0,
2016-08-21,3.917638518,3.729845258,,-15.19873073,6.697,0.181186671,0.180427981,0.0,Post-Harvest,0.0,28.56,0.415,0.0,0.0,Growing,0.0,
2016-08-22,1.316907498,0.035417238,,-15.16436955,6.697,0.181186671,0.180680878,0.0,Post-Harvest,0.0,28.56,0.415,0.0,0.0,Growing,0.0,
2016-08-23,3.719207183,1.068332258,0.158750187,-15.13000836,6.697,0.158750187,0.177728562,0.0,Post-Harvest,0.0,28.56,0.379,-0.022436484,0.0,Post_Harvest,0.0,
2016-08-24,1.197732846,0.011928164,,-15.11024517,6.697,0.158750187,0.174776247,0.0,Post-Harvest,0.0,28.56,0.379,0.0,0.0,Post_Harvest,0.0,
2016-08-25,11.49482592,16.5181325,,-15.09048197,6.697,0.158750187,0.171571035,0.0,Post-Harvest,0.0,28.56,0.379,0.0,0.0,Post_Harvest,0.0,
2016-08-26,2.147110563,0.012148432,,-15.07071877,6.697,0.158750187,0.168365823,0.0,Post-Harvest,0.0,28.56,0.379,0.0,0.0,Post_Harvest,0.0,
2016-08-27,2.317343055,0.435148468,,-15.05095558,6.697,0.158750187,0.165160611,0.0,Post-Harvest,0.0,28.56,0.379,0.0,0.0,Post_Harvest,0.0,
2016-08-28,14.07245882,3.640345608,0.024825924,-15.03119238,6.697,0.024825924,0.142823361,0.0,Post-Harvest,0.0,27.61,0.428,-0.133924263,0.0,Growing,0.0,
2016-08-29,11.23754841,0.76725968,,-15.07853143,6.697,0.024825924,0.120486112,0.0,Post-Harvest,0.0,27.61,0.428,0.0,0.0,Growing,0.0,
2016-08-30,55.96592856,30.88270484,,-15.12587048,6.697,0.024825924,0.101354074,0.0,Post-Harvest,0.0,27.61,0.428,0.0,0.0,Growing,0.0,
2016-08-31,69.72743316,80.69831567,,-15.17320953,6.697,0.024825924,0.082222037,0.0,Post-Harvest,0.0,27.61,0.428,0.0,0.0,Growing,0.0,
2016-09-01,101.9327742,110.8491032,,-15.22054858,6.697,0.024825924,0.063089999,0.0,Post-Harvest,0.0,27.61,0.428,0.0,0.0,Growing,0.0,
2016-09-02,14.74607691,43.67556692,0.024825924,-15.26788763,6.697,0.024825924,0.043957961,0.0,Post-Harvest,0.0,26.57,0.433,0.0,0.0,Growing,0.0,
2016-09-03,10.69593372,12.9438409,,-15.30540558,6.697,0.024825924,0.024825924,0.0,Post-Harvest,0.0,26.57,0.433,0.0,0.0,Growing,0.0,
2016-09-04,3.876967759,0.583691259,,-15.34292352,6.697,0.024825924,0.024825924,0.0,Post-Harvest,0.0,26.57,0.433,0.0,0.0,Growing,0.0,
2016-09-05,4.04198662,1.102913253,,-15.38044146,6.697,0.024825924,0.024825924,0.0,Post-Harvest,0.0,26.57,0.433,0.0,0.0,Growing,0.0,
2016-09-06,9.514386876,15.71601148,,-15.41795941,6.697,0.024825924,0.024825924,0.0,Post-Harvest,0.0,26.57,0.433,0.0,0.0,Growing,0.0,
2016-09-07,7.665959259,3.321488936,-0.009348322,-15.45547735,6.697,-0.009348322,0.019943889,0.0,Post-Harvest,0.0,27.98,0.423,-0.034174245,0.0,Growing,0.0,
2016-09-08,7.996191364,4.983952695,,-15.49895859,6.697,-0.009348322,0.015061854,0.0,Post-Harvest,0.0,27.98,0.423,0.0,0.0,Growing,0.0,
2016-09-09,1.963714558,0.0,,-15.54243983,6.697,-0.009348322,0.010179819,0.0,Post-Harvest,0.0,27.98,0.423,0.0,0.0,Growing,0.0,
2016-09-10,13.10313826,0.943284736,,-15.58592107,6.697,-0.009348322,0.005297784,0.0,Post-Harvest,0.0,27.98,0.423,0.0,0.0,Growing,0.0,
2016-09-11,11.65558146,32.61706967,,-15.62940231,6.697,-0.009348322,0.000415749,0.0,Post-Harvest,0.0,27.98,0.423,0.0,0.0,Growing,0.0,
2016-09-12,37.82465184,5.803945327,0.173285755,-15.67288355,6.697,0.173285755,0.021624296,0.0,Post-Harvest,0.0,26.67,0.433,0.182634077,0.0,Growing,0.0,
2016-09-13,13.31693981,16.7948367,,-15.52403298,6.697,0.173285755,0.042832843,0.0,Post-Harvest,0.0,26.67,0.433,0.0,0.0,Growing,0.0,
2016-09-14,3.989658475,3.271619667,,-15.3751824,6.697,0.173285755,0.068923426,0.0,Post-Harvest,0.0,26.67,0.433,0.0,0.0,Growing,0.0,
2016-09-15,4.020986055,2.111192606,,-15.22633183,6.697,0.173285755,0.095014008,0.0,Post-Harvest,0.0,26.67,0.433,0.0,0.0,Growing,0.0,
2016-09-16,16.7104715,1.636809851,,-15.07748126,6.697,0.173285755,0.12110459,0.0,Post-Harvest,0.0,26.67,0.433,0.0,0.0,Growing,0.0,
2016-09-17,13.22814521,0.548104549,0.207114252,-14.92863069,6.297,0.207114252,0.152027815,0.0,Post-Harvest,0.0,26.75,0.43,0.033828497,0.0,Growing,0.0,
2016-09-18,8.250028414,5.996730314,,-14.77680032,6.297,0.207114252,0.18295104,0.0,Post-Harvest,0.0,26.75,0.43,0.0,0.0,Growing,0.0,
2016-09-19,4.559182333,5.537876384,,-14.62496995,6.297,0.207114252,0.187783682,0.0,Post-Harvest,0.0,26.75,0.43,0.0,0.0,Growing,0.0,
2016-09-20,10.99553754,32.2103311,,-14.47313958,6.297,0.207114252,0.192616325,0.0,Post-Harvest,0.0,26.75,0.43,0.0,0.0,Growing,0.0,
2016-09-21,25.94962457,10.70205237,,-14.32130921,6.297,0.207114252,0.197448967,0.0,Post-Harvest,0.0,26.75,0.43,0.0,0.0,Growing,0.0,
2016-09-22,21.54512026,19.74422711,0.207114252,-14.16947885,6.297,0.207114252,0.20228161,0.0,Post-Harvest,0.0,27.83,0.419,0.0,0.0,Growing,0.0,
2016-09-23,19.55844163,22.73947735,,-14.28711501,6.297,0.207114252,0.207114252,0.0,Post-Harvest,0.0,27.83,0.419,0.0,0.0,Growing,0.0,
2016-09-24,15.20420383,9.571756466,,-14.40475118,6.297,0.207114252,0.207114252,0.0,Post-Harvest,0.0,27.83,0.419,0.0,0.0,Growing,0.0,
2016-09-25,23.50819226,18.59415333,,-14.52238734,6.297,0.207114252,0.207114252,0.0,Post-Harvest,0.0,27.83,0.419,0.0,0.0,Growing,0.0,
2016-09-26,8.546930493,1.086223807,,-14.6400235,6.297,0.207114252,0.207114252,0.0,Post-Harvest,0.0,27.83,0.419,0.0,0.0,Growing,0.0,
2016-09-27,2.293398841,0.441344142,0.305297357,-14.75765967,6.297,0.305297357,0.22114041,0.0,Post-Harvest,0.0,27.63,0.418,0.098183105,0.0,Mature,0.0,
2016-09-28,3.287192883,16.11264883,,-14.65086755,6.297,0.305297357,0.235166568,0.0,Post-Harvest,0.0,27.63,0.418,0.0,0.0,Mature,0.0,
2016-09-29,12.53488825,0.601313021,,-14.54407544,6.297,0.305297357,0.249192726,0.0,Post-Harvest,0.0,27.63,0.418,0.0,0.0,Mature,0.0,
2016-09-30,1.163638863,0.069286405,,-14.43728332,6.297,0.305297357,0.263218884,0.0,Post-Harvest,0.0,27.63,0.418,0.0,0.0,Mature,0.0,
2016-10-01,3.552513254,1.781808051,,-14.3304912,6.297,0.305297357,0.277245042,0.0,Post-Harvest,0.0,27.63,0.418,0.0,0.0,Mature,0.0,
2016-10-02,22.01361009,45.65731251,0.222415349,-14.22369909,6.297,0.222415349,0.279430913,0.0,Post-Harvest,0.0,27.59,0.42,-0.082882009,0.0,Growing,0.0,
2016-10-03,4.211756631,1.324168396,,-14.45280691,6.297,0.222415349,0.281616784,0.0,Post-Harvest,0.0,27.59,0.42,0.0,0.0,Growing,0.0,
2016-10-04,2.271902278,0.160424909,,-14.68191473,6.297,0.222415349,0.269776497,0.0,Post-Harvest,0.0,27.59,0.42,0.0,0.0,Growing,0.0,
2016-10-05,6.573750768,0.695656239,,-14.91102255,6.297,0.222415349,0.25793621,0.0,Post-Harvest,0.0,27.59,0.42,0.0,0.0,Growing,0.0,
2016-10-06,9.982046832,4.029975452,,-15.14013037,6.297,0.222415349,0.246095923,0.0,Post-Harvest,0.0,27.59,0.42,0.0,0.0,Growing,0.0,
2016-10-07,6.71578275,6.370479639,0.272033448,-15.36923819,6.297,0.272033448,0.241343936,0.0,Post-Harvest,0.0,26.38,0.428,0.0496181,0.0,Growing,0.0,
2016-10-08,36.97963225,40.32614304,,-15.33484561,6.297,0.272033448,0.236591949,0.0,Post-Harvest,0.0,26.38,0.428,0.0,0.0,Growing,0.0,
2016-10-09,16.56541069,10.15033224,,-15.30045304,6.297,0.272033448,0.243680249,0.0,Post-Harvest,0.0,26.38,0.428,0.0,0.0,Growing,0.0,
2016-10-10,19.15687172,22.35768746,,-15.26606047,6.297,0.272033448,0.250768549,0.0,Post-Harvest,0.0,26.38,0.428,0.0,0.0,Growing,0.0,
2016-10-11,6.184696217,2.729884984,,-15.23166789,6.297,0.272033448,0.257856849,0.0,Post-Harvest,0.0,26.38,0.428,0.0,0.0,Growing,0.0,
2016-10-12,20.06181395,11.87541618,0.336682652,-15.19727532,6.297,0.336682652,0.274180749,0.0,Post-Harvest,0.0,24.07,0.437,0.064649204,0.0,Mature,0.0,
2016-10-13,0.391252338,0.007610151,,-14.98590134,6.297,0.336682652,0.290504649,0.0,Post-Harvest,0.0,24.07,0.437,0.0,0.0,Mature,0.0,
2016-10-14,0.004548697,0.0,,-14.77452736,6.156,0.336682652,0.29974025,0.0,Post-Harvest,0.0,24.07,0.437,0.0,0.0,Mature,0.0,
2016-10-15,0.0,0.000331604,,-14.56315339,6.156,0.336682652,0.30897585,0.0,Mature,0.0,24.07,0.437,0.0,0.0,Mature,0.0,
2016-10-16,0.00494491,0.000196379,,-14.35177941,6.156,0.336682652,0.318211451,0.0,Mature,0.0,24.07,0.437,0.0,0.0,Mature,0.0,
2016-10-17,0.0,0.0,0.288592952,-14.14040543,6.156,0.288592952,0.320577094,0.0,Mature,0.0,27.77,0.357,-0.0480897,0.0,Post_Harvest,0.0,
2016-10-18,0.0,0.0,,-14.18458308,6.156,0.288592952,0.322942738,0.0,Mature,0.0,27.77,0.357,0.0,0.0,Post_Harvest,0.0,
2016-10-19,0.0,0.113632159,,-14.22876072,6.156,0.288592952,0.31607278,0.0,Mature,0.0,27.77,0.357,0.0,0.0,Post_Harvest,0.0,
2016-10-20,0.047267369,0.047050929,,-14.27293837,6.156,0.288592952,0.309202823,0.0,Mature,0.0,27.77,0.357,0.0,0.0,Post_Harvest,0.0,
2016-10-21,0.039057652,0.016708264,,-14.31711602,6.156,0.288592952,0.302332866,0.0,Mature,0.0,27.77,0.357,0.0,0.0,Post_Harvest,0.0,
2016-10-22,0.009313476,0.0,0.311936833,-14.36129366,6.156,0.311936833,0.298797749,0.0,Post-Harvest,0.0,25.47,0.305,0.023343881,0.0,Mature,0.0,
2016-10-23,0.010458624,0.063144223,,-14.27223107,6.156,0.311936833,0.295262632,0.0,Post-Harvest,0.0,25.47,0.305,0.0,0.0,Mature,0.0,
2016-10-24,0.149523624,0.009124255,,-14.18316849,6.156,0.311936833,0.298597472,0.0,Post-Harvest,0.0,25.47,0.305,0.0,0.0,Mature,0.0,
2016-10-25,0.0,0.0,,-14.0941059,6.156,0.311936833,0.301932312,0.0,Mature,0.0,25.47,0.305,0.0,0.0,Mature,0.0,
2016-10-26,5.282280223,2.779124312,,-14.00504331,6.156,0.311936833,0.305267152,0.0,Mature,0.0,25.47,0.305,0.0,0.0,Mature,0.0,
2016-10-27,12.7904103,21.04339691,0.323281958,-13.91598072,6.156,0.323281958,0.310222725,0.0,Mature,0.0,24.25,0.428,0.011345125,0.0,Mature,0.0,
2016-10-28,1.273439259,0.0,,-14.00852144,6.156,0.323281958,0.315178297,0.0,Mature,0.0,24.25,0.428,0.0,0.0,Mature,0.0,
2016-10-29,0.009450765,0.0,,-14.10106216,6.156,0.323281958,0.316799029,0.0,Mature,0.0,24.25,0.428,0.0,0.0,Mature,0.0,
2016-10-30,0.025298046,0.016774812,,-14.19360288,6.156,0.323281958,0.318419761,0.0,Mature,0.0,24.25,0.428,0.0,0.0,Mature,0.0,
2016-10-31,0.016016318,0.025893396,,-14.2861436,6.156,0.323281958,0.320040493,0.0,Mature,0.0,24.25,0.428,0.0,0.0,Mature,0.0,
2016-11-01,0.154367408,0.008758443,0.271726569,-14.37868431,6.156,0.271726569,0.31429617,0.0,Mature,0.0,26.09,0.362,-0.051555389,0.0,Post_Harvest,0.0,
2016-11-02,0.15125928,0.366737528,,-14.34552867,6.156,0.271726569,0.308551847,0.0,Mature,0.0,26.09,0.362,0.0,0.0,Post_Harvest,0.0,
2016-11-03,0.018085478,0.413560305,,-14.31237302,6.156,0.271726569,0.301186791,0.0,Mature,0.0,26.09,0.362,0.0,0.0,Post_Harvest,0.0,
2016-11-04,9.262537471,6.905904609,,-14.27921737,6.156,0.271726569,0.293821736,0.0,Post-Harvest,0.0,26.09,0.362,0.0,0.0,Post_Harvest,0.0,
2016-11-05,36.27660512,31.85677979,,-14.24606172,6.156,0.271726569,0.28645668,0.0,Post-Harvest,0.0,26.09,0.362,0.0,0.0,Post_Harvest,0.0,
2016-11-06,0.041975314,0.476388007,0.280912616,-14.21290607,6.156,0.280912616,0.280403917,0.0,Post-Harvest,0.0,22.35,0.414,0.009186047,0.0,Growing,0.0,
2016-11-07,0.0,0.0,,-14.08910717,6.156,0.280912616,0.274351154,0.0,Post-Harvest,0.0,22.35,0.414,0.0,0.0,Growing,0.0,
2016-11-08,0.105642676,0.0,,-13.96530827,6.156,0.280912616,0.275663446,0.0,Post-Harvest,0.0,22.35,0.414,0.0,0.0,Growing,0.0,
2016-11-09,0.002164099,0.0,,-13.84150937,6.156,0.280912616,0.276975739,0.0,Post-Harvest,0.0,22.35,0.414,0.0,0.0,Growing,0.0,
2016-11-10,0.0,0.0,,-13.71771046,6.475,0.280912616,0.278288031,0.0,Post-Harvest,0.0,22.35,0.414,0.0,0.0,Growing,0.0,
2016-11-11,0.033927344,0.0,0.309245079,-13.59391156,6.475,0.309245079,0.283647818,0.0,Post-Harvest,0.0,23.19,0.354,0.028332463,0.0,Mature,0.0,
2016-11-12,0.0,0.0,,-13.63484336,6.475,0.309245079,0.289007606,0.0,Post-Harvest,0.0,23.19,0.354,0.0,0.0,Mature,0.0,
2016-11-13,0.00267343,0.0,,-13.67577516,6.475,0.309245079,0.2930551,0.0,Post-Harvest,0.0,23.19,0.354,0.0,0.0,Mature,0.0,
2016-11-14,0.00778475,0.004192966,,-13.71670696,6.475,0.309245079,0.297102595,0.0,Post-Harvest,0.0,23.19,0.354,0.0,0.0,Mature,0.0,
2016-11-15,0.005751135,0.0,,-13.75763876,6.475,0.309245079,0.30115009,0.0,Mature,0.0,23.19,0.354,0.0,0.0,Mature,0.0,
2016-11-16,0.012600625,0.0,0.264832454,-13.79857056,6.475,0.264832454,0.298852924,0.0,Post-Harvest,0.0,22.23,0.313,-0.044412625,0.0,Post_Harvest,0.0,
2016-11-17,0.722359113,0.000895382,,-13.76916479,6.475,0.264832454,0.296555758,0.0,Post-Harvest,0.0,22.23,0.313,0.0,0.0,Post_Harvest,0.0,
2016-11-18,0.292234791,0.00122524,,-13.73975903,6.475,0.264832454,0.290211097,0.0,Post-Harvest,0.0,22.23,0.313,0.0,0.0,Post_Harvest,0.0,
2016-11-19,0.022432223,0.001084883,,-13.71035326,6.475,0.264832454,0.283866436,0.0,Post-Harvest,0.0,22.23,0.313,0.0,0.0,Post_Harvest,0.0,
2016-11-20,0.026063767,0.0,,-13.68094749,6.475,0.264832454,0.277521775,0.0,Post-Harvest,0.0,22.23,0.313,0.0,0.0,Post_Harvest,0.0,
2016-11-21,0.0,0.0,0.27633215,-13.65154173,6.475,0.27633215,0.272819928,0.0,Post-Harvest,0.0,20.48,0.277,0.011499697,0.0,Post_Harvest,0.0,
2016-11-22,0.0,0.0,,-13.62856386,6.475,0.27633215,0.268118081,0.0,Post-Harvest,0.0,20.48,0.277,0.0,0.0,Post_Harvest,0.0,
2016-11-23,0.0,0.0,,-13.60558599,6.475,0.27633215,0.269760895,0.0,Post-Harvest,0.0,20.48,0.277,0.0,0.0,Post_Harvest,0.0,
2016-11-24,0.0,0.001344877,,-13.58260812,6.475,0.27633215,0.271403709,0.0,Post-Harvest,0.0,20.48,0.277,0.0,0.0,Post_Harvest,0.0,
2016-11-25,0.0,0.005375602,,-13.55963025,6.475,0.27633215,0.273046523,0.0,Post-Harvest,0.0,20.48,0.277,0.0,0.0,Post_Harvest,0.0,
2016-11-26,0.0,0.0,0.259328457,-13.53665239,6.475,0.259328457,0.272260238,0.0,Post-Harvest,0.0,20.67,0.256,-0.017003694,0.0,Post_Harvest,0.0,
2016-11-27,0.0,0.610581689,,-13.49126407,6.475,0.259328457,0.271473952,0.0,Post-Harvest,0.0,20.67,0.256,0.0,0.0,Post_Harvest,0.0,
2016-11-28,0.023522942,1.682618867,,-13.44587575,6.475,0.259328457,0.269044853,0.0,Post-Harvest,0.0,20.67,0.256,0.0,0.0,Post_Harvest,0.0,
2016-11-29,0.025556498,1.074958088,,-13.40048744,6.475,0.259328457,0.266615754,0.0,Post-Harvest,0.0,20.67,0.256,0.0,0.0,Post_Harvest,0.0,
2016-11-30,0.0,0.0,,-13.35509912,6.475,0.259328457,0.264186655,0.0,Post-Harvest,0.0,20.67,0.256,0.0,0.0,Post_Harvest,0.0,
2016-12-01,1.06957443,1.093296382,0.268352886,-13.30971081,6.475,0.268352886,0.26304676,0.0,Post-Harvest,0.0,21.18,0.232,0.009024429,0.0,Post_Harvest,0.0,
2016-12-02,0.0,0.003180312,,-13.28211691,6.475,0.268352886,0.261906865,0.0,Post-Harvest,0.0,21.18,0.232,0.0,0.0,Post_Harvest,0.0,
2016-12-03,0.0,0.009695011,,-13.25452301,6.475,0.268352886,0.263196069,0.0,Post-Harvest,0.0,21.18,0.232,0.0,0.0,Post_Harvest,0.0,
2016-12-04,0.0,0.0,,-13.22692911,6.475,0.268352886,0.264485273,0.0,Post-Harvest,0.0,21.18,0.232,0.0,0.0,Post_Harvest,0.0,
2016-12-05,0.0,0.0,,-13.19933522,6.475,0.268352886,0.265774477,0.0,Post-Harvest,0.0,21.18,0.232,0.0,0.0,Post_Harvest,0.0,
2016-12-06,0.0,0.0,0.281936696,-13.17174132,6.475,0.281936696,0.269004226,0.0,Post-Harvest,0.0,21.61,0.21,0.013583811,0.0,Post_Harvest,0.0,
2016-12-07,0.0,0.0,,-13.1261625,6.184,0.281936696,0.272233975,0.0,Post-Harvest,0.0,21.61,0.21,0.0,0.0,Post_Harvest,0.0,
2016-12-08,0.0,0.0,,-13.08058368,6.184,0.281936696,0.274174519,0.0,Post-Harvest,0.0,21.61,0.21,0.0,0.0,Post_Harvest,0.0,
2016-12-09,0.0,0.0,,-13.03500486,6.184,0.281936696,0.276115063,0.0,Post-Harvest,0.0,21.61,0.21,0.0,0.0,Post_Harvest,0.0,
2016-12-10,0.0,0.0,,-12.98942604,6.184,0.281936696,0.278055608,0.0,Post-Harvest,0.0,21.61,0.21,0.0,0.0,Post_Harvest,0.0,
2016-12-11,0.0,0.0,0.271092699,-12.94384722,6.184,0.271092699,0.27844701,0.0,Post-Harvest,0.0,19.7,0.193,-0.010843998,0.0,Post_Harvest,0.0,
2016-12-12,0.0,0.03100925,,-13.0087948,6.184,0.271092699,0.278838411,0.0,Post-Harvest,0.0,19.7,0.193,0.0,0.0,Post_Harvest,0.0,
2016-12-13,0.0,0.002707638,,-13.07374237,6.184,0.271092699,0.277289269,0.0,Post-Harvest,0.0,19.7,0.193,0.0,0.0,Post_Harvest,0.0,
2016-12-14,0.0,0.0,,-13.13868995,6.184,0.271092699,0.275740126,0.0,Post-Harvest,0.0,19.7,0.193,0.0,0.0,Post_Harvest,0.0,
2016-12-15,0.0,0.020502661,,-13.20363752,6.184,0.271092699,0.274190984,0.0,Post-Harvest,0.0,19.7,0.193,0.0,0.0,Post_Harvest,0.0,
2016-12-16,0.0,0.0,0.332054819,-13.2685851,6.184,0.332054819,0.281350715,0.0,Post-Harvest,0.0,20.22,0.183,0.06096212,0.0,Mature,0.0,
2016-12-17,0.0,0.0,,-13.21552573,6.184,0.332054819,0.288510447,0.0,Post-Harvest,0.0,20.22,0.183,0.0,0.0,Mature,0.0,
2016-12-18,0.0,0.0,,-13.16246636,6.184,0.332054819,0.297219321,0.0,Post-Harvest,0.0,20.22,0.183,0.0,0.0,Mature,0.0,
2016-12-19,0.0,0.0,,-13.109407,6.184,0.332054819,0.305928196,0.0,Mature,0.0,20.22,0.183,0.0,0.0,Mature,0.0,
2016-12-20,0.0,0.0,,-13.05634763,6.184,0.332054819,0.31463707,0.0,Mature,0.0,20.22,0.183,0.0,0.0,Mature,0.0,
2016-12-21,0.0,0.0,0.2715464,-13.00328826,6.184,0.2715464,0.314701885,0.0,Mature,0.0,19.26,0.224,-0.060508418,0.0,Post_Harvest,0.0,
2016-12-22,0.0,0.0,,-12.85895182,6.184,0.2715464,0.314766699,0.0,Mature,0.0,19.26,0.224,0.0,0.0,Post_Harvest,0.0,
2016-12-23,0.011657435,0.0,,-12.71461538,6.184,0.2715464,0.306122639,0.0,Mature,0.0,19.26,0.224,0.0,0.0,Post_Harvest,0.0,
2016-12-24,0.003896977,0.0,,-12.57027894,6.184,0.2715464,0.29747858,0.0,Post-Harvest,0.0,19.26,0.224,0.0,0.0,Post_Harvest,0.0,
2016-12-25,0.0,0.0,,-12.42594249,6.184,0.2715464,0.28883452,0.0,Post-Harvest,0.0,19.26,0.224,0.0,0.0,Post_Harvest,0.0,
2016-12-26,1.151661688,0.96735294,0.282866926,-12.28160605,6.184,0.282866926,0.281807678,0.0,Post-Harvest,0.0,20.17,0.206,0.011320526,0.0,Post_Harvest,0.0,
2016-12-27,0.0,0.014431145,,-12.30228143,6.184,0.282866926,0.274780836,0.0,Post-Harvest,0.0,20.17,0.206,0.0,0.0,Post_Harvest,0.0,
2016-12-28,0.0,0.005796735,,-12.3229568,6.184,0.282866926,0.276398054,0.0,Post-Harvest,0.0,20.17,0.206,0.0,0.0,Post_Harvest,0.0,
2016-12-29,0.0,0.007158776,,-12.34363218,6.184,0.282866926,0.278015272,0.0,Post-Harvest,0.0,20.17,0.206,0.0,0.0,Post_Harvest,0.0,
2016-12-30,0.112881567,0.0,,-12.36430756,6.184,0.282866926,0.27963249,0.0,Post-Harvest,0.0,20.17,0.206,0.0,0.0,Post_Harvest,0.0,
2016-12-31,0.060857725,0.0,0.33554736,-12.38498294,6.184,0.33554736,0.288775484,0.0,Post-Harvest,0.0,19.86,0.188,0.052680434,0.0,Mature,0.0,
2017-01-01,0.000721754,0.0,0.33554736,-12.38498294,6.184,0.33554736,0.297918479,0.0,Post-Harvest,0.0,19.86,0.188,1.67e-16,0.0,Mature,0.0,
2017-01-02,0.004903024,0.0,,-12.3182409,6.184,0.33554736,0.305444255,0.0,Mature,0.0,19.86,0.188,0.0,0.0,Mature,0.0,
2017-01-03,0.014555559,0.0,,-12.25149886,6.712,0.33554736,0.312970031,0.0,Mature,0.0,19.86,0.188,0.0,0.0,Mature,0.0,
2017-01-04,0.004160848,0.053270921,,-12.18475682,6.712,0.33554736,0.320495808,0.0,Mature,0.0,19.86,0.188,0.0,0.0,Mature,0.0,
2017-01-05,0.0,0.033461602,,-12.11801478,6.712,0.33554736,0.328021584,0.0,Mature,0.0,18.58,0.177,0.0,0.0,Mature,0.0,
2017-01-06,0.0,0.000701143,0.315552689,-12.05127274,6.712,0.315552689,0.332690979,0.0,Mature,0.0,18.58,0.177,-0.019994671,0.0,Mature,0.0,
2017-01-07,0.0,7.57e-05,,-12.03458775,6.712,0.315552689,0.329834597,0.0,Mature,0.0,18.58,0.177,0.0,0.0,Mature,0.0,
2017-01-08,0.0,0.000432481,,-12.01790277,6.712,0.315552689,0.326978215,0.0,Mature,0.0,18.58,0.177,0.0,0.0,Mature,0.0,
2017-01-09,0.0,0.002023574,,-12.00121778,6.712,0.315552689,0.324121834,0.0,Mature,0.0,18.58,0.177,0.0,0.0,Mature,0.0,
2017-01-10,0.771150716,4.65e-05,,-11.9845328,6.712,0.315552689,0.321265452,0.0,Mature,0.0,17.73,0.17,0.0,0.0,Mature,0.0,
2017-01-11,0.0,0.0,0.347172233,-11.96784781,6.712,0.347172233,0.322926148,0.0,Mature,0.0,17.73,0.17,0.031619544,0.0,Mature,0.0,
2017-01-12,0.0,0.0,,-11.87017874,6.712,0.347172233,0.324586845,0.0,Mature,0.0,17.73,0.17,0.0,0.0,Mature,0.0,
2017-01-13,0.011651405,0.0,,-11.77250967,6.712,0.347172233,0.329103922,0.0,Mature,0.0,17.73,0.17,0.0,0.0,Mature,0.0,
2017-01-14,0.0,0.0,,-11.6748406,6.712,0.347172233,0.333621,0.0,Mature,0.0,17.73,0.17,0.0,0.0,Mature,0.0,
2017-01-15,0.0,0.0,,-11.57717153,6.712,0.347172233,0.338138078,0.0,Mature,0.0,16.59,0.165,0.0,0.0,Mature,0.0,
2017-01-16,0.0,0.0,0.410509598,-11.47950246,6.712,0.410509598,0.351703351,0.0,Mature,0.0,16.59,0.165,0.063337365,0.0,Mature,0.0,
2017-01-17,0.0,0.0,,-11.38966704,6.712,0.410509598,0.365268623,0.0,Mature,0.0,16.59,0.165,0.0,0.0,Mature,0.0,
2017-01-18,0.0,0.0,,-11.29983163,6.712,0.410509598,0.374316818,0.0,Mature,0.0,16.59,0.165,0.0,0.0,Mature,0.0,
2017-01-19,0.0,0.0,,-11.20999621,6.712,0.410509598,0.383365013,0.0,Mature,0.0,16.59,0.165,0.0,0.0,Mature,0.0,
2017-01-20,0.0,0.000343977,,-11.12016079,6.712,0.410509598,0.392413208,0.0,Mature,0.0,18.22,0.162,0.0,0.0,Mature,0.0,
2017-01-21,0.0,0.0,0.385941707,-11.03032538,6.712,0.385941707,0.397951704,0.0,Mature,0.0,18.22,0.162,-0.024567891,0.0,Mature,0.0,
2017-01-22,0.0,0.0,,-11.04936451,6.712,0.385941707,0.403490201,0.0,Mature,0.0,18.22,0.162,0.0,0.0,Mature,0.0,
2017-01-23,0.0,0.0,,-11.06840364,6.712,0.385941707,0.399980502,0.0,Mature,0.0,18.22,0.162,0.0,0.0,Mature,0.0,
2017-01-24,0.0,0.0,,-11.08744277,6.712,0.385941707,0.396470803,0.0,Mature,0.0,18.22,0.162,0.0,0.0,Mature,0.0,
2017-01-25,0.0,0.0,,-11.10648191,6.712,0.385941707,0.392961104,0.0,Mature,0.0,20.58,0.159,0.0,0.0,Mature,0.0,
2017-01-26,0.002407842,0.004062916,0.401344112,-11.12552104,6.712,0.401344112,0.391651749,0.0,Mature,0.0,20.58,0.159,0.015402405,0.0,Mature,0.0,
2017-01-27,0.260712158,0.526854253,,-11.07945026,6.712,0.401344112,0.390342394,0.0,Mature,0.0,20.58,0.159,0.0,0.0,Mature,0.0,
2017-01-28,0.017693879,0.01711086,,-11.03337949,6.712,0.401344112,0.392542738,0.0,Mature,0.0,20.58,0.159,0.0,0.0,Mature,0.0,
2017-01-29,0.0,0.006167624,,-10.98730871,6.712,0.401344112,0.394743081,0.0,Mature,0.0,20.58,0.159,0.0,0.0,Mature,0.0,
2017-01-30,0.0,0.013076708,,-10.94123793,6.35,0.401344112,0.396943425,0.0,Mature,0.0,18.96,0.163,0.0,0.0,Mature,0.0,
2017-01-31,0.0,0.0,0.556582193,-10.89516715,6.35,0.556582193,0.421320637,0.0,Mature,0.0,18.96,0.163,0.155238081,0.0,Mature,0.0,
2017-02-01,0.0,0.0,,-10.93265123,6.35,0.556582193,0.44569785,0.0,Mature,0.0,18.96,0.163,0.0,0.0,Mature,0.0,
2017-02-02,0.0,0.0,,-10.97013531,6.35,0.556582193,0.467874718,0.0,Mature,0.0,18.96,0.163,0.0,0.0,Mature,0.0,
2017-02-03,0.0,0.0,,-11.00761939,6.35,0.556582193,0.490051587,0.0,Mature,0.0,18.96,0.163,0.0,0.0,Mature,0.0,
2017-02-04,0.0,0.167889335,,-11.04510347,6.35,0.556582193,0.512228456,0.0,Mature,0.0,20.59,0.16,0.0,0.0,Mature,0.0,
2017-02-05,0.0,0.027961587,0.554642971,-11.08258755,6.35,0.554642971,0.534128293,0.0,Mature,0.0,20.59,0.16,-0.001939222,0.0,Mature,0.0,
2017-02-06,0.0,0.0,,-11.06509177,6.35,0.554642971,0.55602813,0.0,Mature,0.0,20.59,0.16,0.0,0.0,Mature,0.0,
2017-02-07,0.0,0.001302952,,-11.04759598,6.35,0.554642971,0.555751098,0.0,Mature,0.0,20.59,0.16,0.0,0.0,Mature,0.0,
2017-02-08,0.0,0.000171761,,-11.0301002,6.35,0.554642971,0.555474066,0.0,Mature,0.0,20.59,0.16,0.0,0.0,Mature,0.0,
2017-02-09,0.0,0.0,,-11.01260441,6.35,0.554642971,0.555197034,0.0,Mature,0.0,20.03,0.157,0.0,0.0,Mature,0.0,
2017-02-10,0.0,0.0,0.565373511,-10.99510863,6.35,0.565373511,0.556452937,0.0,Mature,0.0,20.03,0.157,0.01073054,0.0,Mature,0.0,
2017-02-11,0.0,0.240804348,,-11.01679162,6.35,0.565373511,0.55770884,0.0,Mature,0.0,20.03,0.157,0.0,0.0,Mature,0.0,
2017-02-12,0.0,0.440873997,,-11.03847461,6.35,0.565373511,0.559241774,0.0,Mature,0.0,20.03,0.157,0.0,0.0,Mature,0.0,
2017-02-13,0.0,0.121530963,,-11.0601576,6.35,0.565373511,0.560774708,0.0,Mature,0.0,20.03,0.157,0.0,0.0,Mature,0.0,
2017-02-14,0.0,0.0,,-11.0818406,6.35,0.565373511,0.562307642,0.0,Mature,0.0,21.28,0.156,0.0,0.0,Mature,0.0,
2017-02-15,0.0,0.0,0.595972716,-11.10352359,6.35,0.595972716,0.568211892,0.0,Mature,0.0,21.28,0.156,0.030599205,0.0,Mature,0.0,
2017-02-16,0.0,0.0,,-11.13417638,6.35,0.595972716,0.574116141,0.0,Mature,0.0,21.28,0.156,0.0,0.0,Mature,0.0,
2017-02-17,0.0,0.0,,-11.16482917,6.35,0.595972716,0.578487456,0.0,Mature,0.0,21.28,0.156,0.0,0.0,Mature,0.0,
2017-02-18,0.0,0.010735554,,-11.19548195,6.35,0.595972716,0.582858771,0.0,Mature,0.0,21.28,0.156,0.0,0.0,Mature,0.0,
2017-02-19,0.0,0.0,,-11.22613474,6.35,0.595972716,0.587230086,0.0,Mature,0.0,22.49,0.155,0.0,0.0,Mature,0.0,
2017-02-20,2.257546687,1.935800165,0.52765304,-11.25678753,6.35,0.52765304,0.581841447,0.0,Mature,0.0,22.49,0.155,-0.068319676,0.0,Mature,0.0,
2017-02-21,0.229096247,59.29891397,,-11.27500593,6.35,0.52765304,0.576452808,0.0,Mature,0.0,22.49,0.155,0.0,0.0,Mature,0.0,
2017-02-22,0.464527304,52.46505818,,-11.29322433,6.35,0.52765304,0.566692855,0.0,Mature,0.0,22.49,0.155,0.0,0.0,Mature,0.0,
2017-02-23,0.0,0.0,,-11.31144272,6.35,0.52765304,0.556932901,0.0,Mature,0.0,22.49,0.155,0.0,0.0,Mature,0.0,
2017-02-24,0.0,0.0,,-11.32966112,6.35,0.52765304,0.547172947,0.0,Mature,0.0,19.37,0.321,0.0,0.0,Mature,0.0,
2017-02-25,0.0,0.0,0.560197047,-11.34787952,6.35,0.560197047,0.542062137,0.0,Mature,0.0,19.37,0.321,0.032544007,0.0,Mature,0.0,
2017-02-26,0.0,0.0,,-11.38760112,6.497,0.560197047,0.536951327,0.0,Mature,0.0,19.37,0.321,0.0,0.0,Mature,0.0,
2017-02-27,0.0,0.0,,-11.42732273,6.497,0.560197047,0.541600471,0.0,Mature,0.0,19.37,0.321,0.0,0.0,Mature,0.0,
2017-02-28,0.0,0.0,,-11.46704433,6.497,0.560197047,0.546249615,0.0,Mature,0.0,19.37,0.321,0.0,0.0,Mature,0.0,
2017-03-01,0.0,0.0,,-11.50676594,6.497,0.560197047,0.550898759,0.0,Mature,0.0,21.05,0.233,0.0,0.0,Mature,0.0,
2017-03-02,0.0,0.0,0.559473914,-11.54648754,6.497,0.559473914,0.555444598,0.0,Mature,0.0,21.05,0.233,-0.000723133,0.0,Mature,0.0,
2017-03-03,0.0,0.0,,-11.49228138,6.497,0.559473914,0.559990437,0.0,Mature,0.0,21.05,0.233,0.0,0.0,Mature,0.0,
2017-03-04,11.62362054,1.639077758,,-11.43807522,6.497,0.559473914,0.559887132,0.0,Mature,0.0,21.05,0.233,0.0,0.0,Mature,0.0,
2017-03-05,0.0,0.095709742,,-11.38386905,6.497,0.559473914,0.559783828,0.0,Mature,0.0,21.05,0.233,0.0,0.0,Mature,0.0,
2017-03-06,0.0,0.0,,-11.32966289,6.497,0.559473914,0.559680523,0.0,Mature,0.0,20.6,0.329,0.0,0.0,Mature,0.0,
2017-03-07,0.0,0.0,0.630413152,-11.27545672,6.497,0.630413152,0.569711395,0.0,Mature,0.0,20.6,0.329,0.070939238,0.0,Growing,0.0,
2017-03-08,13.25838408,8.653096548,,-11.27921998,6.497,0.630413152,0.579742267,0.0,Mature,0.0,20.6,0.329,0.0,0.0,Growing,0.0,
2017-03-09,0.005400063,0.0,,-11.28298324,6.497,0.630413152,0.589876444,0.0,Mature,0.0,20.6,0.329,0.0,0.0,Growing,0.0,
2017-03-10,45.79291588,33.89461199,,-11.2867465,6.497,0.630413152,0.600010621,0.0,Growing,0.0,20.6,0.329,0.0,0.0,Growing,0.0,
2017-03-11,0.500413735,0.310609946,,-11.29050975,6.497,0.630413152,0.610144798,0.0,Growing,0.0,20.33,0.422,0.0,0.0,Growing,0.0,
2017-03-12,0.0,0.001501677,0.630413152,-11.29427301,6.497,0.630413152,0.620278975,0.0,Growing,0.0,20.33,0.422,-1.11e-16,0.0,Growing,0.0,
2017-03-13,0.0,0.0,,-11.37689561,6.497,0.630413152,0.630413152,0.0,Growing,0.0,20.33,0.422,0.0,0.0,Growing,0.0,
2017-03-14,0.0,0.0,,-11.45951821,6.497,0.630413152,0.630413152,0.0,Growing,0.0,20.33,0.422,0.0,0.0,Growing,0.0,
2017-03-15,0.0,0.0,,-11.5421408,6.497,0.630413152,0.630413152,0.0,Growing,0.0,20.33,0.422,0.0,0.0,Growing,0.0,
2017-03-16,0.0,0.0,,-11.6247634,6.497,0.630413152,0.630413152,0.0,Growing,0.0,20.14,0.314,0.0,0.0,Growing,0.0,
2017-03-17,11.07261687,20.93398608,0.606256271,-11.707386,6.497,0.606256271,0.626962169,0.0,Growing,0.0,20.14,0.314,-0.024156881,0.0,Growing,0.0,
2017-03-18,6.947701957,40.50198334,,-11.98146881,6.497,0.606256271,0.623511186,0.0,Growing,0.0,20.14,0.314,0.0,0.0,Growing,0.0,
2017-03-19,11.30758595,8.964010155,,-12.25555162,6.497,0.606256271,0.620060203,0.0,Growing,0.0,20.14,0.314,0.0,0.0,Growing,0.0,
2017-03-20,13.79476014,8.280163473,,-12.52963443,6.497,0.606256271,0.61660922,0.0,Growing,0.0,20.14,0.314,0.0,0.0,Growing,0.0,
2017-03-21,0.0,0.0,,-12.80371724,6.497,0.606256271,0.613158237,0.0,Growing,0.0,19.48,0.349,0.0,0.0,Growing,0.0,
2017-03-22,0.0,0.0,0.607433848,-13.07780004,6.497,0.607433848,0.609875479,0.0,Growing,0.0,19.48,0.349,0.001177577,0.0,Growing,0.0,
2017-03-23,0.0,0.0,,-13.37926357,6.497,0.607433848,0.606592722,0.0,Growing,0.0,19.48,0.349,0.0,0.0,Growing,0.0,
2017-03-24,5.79116473,0.177834386,,-13.6807271,6.497,0.607433848,0.606760947,0.0,Growing,0.0,19.48,0.349,0.0,0.0,Growing,0.0,
2017-03-25,30.82146731,47.1537061,,-13.98219063,6.497,0.607433848,0.606929172,0.0,Growing,0.0,19.48,0.349,0.0,0.0,Growing,0.0,
2017-03-26,0.300528919,1.19432134,,-14.28365416,6.497,0.607433848,0.607097398,0.0,Growing,0.0,23.32,0.396,0.0,0.0,Growing,0.0,
2017-03-27,22.59590749,8.426811642,0.055467262,-14.58511769,6.497,0.055467262,0.528413253,0.0,Mature,0.0,23.32,0.396,-0.551966587,0.0,Post_Harvest,0.0,
2017-03-28,11.58681207,0.702704207,,-14.5009601,6.497,0.055467262,0.449729109,0.0,Mature,0.0,23.32,0.396,0.0,0.0,Post_Harvest,0.0,
2017-03-29,28.01310977,18.29533842,,-14.4168025,6.497,0.055467262,0.37087674,0.0,Mature,0.0,23.32,0.396,0.0,0.0,Post_Harvest,0.0,
2017-03-30,12.39744167,14.01978934,,-14.3326449,6.497,0.055467262,0.29202437,0.0,Post-Harvest,0.0,23.32,0.396,0.0,0.0,Post_Harvest,0.0,
2017-03-31,28.98015917,37.2767591,,-14.24848731,6.497,0.055467262,0.213172001,0.0,Post-Harvest,0.0,22.15,0.438,0.0,0.0,Growing,0.0,
2017-04-01,102.3530973,194.0359371,0.05610745,-14.16432971,6.497,0.05610745,0.134411087,0.0,Post-Harvest,0.0,22.15,0.438,0.000640189,0.0,Growing,0.0,
2017-04-02,101.6098792,97.84714941,,-14.21873394,6.497,0.05610745,0.055650173,0.0,Post-Harvest,0.0,22.15,0.438,0.0,0.0,Growing,0.0,
2017-04-03,77.37512727,121.210404,,-14.27313817,6.497,0.05610745,0.055741628,0.0,Post-Harvest,0.0,22.15,0.438,0.0,0.0,Growing,0.0,
2017-04-04,3.93317296,10.16240523,,-14.32754239,6.497,0.05610745,0.055833084,0.0,Post-Harvest,0.0,22.15,0.438,0.0,0.0,Growing,0.0,
2017-04-05,25.14607539,3.403430092,,-14.38194662,6.497,0.05610745,0.055924539,0.0,Post-Harvest,0.0,21.16,0.436,0.0,0.0,Growing,0.0,
2017-04-06,0.59048321,0.083723059,0.098838186,-14.43635085,6.497,0.098838186,0.062120386,0.0,Post-Harvest,0.0,21.16,0.436,0.042730736,0.0,Growing,0.0,
2017-04-07,0.707313558,0.673701936,,-14.3082704,6.497,0.098838186,0.068316232,0.0,Post-Harvest,0.0,21.16,0.436,0.0,0.0,Growing,0.0,
2017-04-08,4.607809725,1.829464751,,-14.18018995,6.497,0.098838186,0.074420623,0.0,Post-Harvest,0.0,21.16,0.436,0.0,0.0,Growing,0.0,
2017-04-09,10.638834,8.316353243,,-14.0521095,6.497,0.098838186,0.080525014,0.0,Post-Harvest,0.0,21.16,0.436,0.0,0.0,Growing,0.0,
2017-04-10,0.0,0.0,,-13.92402905,6.497,0.098838186,0.086629405,0.0,Post-Harvest,0.0,26.02,0.408,0.0,0.0,Growing,0.0,
2017-04-11,0.0,0.0,0.050461537,-13.7959486,6.497,0.050461537,0.085822846,0.0,Post-Harvest,0.0,26.02,0.408,-0.04837665,0.0,Growing,0.0,
2017-04-12,0.0,0.003575125,,-13.89784464,6.497,0.050461537,0.085016286,0.0,Post-Harvest,0.0,26.02,0.408,0.0,0.0,Growing,0.0,
2017-04-13,0.0,0.030261801,,-13.99974068,6.497,0.050461537,0.078105337,0.0,Post-Harvest,0.0,26.02,0.408,0.0,0.0,Growing,0.0,
2017-04-14,0.002808104,0.089794187,,-14.10163673,6.497,0.050461537,0.071194387,0.0,Post-Harvest,0.0,26.02,0.408,0.0,0.0,Growing,0.0,
2017-04-15,52.91989906,32.12209753,,-14.20353277,6.497,0.050461537,0.064283437,0.0,Post-Harvest,0.0,25.46,0.38,0.0,0.0,Post_Harvest,0.0,
2017-04-16,5.26774656,0.23091886,0.169743004,-14.30542881,6.497,0.169743004,0.074412696,0.0,Post-Harvest,0.0,25.46,0.38,0.119281467,0.0,Post_Harvest,0.0,
2017-04-17,0.010008694,0.152540861,,-14.50954262,6.497,0.169743004,0.084541956,0.0,Post-Harvest,0.0,25.46,0.38,0.0,0.0,Post_Harvest,0.0,
2017-04-18,0.66208338,3.287984361,,-14.71365642,6.497,0.169743004,0.101582165,0.0,Post-Harvest,0.0,25.46,0.38,0.0,0.0,Post_Harvest,0.0,
2017-04-19,100.0707795,87.80231683,,-14.91777023,6.497,0.169743004,0.118622375,0.0,Post-Harvest,0.0,25.46,0.38,0.0,0.0,Post_Harvest,0.0,
2017-04-20,49.41792584,22.49371464,,-15.12188403,6.497,0.169743004,0.135662585,0.0,Post-Harvest,0.0,23.09,0.435,0.0,0.0,Growing,0.0,
2017-04-21,40.80088638,27.65768312,0.169953126,-15.32599784,6.381,0.169953126,0.152732812,0.0,Post-Harvest,0.0,23.09,0.435,0.000210122,0.0,Growing,0.0,
2017-04-22,30.11633473,2.847892095,,-15.32561138,6.381,0.169953126,0.169803039,0.0,Post-Harvest,0.0,23.09,0.435,0.0,0.0,Growing,0.0,
2017-04-23,1.474105679,0.008076012,,-15.32522493,6.381,0.169953126,0.169833056,0.0,Post-Harvest,0.0,23.09,0.435,0.0,0.0,Growing,0.0,
2017-04-24,11.92084723,0.543169853,,-15.32483847,6.381,0.169953126,0.169863074,0.0,Post-Harvest,0.0,23.09,0.435,0.0,0.0,Growing,0.0,
2017-04-25,18.44507316,43.06000009,,-15.32445202,6.381,0.169953126,0.169893091,0.0,Post-Harvest,0.0,23.13,0.434,0.0,0.0,Growing,0.0,
2017-04-26,14.48816575,20.86908183,0.111267652,-15.32406556,6.381,0.111267652,0.161539469,0.0,Post-Harvest,0.0,23.13,0.434,-0.058685474,0.0,Growing,0.0,
2017-04-27,0.000180143,0.369063795,,-15.39614277,6.381,0.111267652,0.153185848,0.0,Post-Harvest,0.0,23.13,0.434,0.0,0.0,Growing,0.0,
2017-04-28,9.514217452,3.30032206,,-15.46821998,6.381,0.111267652,0.144802209,0.0,Post-Harvest,0.0,23.13,0.434,0.0,0.0,Growing,0.0,
2017-04-29,0.684883436,3.49313294,,-15.54029719,6.381,0.111267652,0.13641857,0.0,Post-Harvest,0.0,23.13,0.434,0.0,0.0,Growing,0.0,
2017-04-30,23.45501982,25.82001373,,-15.61237439,6.381,0.111267652,0.128034931,0.0,Post-Harvest,0.0,25.47,0.42,0.0,0.0,Growing,0.0,
2017-05-01,12.94058803,5.141792457,0.13806649,-15.6844516,6.12,0.13806649,0.123479697,0.0,Post-Harvest,0.0,25.47,0.42,0.026798838,0.0,Growing,0.0,
2017-05-02,0.179789339,0.000180822,,-15.52787634,6.04,0.13806649,0.118924463,0.0,Post-Harvest,0.0,25.47,0.42,0.0,0.0,Growing,0.0,
2017-05-03,11.76429199,2.880711977,,-15.37130107,5.94,0.13806649,0.122752869,0.0,Post-Harvest,0.0,25.47,0.42,0.0,0.0,Growing,0.0,
2017-05-04,5.988227049,1.241947751,,-15.2147258,5.85,0.13806649,0.126581274,0.0,Post-Harvest,0.0,25.47,0.42,0.0,0.0,Growing,0.0,
2017-05-05,45.37246226,30.92026264,,-15.05815053,5.77,0.13806649,0.130409679,0.0,Post-Harvest,0.0,26.06,0.415,0.0,0.0,Growing,0.0,
2017-05-06,41.60190655,74.82322403,0.258974428,-14.90157527,5.7,0.258974428,0.151510647,0.0,Post-Harvest,0.0,26.06,0.415,0.120907938,0.0,Growing,0.0,
2017-05-07,3.24178205,0.254262929,,-14.83006087,5.64,0.258974428,0.172611615,0.0,Post-Harvest,0.0,26.06,0.415,0.0,0.0,Growing,0.0,
2017-05-08,2.759328539,1.187931008,,-14.75854648,5.57,0.258974428,0.189884178,0.0,Post-Harvest,0.0,26.06,0.415,0.0,0.0,Growing,0.0,
2017-05-09,13.56441495,6.20197743,,-14.68703208,5.49,0.258974428,0.20715674,0.0,Post-Harvest,0.0,26.06,0.415,0.0,0.0,Growing,0.0,
2017-05-10,2.470559027,0.016800981,,-14.61551769,5.39,0.258974428,0.224429303,0.0,Post-Harvest,0.0,26.53,0.416,0.0,0.0,Growing,0.0,
2017-05-11,12.42502999,1.101667872,0.252175763,-14.54400329,5.25,0.252175763,0.240730627,0.0,Post-Harvest,0.0,26.53,0.416,-0.006798665,0.0,Growing,0.0,
2017-05-12,13.98366445,2.614130457,,-14.54328201,5.2,0.252175763,0.257031952,0.0,Post-Harvest,0.0,26.53,0.416,0.0,0.0,Growing,0.0,
2017-05-13,1.222531256,0.414740193,,-14.54256073,5.07,0.252175763,0.256060714,0.0,Post-Harvest,0.0,26.53,0.416,0.0,0.0,Growing,0.0,
2017-05-14,15.55963713,18.92043477,,-14.54183944,4.99,0.252175763,0.255089477,0.0,Post-Harvest,0.0,26.53,0.416,0.0,0.0,Growing,0.0,
2017-05-15,20.65201609,27.4164483,,-14.54111816,5.02,0.252175763,0.254118239,0.0,Post-Harvest,0.0,25.11,0.433,0.0,0.0,Growing,0.0,
2017-05-16,0.498927966,1.001353974,0.252175763,-14.54039687,5.07,0.252175763,0.253147001,0.0,Post-Harvest,0.0,25.11,0.433,5.55e-17,0.0,Growing,0.0,
2017-05-17,1.628656977,0.033788616,,-14.55325554,5.07,0.252175763,0.252175763,0.0,Post-Harvest,0.0,25.11,0.433,0.0,0.0,Growing,0.0,
2017-05-18,10.99421444,10.57140607,,-14.5661142,5.0,0.252175763,0.252175763,0.0,Post-Harvest,0.0,25.11,0.433,0.0,0.0,Growing,0.0,
2017-05-19,11.68051884,16.43900574,,-14.57897287,5.06,0.252175763,0.252175763,0.0,Post-Harvest,0.0,25.11,0.433,0.0,0.0,Growing,0.0,
2017-05-20,48.31461379,44.29558683,,-14.59183153,5.1,0.252175763,0.252175763,0.0,Post-Harvest,0.0,26.9,0.43,0.0,0.0,Growing,0.0,
2017-05-21,18.89500657,23.12460078,0.235166247,-14.6046902,5.19,0.235166247,0.249745832,0.0,Post-Harvest,0.0,26.9,0.43,-0.017009516,0.0,Growing,0.0,
2017-05-22,28.52637706,42.13676832,,-14.72802687,5.27,0.235166247,0.247315902,0.0,Post-Harvest,0.0,26.9,0.43,0.0,0.0,Growing,0.0,
2017-05-23,32.4180583,14.68977441,,-14.85136354,5.36,0.235166247,0.244885971,0.0,Post-Harvest,0.0,26.9,0.43,0.0,0.0,Growing,0.0,
2017-05-24,7.294317478,16.87525801,,-14.97470021,5.38,0.235166247,0.24245604,0.0,Post-Harvest,0.0,26.9,0.43,0.0,0.0,Growing,0.0,
2017-05-25,55.72503631,47.14268701,,-15.09803688,5.44,0.235166247,0.240026109,0.0,Post-Harvest,0.0,27.7,0.425,0.0,0.0,Growing,0.0,
2017-05-26,20.72378592,15.40558447,0.184092175,-15.22137355,5.64,0.184092175,0.230299882,0.0,Post-Harvest,0.0,27.7,0.425,-0.051074073,0.0,Growing,0.0,
2017-05-27,2.423436716,0.123226594,,-15.2149122,5.64,0.184092175,0.220573655,0.0,Post-Harvest,0.0,27.7,0.425,0.0,0.0,Growing,0.0,
2017-05-28,2.303812569,0.594299597,,-15.20845084,5.55,0.184092175,0.213277359,0.0,Post-Harvest,0.0,27.7,0.425,0.0,0.0,Growing,0.0,
2017-05-29,14.36269181,8.709481962,,-15.20198948,5.44,0.184092175,0.205981063,0.0,Post-Harvest,0.0,27.7,0.425,0.0,0.0,Growing,0.0,
2017-05-30,17.58221549,22.37760526,,-15.19552813,5.32,0.184092175,0.198684767,0.0,Post-Harvest,0.0,26.05,0.435,0.0,0.0,Growing,0.0,
2017-05-31,16.4235243,6.259358419,0.184092175,-15.18906677,5.29,0.184092175,0.191388471,0.0,Post-Harvest,0.0,26.05,0.435,8.33e-17,0.0,Growing,0.0,
2017-06-01,35.25369747,27.02403696,,-15.36876172,5.51,0.184092175,0.184092175,0.0,Post-Harvest,0.0,26.05,0.435,0.0,0.0,Growing,0.0,
2017-06-02,35.57762127,88.20835733,,-15.54845667,5.72,0.184092175,0.184092175,0.0,Post-Harvest,0.0,26.05,0.435,0.0,0.0,Growing,0.0,
2017-06-03,13.45601747,35.28921348,,-15.72815162,6.31,0.184092175,0.184092175,0.0,Post-Harvest,0.0,26.05,0.435,0.0,0.0,Growing,0.0,
2017-06-04,9.797291479,0.047914309,,-15.90784656,6.42,0.184092175,0.184092175,0.0,Post-Harvest,0.0,25.27,0.431,0.0,0.0,Growing,0.0,
2017-06-05,2.508593468,1.364337845,0.184092175,-16.08754151,6.38,0.184092175,0.184092175,0.0,Post-Harvest,0.0,25.27,0.431,-8.33e-17,0.0,Growing,0.0,
2017-06-06,3.334602099,0.126592393,,-16.54899082,6.39,0.184092175,0.184092175,0.0,Post-Harvest,0.0,25.27,0.431,0.0,0.0,Growing,0.0,
2017-06-07,5.640418284,4.436433057,,-17.01044014,6.23,0.184092175,0.184092175,0.0,Post-Harvest,0.0,25.27,0.431,0.0,0.0,Growing,0.0,
2017-06-08,25.48370063,8.763332202,,-17.47188945,6.13,0.184092175,0.184092175,0.0,Post-Harvest,0.0,25.27,0.431,0.0,0.0,Growing,0.0,
2017-06-09,1.300079268,2.339137095,,-17.93333876,6.04,0.184092175,0.184092175,0.0,Post-Harvest,0.0,28.68,0.413,0.0,0.0,Growing,0.0,
2017-06-10,7.345017633,17.57338456,0.237149126,-18.39478807,5.94,0.237149126,0.191671739,1.0,Post-Harvest,3.0,28.68,0.413,0.053056951,0.0,Growing,0.0,
2017-06-11,35.67594528,26.35643066,,-17.86323023,5.9,0.237149126,0.199251303,1.0,Post-Harvest,3.0,28.68,0.413,0.0,0.0,Growing,0.0,
2017-06-12,85.09395124,67.61166345,,-17.33167239,5.87,0.237149126,0.206830868,1.0,Post-Harvest,3.0,28.68,0.413,0.0,0.0,Growing,0.0,
2017-06-13,91.81248948,77.35485748,,-16.80011455,6.16,0.237149126,0.214410432,1.0,Post-Harvest,3.0,28.68,0.413,0.0,0.0,Growing,0.0,
2017-06-14,27.82052865,4.556870111,,-16.2685567,6.36,0.237149126,0.221989997,1.0,Post-Harvest,3.0,25.39,0.432,0.0,0.0,Growing,0.0,
2017-06-15,22.65099187,3.527695301,0.091411061,-15.73699886,6.4,0.091411061,0.208749838,1.0,Post-Harvest,3.0,25.39,0.432,-0.145738065,0.0,Growing,0.0,
2017-06-16,51.09319123,130.0108533,,-16.1141495,6.39,0.091411061,0.195509679,1.0,Post-Harvest,3.0,25.39,0.432,0.0,0.0,Growing,0.0,
2017-06-17,11.74944991,36.71327774,,-16.49130014,7.1,0.091411061,0.174689955,1.0,Post-Harvest,3.0,25.39,0.432,0.0,1.0,Growing,1.0,
2017-06-18,35.93385381,35.53528087,,-16.86845078,7.24,0.091411061,0.153870232,1.0,Post-Harvest,3.0,25.39,0.432,0.0,1.0,Growing,1.0,
2017-06-19,36.16594367,24.32578067,,-17.24560142,7.25,0.091411061,0.133050508,1.0,Post-Harvest,3.0,24.89,0.437,0.0,1.0,Growing,1.0,
2017-06-20,2.742697548,0.004208681,0.091411061,-17.62275206,7.16,0.091411061,0.112230785,1.0,Post-Harvest,3.0,24.89,0.437,9.71e-17,1.0,Growing,1.0,
2017-06-21,69.97320446,84.85421264,,-17.4448252,7.04,0.091411061,0.091411061,1.0,Post-Harvest,3.0,24.89,0.437,0.0,1.0,Growing,1.0,
2017-06-22,60.07455488,66.05866832,,-17.26689835,7.24,0.091411061,0.091411061,1.0,Post-Harvest,3.0,24.89,0.437,0.0,1.0,Growing,1.0,
2017-06-23,26.09201897,9.93289849,,-17.08897149,7.22,0.091411061,0.091411061,1.0,Post-Harvest,3.0,24.89,0.437,0.0,1.0,Growing,1.0,
2017-06-24,114.1597131,50.52473901,,-16.91104463,7.1,0.091411061,0.091411061,1.0,Post-Harvest,3.0,27.76,0.427,0.0,1.0,Growing,1.0,
2017-06-25,3.886154904,6.188021198,0.091411061,-16.73311777,7.02,0.091411061,0.091411061,1.0,Post-Harvest,3.0,27.76,0.427,-9.71e-17,1.0,Growing,1.0,
2017-06-26,3.29288629,4.282586759,,-16.78847645,6.92,0.091411061,0.091411061,1.0,Post-Harvest,3.0,27.76,0.427,0.0,0.0,Growing,0.0,
2017-06-27,9.587107898,5.385192258,,-16.84383513,6.79,0.091411061,0.091411061,1.0,Post-Harvest,3.0,27.76,0.427,0.0,0.0,Growing,0.0,
2017-06-28,33.60320461,17.8803862,,-16.89919381,6.78,0.091411061,0.091411061,1.0,Post-Harvest,3.0,27.76,0.427,0.0,0.0,Growing,0.0,
2017-06-29,8.392450347,6.008595054,,-16.95455249,6.73,0.091411061,0.091411061,1.0,Post-Harvest,3.0,28.33,0.42,0.0,0.0,Growing,0.0,
2017-06-30,113.4098559,100.7042052,0.111317846,-17.00991117,6.68,0.111317846,0.094254888,1.0,Post-Harvest,3.0,28.33,0.42,0.019906785,0.0,Growing,0.0,
2017-07-01,65.8694816,73.35553992,,-17.0313609,7.03,0.111317846,0.097098714,1.0,Post-Harvest,3.0,28.33,0.42,0.0,1.0,Growing,1.0,
2017-07-02,39.81505604,18.48450151,,-17.05281063,7.09,0.111317846,0.09994254,1.0,Post-Harvest,3.0,28.33,0.42,0.0,1.0,Growing,1.0,
2017-07-03,42.70455653,85.06247923,,-17.07426036,7.11,0.111317846,0.102786367,1.0,Post-Harvest,3.0,28.33,0.42,0.0,1.0,Growing,1.0,
2017-07-04,36.61004238,121.2617124,,-17.09571009,7.3,0.111317846,0.105630193,1.0,Post-Harvest,3.0,26.2,0.433,0.0,1.0,Growing,1.0,
2017-07-05,9.73158422,9.370726886,0.131224631,-17.11715982,7.27,0.131224631,0.111317846,1.0,Post-Harvest,3.0,26.2,0.433,0.019906785,1.0,Growing,1.0,
2017-07-06,8.718050625,30.04370287,,-17.08551461,7.21,0.131224631,0.117005499,1.0,Post-Harvest,3.0,26.2,0.433,0.0,1.0,Growing,1.0,
2017-07-07,7.431982692,0.861240546,,-17.0538694,7.13,0.131224631,0.119849325,1.0,Post-Harvest,3.0,26.2,0.433,0.0,1.0,Growing,1.0,
2017-07-08,10.81917877,3.435751983,,-17.02222419,7.04,0.131224631,0.122693152,1.0,Post-Harvest,3.0,26.2,0.433,0.0,1.0,Growing,1.0,
2017-07-09,27.01615989,14.30649612,,-16.99057898,7.03,0.131224631,0.125536978,1.0,Post-Harvest,3.0,26.34,0.433,0.0,1.0,Growing,1.0,
2017-07-10,20.87735747,22.79965591,0.151131416,-16.95893378,7.06,0.151131416,0.131224631,1.0,Post-Harvest,3.0,26.34,0.433,0.019906785,1.0,Growing,1.0,
2017-07-11,26.45381684,13.16070553,,-16.87936801,7.04,0.151131416,0.136912284,1.0,Post-Harvest,3.0,26.34,0.433,0.0,1.0,Growing,1.0,
2017-07-12,33.32493882,23.70778435,,-16.79980225,7.01,0.151131416,0.13975611,1.0,Post-Harvest,3.0,26.34,0.433,0.0,1.0,Growing,1.0,
2017-07-13,29.39896007,2.051420396,,-16.72023649,7.0,0.151131416,0.142599937,0.0,Post-Harvest,0.0,26.34,0.433,0.0,1.0,Growing,1.0,
2017-07-14,16.57314919,5.971971868,,-16.64067073,6.91,0.151131416,0.145443763,0.0,Post-Harvest,0.0,26.79,0.418,0.0,0.0,Growing,0.0,
2017-07-15,16.36826498,27.9205848,0.151131416,-16.56110496,6.81,0.151131416,0.148287589,0.0,Post-Harvest,0.0,26.79,0.418,0.0,0.0,Growing,0.0,
2017-07-16,8.747967437,4.737393299,,-16.45377195,6.75,0.151131416,0.151131416,0.0,Post-Harvest,0.0,26.79,0.418,0.0,0.0,Growing,0.0,
2017-07-17,8.264960284,4.211219347,,-16.34643893,6.66,0.151131416,0.151131416,0.0,Post-Harvest,0.0,26.79,0.418,0.0,0.0,Growing,0.0,
2017-07-18,47.90028878,30.25029172,,-16.23910591,6.61,0.151131416,0.151131416,0.0,Post-Harvest,0.0,26.79,0.418,0.0,0.0,Growing,0.0,
2017-07-19,13.1583202,16.28894103,,-16.13177289,6.6,0.151131416,0.151131416,0.0,Post-Harvest,0.0,25.57,0.437,0.0,0.0,Growing,0.0,
2017-07-20,12.6358199,3.631987225,0.151131416,-16.02443987,6.57,0.151131416,0.151131416,0.0,Post-Harvest,0.0,25.57,0.437,0.0,0.0,Growing,0.0,
2017-07-21,63.09967581,52.59128916,,-16.07132503,6.53,0.151131416,0.151131416,0.0,Post-Harvest,0.0,25.57,0.437,0.0,0.0,Growing,0.0,
2017-07-22,86.28331353,42.02732536,,-16.11821019,6.53,0.151131416,0.151131416,0.0,Post-Harvest,0.0,25.57,0.437,0.0,0.0,Growing,0.0,
2017-07-23,8.043196842,12.06202374,,-16.16509535,6.55,0.151131416,0.151131416,0.0,Post-Harvest,0.0,25.57,0.437,0.0,0.0,Growing,0.0,
2017-07-24,6.395972033,3.562579974,,-16.21198051,6.56,0.151131416,0.151131416,0.0,Post-Harvest,0.0,24.62,0.435,0.0,0.0,Growing,0.0,
2017-07-25,10.27988676,0.925662827,0.151131416,-16.25886567,6.61,0.151131416,0.151131416,0.0,Post-Harvest,0.0,24.62,0.435,0.0,0.0,Growing,0.0,
2017-07-26,11.39290719,0.74280022,,-16.22398308,6.59,0.151131416,0.151131416,0.0,Post-Harvest,0.0,24.62,0.435,0.0,0.0,Growing,0.0,
2017-07-27,8.425988673,1.425052677,,-16.18910049,6.51,0.151131416,0.151131416,0.0,Post-Harvest,0.0,24.62,0.435,0.0,0.0,Growing,0.0,
2017-07-28,10.06665332,5.408677285,,-16.1542179,6.44,0.151131416,0.151131416,0.0,Post-Harvest,0.0,24.62,0.435,0.0,0.0,Growing,0.0,
2017-07-29,20.5575888,34.35076712,,-16.11933531,6.34,0.151131416,0.151131416,0.0,Post-Harvest,0.0,27.11,0.428,0.0,0.0,Growing,0.0,
2017-07-30,3.657643792,9.651809314,0.148621588,-16.08445272,6.28,0.148621588,0.150772869,0.0,Post-Harvest,0.0,27.11,0.428,-0.002509828,0.0,Growing,0.0,
2017-07-31,28.2623883,3.93908698,,-16.23023545,6.2,0.148621588,0.150414322,0.0,Post-Harvest,0.0,27.11,0.428,0.0,0.0,Growing,0.0,
2017-08-01,69.79327084,19.79722183,,-16.37601819,6.23,0.148621588,0.150055775,0.0,Post-Harvest,0.0,27.11,0.428,0.0,0.0,Growing,0.0,
2017-08-02,26.65194269,2.385760318,,-16.52180092,6.36,0.148621588,0.149697229,1.0,Post-Harvest,3.0,27.11,0.428,0.0,0.0,Growing,0.0,
2017-08-03,20.19070897,4.304860495,,-16.66758365,6.35,0.148621588,0.149338682,1.0,Post-Harvest,3.0,27.72,0.433,0.0,0.0,Growing,0.0,
2017-08-04,15.72917108,8.759517895,0.14611176,-16.81336639,6.32,0.14611176,0.148621588,1.0,Post-Harvest,3.0,27.72,0.433,-0.002509828,0.0,Growing,0.0,
2017-08-05,49.83688379,27.73509689,,-17.00309448,6.25,0.14611176,0.147904494,1.0,Post-Harvest,3.0,27.72,0.433,0.0,0.0,Growing,0.0,
2017-08-06,26.73432702,3.902870036,,-17.19282258,6.28,0.14611176,0.147545948,1.0,Post-Harvest,3.0,27.72,0.433,0.0,0.0,Growing,0.0,
2017-08-07,18.57669274,22.61222215,,-17.38255067,6.48,0.14611176,0.147187401,1.0,Post-Harvest,3.0,27.72,0.433,0.0,0.0,Growing,0.0,
2017-08-08,26.90795513,30.92487557,,-17.57227877,6.56,0.14611176,0.146828854,1.0,Post-Harvest,3.0,27.18,0.431,0.0,0.0,Growing,0.0,
2017-08-09,4.456541661,17.6723857,0.14611176,-17.76200686,7.02,0.14611176,0.146470307,1.0,Post-Harvest,3.0,27.18,0.431,0.0,1.0,Growing,1.0,
2017-08-10,134.4122306,230.8562258,,-17.72337165,7.06,0.14611176,0.14611176,1.0,Post-Harvest,3.0,27.18,0.431,0.0,1.0,Growing,1.0,
2017-08-11,112.7428911,111.1308519,,-17.68473645,7.73,0.14611176,0.14611176,1.0,Post-Harvest,3.0,27.18,0.431,0.0,1.0,Growing,1.0,
2017-08-12,101.9731273,77.19344424,,-17.64610124,7.95,0.14611176,0.14611176,1.0,Post-Harvest,3.0,27.18,0.431,0.0,1.0,Growing,1.0,
2017-08-13,59.92145376,100.8550888,,-17.60746603,8.03,0.14611176,0.14611176,1.0,Post-Harvest,3.0,25.49,0.433,0.0,1.0,Growing,1.0,
2017-08-14,19.09036011,30.18171604,0.099024962,-17.56883082,8.13,0.099024962,0.139385075,1.0,Post-Harvest,3.0,25.49,0.433,-0.047086798,1.0,Growing,1.0,
2017-08-15,12.2699684,9.209652691,,-17.58611366,7.9,0.099024962,0.132658389,1.0,Post-Harvest,3.0,25.49,0.433,0.0,1.0,Growing,1.0,
2017-08-16,5.136663086,2.751393192,,-17.60339649,7.77,0.099024962,0.125931704,1.0,Post-Harvest,3.0,25.49,0.433,0.0,1.0,Growing,1.0,
2017-08-17,10.41565079,11.33785826,,-17.62067933,7.56,0.099024962,0.119205019,1.0,Post-Harvest,3.0,25.49,0.433,0.0,1.0,Growing,1.0,
2017-08-18,9.690013932,37.03038822,,-17.63796216,7.41,0.099024962,0.112478333,1.0,Post-Harvest,3.0,26.39,0.424,0.0,1.0,Growing,1.0,
2017-08-19,19.48836146,8.643745633,0.103494859,-17.655245,7.3,0.103494859,0.106390205,1.0,Post-Harvest,3.0,26.39,0.424,0.004469897,1.0,Growing,1.0,
2017-08-20,11.17363239,5.114294501,,-17.42094664,7.19,0.103494859,0.100302076,1.0,Post-Harvest,3.0,26.39,0.424,0.0,1.0,Growing,1.0,
2017-08-21,45.46464241,21.57916981,,-17.18664829,7.04,0.103494859,0.100940633,0.0,Post-Harvest,0.0,26.39,0.424,0.0,1.0,Growing,1.0,
2017-08-22,46.5279548,39.02234038,,-16.95234993,6.99,0.103494859,0.101579189,0.0,Post-Harvest,0.0,26.39,0.424,0.0,0.0,Growing,0.0,
2017-08-23,22.13626814,3.62676544,,-16.71805158,6.97,0.103494859,0.102217746,0.0,Post-Harvest,0.0,28.32,0.422,0.0,0.0,Growing,0.0,
2017-08-24,11.23606149,0.622937428,0.01310387,-16.48375322,6.89,0.01310387,0.089943304,0.0,Post-Harvest,0.0,28.32,0.422,-0.090390989,0.0,Growing,0.0,
2017-08-25,10.40496756,7.546508622,,-16.54610749,6.8,0.01310387,0.077668863,0.0,Post-Harvest,0.0,28.32,0.422,0.0,0.0,Growing,0.0,
2017-08-26,53.82525223,44.22261031,,-16.60846176,6.74,0.01310387,0.064755864,0.0,Post-Harvest,0.0,28.32,0.422,0.0,0.0,Growing,0.0,
2017-08-27,31.90329441,16.92137425,,-16.67081602,6.88,0.01310387,0.051842866,0.0,Post-Harvest,0.0,28.32,0.422,0.0,0.0,Growing,0.0,
2017-08-28,8.962014642,7.218568213,,-16.73317029,6.82,0.01310387,0.038929867,0.0,Post-Harvest,0.0,28.37,0.414,0.0,0.0,Growing,0.0,
2017-08-29,9.337917603,2.654023225,0.099067002,-16.79552456,6.74,0.099067002,0.038297316,0.0,Post-Harvest,0.0,28.37,0.414,0.085963132,0.0,Growing,0.0,
2017-08-30,28.85673536,11.06892419,,-16.67111185,6.69,0.099067002,0.037664765,0.0,Post-Harvest,0.0,28.37,0.414,0.0,0.0,Growing,0.0,
2017-08-31,23.9978285,10.98556001,,-16.54669914,6.64,0.099067002,0.049945213,0.0,Post-Harvest,0.0,28.37,0.414,0.0,0.0,Growing,0.0,
2017-09-01,14.81809094,10.52192326,,-16.42228643,6.61,0.099067002,0.06222566,0.0,Post-Harvest,0.0,28.37,0.414,0.0,0.0,Growing,0.0,
2017-09-02,87.75289839,86.21794632,,-16.29787372,6.64,0.099067002,0.074506107,0.0,Post-Harvest,0.0,26.45,0.432,0.0,0.0,Growing,0.0,
2017-09-03,22.69623994,36.52180063,0.068116101,-16.17346101,6.89,0.068116101,0.082364997,1.0,Post-Harvest,3.0,26.45,0.432,-0.030950901,0.0,Growing,0.0,
2017-09-04,22.88965072,13.8310627,,-16.17691169,6.89,0.068116101,0.090223887,1.0,Post-Harvest,3.0,26.45,0.432,0.0,0.0,Growing,0.0,
2017-09-05,6.838134612,0.40109423,,-16.18036238,6.79,0.068116101,0.08580233,1.0,Post-Harvest,3.0,26.45,0.432,0.0,0.0,Growing,0.0,
2017-09-06,5.51559972,0.589167415,,-16.18381306,6.72,0.068116101,0.081380773,1.0,Post-Harvest,3.0,26.45,0.432,0.0,0.0,Growing,0.0,
2017-09-07,8.422739962,0.340899644,,-16.18726375,6.66,0.068116101,0.076959215,1.0,Post-Harvest,3.0,27.4,0.429,0.0,0.0,Growing,0.0,
2017-09-08,41.50825387,52.03130473,0.162040158,-16.19071444,6.57,0.162040158,0.085955381,1.0,Post-Harvest,3.0,27.4,0.429,0.093924057,0.0,Growing,0.0,
2017-09-09,131.9188202,108.760873,,-16.2469178,6.94,0.162040158,0.094951546,1.0,Post-Harvest,3.0,27.4,0.429,0.0,0.0,Growing,0.0,
2017-09-10,31.32436198,14.15835768,,-16.30312116,7.15,0.162040158,0.108369268,1.0,Post-Harvest,3.0,27.4,0.429,0.0,1.0,Growing,1.0,
2017-09-11,7.615957459,1.717798306,,-16.35932453,7.01,0.162040158,0.121786991,0.0,Post-Harvest,0.0,27.4,0.429,0.0,1.0,Growing,1.0,
2017-09-12,7.907970107,3.207293239,,-16.41552789,6.93,0.162040158,0.135204713,0.0,Post-Harvest,0.0,26.06,0.429,0.0,0.0,Growing,0.0,
2017-09-13,8.161543786,1.076884382,0.220084783,-16.47173126,6.83,0.220084783,0.156914525,0.0,Post-Harvest,0.0,26.06,0.429,0.058044626,0.0,Growing,0.0,
2017-09-14,10.66863971,7.377449354,,-16.34830578,6.75,0.220084783,0.178624337,0.0,Post-Harvest,0.0,26.06,0.429,0.0,0.0,Growing,0.0,
2017-09-15,4.116649946,0.373147009,,-16.22488031,6.68,0.220084783,0.186916426,0.0,Post-Harvest,0.0,26.06,0.429,0.0,0.0,Growing,0.0,
2017-09-16,6.149937322,0.094955238,,-16.10145483,6.59,0.220084783,0.195208515,0.0,Post-Harvest,0.0,26.06,0.429,0.0,0.0,Growing,0.0,
2017-09-17,24.67517161,28.92441636,,-15.97802936,6.58,0.220084783,0.203500605,0.0,Post-Harvest,0.0,28.13,0.409,0.0,0.0,Growing,0.0,
2017-09-18,9.775584483,14.64262749,0.132899222,-15.85460388,6.45,0.132899222,0.199337614,0.0,Post-Harvest,0.0,28.13,0.409,-0.087185561,0.0,Growing,0.0,
2017-09-19,28.35200898,31.81985756,,-15.90467497,6.39,0.132899222,0.195174623,0.0,Post-Harvest,0.0,28.13,0.409,0.0,0.0,Growing,0.0,
2017-09-20,14.03388007,16.93514918,,-15.95474606,6.47,0.132899222,0.182719543,0.0,Post-Harvest,0.0,28.13,0.409,0.0,0.0,Growing,0.0,
2017-09-21,13.71883832,14.91004309,,-16.00481714,6.44,0.132899222,0.170264463,0.0,Post-Harvest,0.0,28.13,0.409,0.0,0.0,Growing,0.0,
2017-09-22,7.508034172,1.443801549,,-16.05488823,6.46,0.132899222,0.157809383,0.0,Post-Harvest,0.0,27.45,0.42,0.0,0.0,Growing,0.0,
2017-09-23,14.03649914,3.998868689,0.151917579,-16.10495931,6.38,0.151917579,0.148071211,0.0,Post-Harvest,0.0,27.45,0.42,0.019018357,0.0,Growing,0.0,
2017-09-24,4.524140337,0.466444668,,-15.91756167,6.29,0.151917579,0.138333039,0.0,Post-Harvest,0.0,27.45,0.42,0.0,0.0,Growing,0.0,
2017-09-25,4.729089749,0.783791511,,-15.73016403,6.2,0.151917579,0.141049947,0.0,Post-Harvest,0.0,27.45,0.42,0.0,0.0,Growing,0.0,
2017-09-26,5.822702443,2.277058342,,-15.54276639,6.09,0.151917579,0.143766855,0.0,Post-Harvest,0.0,27.45,0.42,0.0,0.0,Growing,0.0,
2017-09-27,12.33445631,10.86260792,,-15.35536874,5.99,0.151917579,0.146483763,0.0,Post-Harvest,0.0,27.49,0.426,0.0,0.0,Growing,0.0,
2017-09-28,20.15474597,42.11381426,0.292761811,-15.1679711,5.9,0.292761811,0.169321276,0.0,Post-Harvest,0.0,27.49,0.426,0.140844232,0.0,Growing,0.0,
2017-09-29,21.51090621,31.33211871,,-15.22723965,5.84,0.292761811,0.192158788,0.0,Post-Harvest,0.0,27.49,0.426,0.0,0.0,Growing,0.0,
2017-09-30,38.38277393,38.01559523,,-15.28650819,6.05,0.292761811,0.212279393,0.0,Post-Harvest,0.0,27.49,0.426,0.0,0.0,Growing,0.0,
2017-10-01,16.18331618,12.02947717,,-15.34577674,6.28,0.292761811,0.232399997,0.0,Post-Harvest,0.0,27.49,0.426,0.0,0.0,Growing,0.0,
2017-10-02,4.443213989,0.158303895,,-15.40504529,6.22,0.292761811,0.252520602,0.0,Post-Harvest,0.0,27.12,0.418,0.0,0.0,Growing,0.0,
2017-10-03,2.380389829,0.194263072,0.208383346,-15.46431383,6.14,0.208383346,0.26058714,0.0,Post-Harvest,0.0,27.12,0.418,-0.084378465,0.0,Growing,0.0,
2017-10-04,4.290957102,3.089692221,,-15.4128279,6.06,0.208383346,0.268653678,0.0,Post-Harvest,0.0,27.12,0.418,0.0,0.0,Growing,0.0,
2017-10-05,2.178350822,1.950646013,,-15.36134196,5.96,0.208383346,0.256599612,0.0,Post-Harvest,0.0,27.12,0.418,0.0,0.0,Growing,0.0,
2017-10-06,9.9421223,2.189491514,,-15.30985603,5.86,0.208383346,0.244545545,0.0,Post-Harvest,0.0,27.12,0.418,0.0,0.0,Growing,0.0,
2017-10-07,2.818738058,1.029724573,,-15.25837009,5.76,0.208383346,0.232491479,0.0,Post-Harvest,0.0,26.47,0.433,0.0,0.0,Growing,0.0,
2017-10-08,2.339425783,18.90642591,0.216160841,-15.20688415,5.67,0.216160841,0.221548483,0.0,Post-Harvest,0.0,26.47,0.433,0.007777496,0.0,Growing,0.0,
2017-10-09,3.340658916,0.020133979,,-15.21623361,5.59,0.216160841,0.210605487,0.0,Post-Harvest,0.0,26.47,0.433,0.0,0.0,Growing,0.0,
2017-10-10,3.066869253,0.530046201,,-15.22558306,5.51,0.216160841,0.211716558,0.0,Post-Harvest,0.0,26.47,0.433,0.0,0.0,Growing,0.0,
2017-10-11,2.331506259,0.387065802,,-15.23493251,5.42,0.216160841,0.212827629,0.0,Post-Harvest,0.0,26.47,0.433,0.0,0.0,Growing,0.0,
2017-10-12,6.816719183,5.145066563,,-15.24428196,5.34,0.216160841,0.2139387,0.0,Post-Harvest,0.0,27.54,0.399,0.0,0.0,Post_Harvest,0.0,
2017-10-13,14.34609273,7.351456153,0.205747403,-15.25363142,5.31,0.205747403,0.213562136,0.0,Post-Harvest,0.0,27.54,0.399,-0.010413439,0.0,Post_Harvest,0.0,
2017-10-14,43.97839374,19.59890102,,-15.31798239,5.38,0.205747403,0.213185573,0.0,Post-Harvest,0.0,27.54,0.399,0.0,0.0,Post_Harvest,0.0,
2017-10-15,1.506935638,0.377385047,,-15.38233337,5.54,0.205747403,0.211697939,0.0,Post-Harvest,0.0,27.54,0.399,0.0,0.0,Post_Harvest,0.0,
2017-10-16,0.112130005,0.000151339,,-15.44668434,5.5,0.205747403,0.210210305,0.0,Post-Harvest,0.0,27.54,0.399,0.0,0.0,Post_Harvest,0.0,
2017-10-17,1.433648974,0.000494179,,-15.51103532,5.42,0.205747403,0.208722671,0.0,Post-Harvest,0.0,28.09,0.38,0.0,0.0,Post_Harvest,0.0,
2017-10-18,1.046098755,0.224109521,0.166905104,-15.57538629,5.3,0.166905104,0.201686137,0.0,Post-Harvest,0.0,28.09,0.38,-0.038842298,0.0,Post_Harvest,0.0,
2017-10-19,23.93912242,18.47343007,,-15.55092144,5.2,0.166905104,0.194649603,0.0,Post-Harvest,0.0,28.09,0.38,0.0,0.0,Post_Harvest,0.0,
2017-10-20,67.54185026,63.67299699,,-15.5264566,5.13,0.166905104,0.189100703,0.0,Post-Harvest,0.0,28.09,0.38,0.0,0.0,Post_Harvest,0.0,
2017-10-21,127.4348407,125.3433535,,-15.50199175,5.29,0.166905104,0.183551803,0.0,Post-Harvest,0.0,28.09,0.38,0.0,0.0,Post_Harvest,0.0,
2017-10-22,0.063395227,0.180528872,,-15.47752691,5.81,0.166905104,0.178002904,0.0,Post-Harvest,0.0,22.82,0.418,0.0,0.0,Growing,0.0,
2017-10-23,0.043519617,0.040334306,0.175163593,-15.45306206,5.87,0.175163593,0.173633788,0.0,Post-Harvest,0.0,22.82,0.418,0.008258488,0.0,Growing,0.0,
2017-10-24,0.050515148,0.0,,-15.46958451,5.85,0.175163593,0.169264672,0.0,Post-Harvest,0.0,22.82,0.418,0.0,0.0,Growing,0.0,
2017-10-25,0.225783752,0.32903466,,-15.48610697,5.82,0.175163593,0.170444456,0.0,Post-Harvest,0.0,22.82,0.418,0.0,0.0,Growing,0.0,
2017-10-26,0.287145385,0.469281817,,-15.50262942,5.78,0.175163593,0.17162424,0.0,Post-Harvest,0.0,22.82,0.418,0.0,0.0,Growing,0.0,
2017-10-27,2.518918852,0.116127477,,-15.51915188,5.7,0.175163593,0.172804024,0.0,Post-Harvest,0.0,22.78,0.354,0.0,0.0,Post_Harvest,0.0,
2017-10-28,3.778057884,0.007216068,0.15631688,-15.53567433,5.61,0.15631688,0.171291421,0.0,Post-Harvest,0.0,22.78,0.354,-0.018846713,0.0,Post_Harvest,0.0,
2017-10-29,2.6881878,0.602621241,,-15.41350497,5.51,0.15631688,0.169778817,0.0,Post-Harvest,0.0,22.78,0.354,0.0,0.0,Post_Harvest,0.0,
2017-10-30,9.250667807,22.39293366,,-15.29133561,5.37,0.15631688,0.16708643,0.0,Post-Harvest,0.0,22.78,0.354,0.0,0.0,Post_Harvest,0.0,
2017-10-31,0.349341572,0.0,,-15.16916624,5.28,0.15631688,0.164394042,0.0,Post-Harvest,0.0,22.78,0.354,0.0,0.0,Post_Harvest,0.0,
2017-11-01,0.008706631,0.0,,-15.04699688,5.28,0.15631688,0.161701655,0.0,Post-Harvest,0.0,22.62,0.329,0.0,0.0,Post_Harvest,0.0,
2017-11-02,1.116769002,0.024900712,0.260188889,-14.92482751,5.28,0.260188889,0.173848126,0.0,Post-Harvest,0.0,22.62,0.329,0.103872009,0.0,Post_Harvest,0.0,
2017-11-03,0.099626937,0.000895786,,-14.89437577,5.28,0.260188889,0.185994596,0.0,Post-Harvest,0.0,22.62,0.329,0.0,0.0,Post_Harvest,0.0,
2017-11-04,0.318344026,0.018647932,,-14.86392403,5.28,0.260188889,0.200833455,0.0,Post-Harvest,0.0,22.62,0.329,0.0,0.0,Post_Harvest,0.0,
2017-11-05,0.371964156,0.03571984,,-14.83347229,5.28,0.260188889,0.215672313,0.0,Post-Harvest,0.0,22.62,0.329,0.0,0.0,Post_Harvest,0.0,
2017-11-06,0.042299242,0.004770917,,-14.80302055,5.28,0.260188889,0.230511172,0.0,Post-Harvest,0.0,23.91,0.279,0.0,0.0,Post_Harvest,0.0,
2017-11-07,0.0345767,0.004813493,0.222786512,-14.77256881,5.28,0.222786512,0.240006834,0.0,Post-Harvest,0.0,23.91,0.279,-0.037402376,0.0,Post_Harvest,0.0,
2017-11-08,0.078321337,0.0,,-14.72970705,5.28,0.222786512,0.249502495,0.0,Post-Harvest,0.0,23.91,0.279,0.0,0.0,Post_Harvest,0.0,
2017-11-09,0.060120308,0.0,,-14.68684529,5.28,0.222786512,0.244159299,0.0,Post-Harvest,0.0,23.91,0.279,0.0,0.0,Post_Harvest,0.0,
2017-11-10,0.015532211,0.000297775,,-14.64398353,5.28,0.222786512,0.238816102,0.0,Post-Harvest,0.0,23.91,0.279,0.0,0.0,Post_Harvest,0.0,
2017-11-11,0.008309115,0.0,,-14.60112178,5.28,0.222786512,0.233472906,0.0,Post-Harvest,0.0,23.58,0.243,0.0,0.0,Post_Harvest,0.0,
2017-11-12,0.000360006,0.0,0.207267975,-14.55826002,5.28,0.207267975,0.225912775,0.0,Post-Harvest,0.0,23.58,0.243,-0.015518537,0.0,Post_Harvest,0.0,
2017-11-13,0.02631307,0.0,,-14.41126083,5.28,0.207267975,0.218352645,0.0,Post-Harvest,0.0,23.58,0.243,0.0,0.0,Post_Harvest,0.0,
2017-11-14,0.159496547,0.392795018,,-14.26426164,5.28,0.207267975,0.216135711,0.0,Post-Harvest,0.0,23.58,0.243,0.0,0.0,Post_Harvest,0.0,
2017-11-15,8.986922744,7.692608227,,-14.11726246,5.28,0.207267975,0.213918777,0.0,Post-Harvest,0.0,23.58,0.243,0.0,0.0,Post_Harvest,0.0,
2017-11-16,4.267977771,3.099997348,,-13.97026327,5.28,0.207267975,0.211701843,1.0,Post-Harvest,3.0,22.39,0.238,0.0,0.0,Post_Harvest,0.0,
2017-11-17,0.409088584,0.127370228,0.284135707,-13.82326409,5.28,0.284135707,0.220466014,1.0,Post-Harvest,3.0,22.39,0.238,0.076867731,0.0,Post_Harvest,0.0,
2017-11-18,0.143366517,0.006277875,,-13.81903647,5.28,0.284135707,0.229230184,1.0,Post-Harvest,3.0,22.39,0.238,0.0,0.0,Post_Harvest,0.0,
2017-11-19,0.137803292,0.008065124,,-13.81480886,5.28,0.284135707,0.240211289,1.0,Post-Harvest,3.0,22.39,0.238,0.0,0.0,Post_Harvest,0.0,
2017-11-20,0.014888416,0.0,,-13.81058124,5.28,0.284135707,0.251192393,1.0,Post-Harvest,3.0,22.39,0.238,0.0,0.0,Post_Harvest,0.0,
2017-11-21,0.01690555,0.0,,-13.80635362,5.28,0.284135707,0.262173498,1.0,Post-Harvest,3.0,22.65,0.23,0.0,0.0,Post_Harvest,0.0,
2017-11-22,0.0129858,0.0,0.233233212,-13.80212601,5.28,0.233233212,0.265882817,1.0,Post-Harvest,3.0,22.65,0.23,-0.050902494,0.0,Post_Harvest,0.0,
2017-11-23,0.015077236,0.0,,-13.69271462,7.611,0.233233212,0.269592137,1.0,Post-Harvest,3.0,22.65,0.23,0.0,0.0,Post_Harvest,0.0,
2017-11-24,0.0,0.0,,-13.58330323,7.611,0.233233212,0.262320352,1.0,Post-Harvest,3.0,22.65,0.23,0.0,0.0,Post_Harvest,0.0,
2017-11-25,0.02700676,0.002505902,,-13.47389184,7.611,0.233233212,0.255048567,1.0,Post-Harvest,3.0,22.65,0.23,0.0,0.0,Post_Harvest,0.0,
2017-11-26,0.0,0.019629527,,-13.36448046,7.611,0.233233212,0.247776782,1.0,Post-Harvest,3.0,20.69,0.203,0.0,0.0,Post_Harvest,0.0,
2017-11-27,0.006290488,0.006715943,0.248692696,-13.25506907,7.611,0.248692696,0.242713495,1.0,Post-Harvest,3.0,20.69,0.203,0.015459483,0.0,Post_Harvest,0.0,
2017-11-28,0.00279723,0.002895804,,-13.32214018,7.611,0.248692696,0.237650208,1.0,Post-Harvest,3.0,20.69,0.203,0.0,0.0,Post_Harvest,0.0,
2017-11-29,0.012527751,0.004604342,,-13.38921129,7.611,0.248692696,0.239858705,1.0,Post-Harvest,3.0,20.69,0.203,0.0,0.0,Post_Harvest,0.0,
2017-11-30,0.0,0.001695042,,-13.4562824,7.611,0.248692696,0.242067203,1.0,Post-Harvest,3.0,20.69,0.203,0.0,0.0,Post_Harvest,0.0,
2017-12-01,0.0,0.0,,-13.52335352,7.611,0.248692696,0.2442757,1.0,Post-Harvest,3.0,20.38,0.188,0.0,0.0,Post_Harvest,0.0,
2017-12-02,0.0,0.0,0.335937146,-13.59042463,7.611,0.335937146,0.258947691,1.0,Post-Harvest,3.0,20.38,0.188,0.087244451,0.0,Mature,0.0,
2017-12-03,0.0,0.0,,-13.68913548,7.611,0.335937146,0.273619682,1.0,Post-Harvest,3.0,20.38,0.188,0.0,0.0,Mature,0.0,
2017-12-04,0.0,0.0,,-13.78784633,7.611,0.335937146,0.286083175,1.0,Post-Harvest,3.0,20.38,0.188,0.0,0.0,Mature,0.0,
2017-12-05,0.0,0.0,,-13.88655718,7.611,0.335937146,0.298546667,1.0,Post-Harvest,3.0,20.38,0.188,0.0,0.0,Mature,0.0,
2017-12-06,0.38291506,0.07327941,,-13.98526803,7.611,0.335937146,0.31101016,1.0,Mature,2.0,19.37,0.177,0.0,0.0,Mature,0.0,
2017-12-07,2.990458887,3.107200867,0.224332438,-14.08397888,7.611,0.224332438,0.307530124,1.0,Mature,2.0,19.37,0.177,-0.111604708,0.0,Post_Harvest,0.0,
2017-12-08,7.126807492,1.979905894,,-13.93096446,7.611,0.224332438,0.304050087,1.0,Mature,2.0,19.37,0.177,0.0,0.0,Post_Harvest,0.0,
2017-12-09,12.74569354,18.75736313,,-13.77795005,7.611,0.224332438,0.288106557,1.0,Post-Harvest,3.0,19.37,0.177,0.0,0.0,Post_Harvest,0.0,
2017-12-10,21.07992824,4.854450205,,-13.62493563,7.611,0.224332438,0.272163027,1.0,Post-Harvest,3.0,19.37,0.177,0.0,0.0,Post_Harvest,0.0,
2017-12-11,0.012236279,0.013109185,,-13.47192121,7.611,0.224332438,0.256219498,1.0,Post-Harvest,3.0,21.45,0.422,0.0,0.0,Growing,0.0,
2017-12-12,0.0,0.002180323,0.25103792,-13.31890679,7.611,0.25103792,0.244091037,1.0,Post-Harvest,3.0,21.45,0.422,0.026705482,0.0,Growing,0.0,
2017-12-13,0.067425587,0.0,,-13.37528856,7.611,0.25103792,0.231962576,1.0,Post-Harvest,3.0,21.45,0.422,0.0,0.0,Growing,0.0,
2017-12-14,0.0,0.0,,-13.43167034,7.611,0.25103792,0.235777645,1.0,Post-Harvest,3.0,21.45,0.422,0.0,0.0,Growing,0.0,
2017-12-15,0.003160258,0.0,,-13.48805211,7.611,0.25103792,0.239592714,1.0,Post-Harvest,3.0,21.45,0.422,0.0,0.0,Growing,0.0,
2017-12-16,0.0,0.0,,-13.54443389,7.611,0.25103792,0.243407783,1.0,Post-Harvest,3.0,18.55,0.352,0.0,0.0,Post_Harvest,0.0,
2017-12-17,0.0,0.0,0.286149701,-13.60081566,7.611,0.286149701,0.25223882,1.0,Post-Harvest,3.0,18.55,0.352,0.035111781,0.0,Post_Harvest,0.0,
2017-12-18,0.701535632,0.106024705,,-13.4647946,7.611,0.286149701,0.261069858,1.0,Post-Harvest,3.0,18.55,0.352,0.0,0.0,Post_Harvest,0.0,
2017-12-19,3.297169179,2.116983145,,-13.32877354,7.611,0.286149701,0.266085826,0.0,Post-Harvest,0.0,18.55,0.352,0.0,0.0,Post_Harvest,0.0,
2017-12-20,0.849364811,1.061740539,,-13.19275248,6.498,0.286149701,0.271101795,0.0,Post-Harvest,0.0,18.55,0.352,0.0,0.0,Post_Harvest,0.0,
2017-12-21,2.614828244,0.413370925,,-13.05673142,6.498,0.286149701,0.276117764,0.0,Post-Harvest,0.0,18.91,0.313,0.0,0.0,Post_Harvest,0.0,
2017-12-22,0.865633538,0.218691908,0.254042594,-12.92071036,6.498,0.254042594,0.276547003,0.0,Post-Harvest,0.0,18.91,0.313,-0.032107107,0.0,Post_Harvest,0.0,
2017-12-23,0.036745856,0.017882814,,-12.93109846,6.498,0.254042594,0.276976242,0.0,Post-Harvest,0.0,18.91,0.313,0.0,0.0,Post_Harvest,0.0,
2017-12-24,0.423472211,0.0,,-12.94148656,6.498,0.254042594,0.272389512,0.0,Post-Harvest,0.0,18.91,0.313,0.0,0.0,Post_Harvest,0.0,
2017-12-25,0.240060034,0.0,,-12.95187466,6.498,0.254042594,0.267802783,0.0,Post-Harvest,0.0,18.91,0.313,0.0,0.0,Post_Harvest,0.0,
2017-12-26,0.0,0.022869787,,-12.96226276,6.498,0.254042594,0.263216053,0.0,Post-Harvest,0.0,18.16,0.287,0.0,0.0,Post_Harvest,0.0,
2017-12-27,0.0,0.0,0.259180762,-12.97265086,6.498,0.259180762,0.259363348,0.0,Post-Harvest,0.0,18.16,0.287,0.005138169,0.0,Post_Harvest,0.0,
2017-12-28,0.0,0.0,,-12.91238381,6.498,0.259180762,0.255510642,0.0,Post-Harvest,0.0,18.16,0.287,0.0,0.0,Post_Harvest,0.0,
2017-12-29,0.0,0.0,,-12.85211676,6.498,0.259180762,0.256244666,0.0,Post-Harvest,0.0,18.16,0.287,0.0,0.0,Post_Harvest,0.0,
2017-12-30,0.0,0.024572743,,-12.7918497,6.498,0.259180762,0.25697869,0.0,Post-Harvest,0.0,18.16,0.287,0.0,0.0,Post_Harvest,0.0,
2017-12-31,0.0,0.161029575,,-12.73158265,6.498,0.259180762,0.257712714,0.0,Post-Harvest,0.0,19.18,0.258,0.0,0.0,Post_Harvest,0.0,
2018-01-01,0.162974778,0.072156148,0.275007181,-12.67131559,6.498,0.275007181,0.260707655,0.0,Post-Harvest,0.0,19.18,0.258,0.015826419,0.0,Post_Harvest,0.0,
2018-01-02,2.015926159,3.555180346,,-12.64271913,6.498,0.275007181,0.263702596,0.0,Post-Harvest,0.0,19.18,0.258,0.0,0.0,Post_Harvest,0.0,
2018-01-03,0.0,0.0,,-12.61412267,6.498,0.275007181,0.265963513,0.0,Post-Harvest,0.0,19.18,0.258,0.0,0.0,Post_Harvest,0.0,
2018-01-04,0.0,0.0,,-12.58552621,6.498,0.275007181,0.26822443,0.0,Post-Harvest,0.0,19.18,0.258,0.0,0.0,Post_Harvest,0.0,
2018-01-05,0.0,0.0,,-12.55692975,6.498,0.275007181,0.270485347,0.0,Post-Harvest,0.0,16.95,0.291,0.0,0.0,Post_Harvest,0.0,
2018-01-06,0.0,0.0,0.214519649,-12.52833328,6.498,0.214519649,0.264105188,0.0,Post-Harvest,0.0,16.95,0.291,-0.060487533,0.0,Post_Harvest,0.0,
2018-01-07,0.0,0.0,,-12.54552713,6.498,0.214519649,0.257725029,0.0,Post-Harvest,0.0,16.95,0.291,0.0,0.0,Post_Harvest,0.0,
2018-01-08,0.0,0.0,,-12.56272098,6.498,0.214519649,0.249083953,0.0,Post-Harvest,0.0,16.95,0.291,0.0,0.0,Post_Harvest,0.0,
2018-01-09,0.0,0.0,,-12.57991482,6.498,0.214519649,0.240442877,0.0,Post-Harvest,0.0,16.95,0.291,0.0,0.0,Post_Harvest,0.0,
2018-01-10,0.0,0.0,,-12.59710867,6.498,0.214519649,0.231801801,0.0,Post-Harvest,0.0,15.1,0.254,0.0,0.0,Post_Harvest,0.0,
2018-01-11,0.0,0.055125657,0.282542014,-12.61430252,6.498,0.282542014,0.232878206,0.0,Post-Harvest,0.0,15.1,0.254,0.068022366,0.0,Post_Harvest,0.0,
2018-01-12,0.0,0.027150426,,-12.44424088,6.498,0.282542014,0.23395461,0.0,Post-Harvest,0.0,15.1,0.254,0.0,0.0,Post_Harvest,0.0,
2018-01-13,0.0,0.002354828,,-12.27417924,6.498,0.282542014,0.243672091,0.0,Post-Harvest,0.0,15.1,0.254,0.0,0.0,Post_Harvest,0.0,
2018-01-14,0.0,0.0,,-12.1041176,6.498,0.282542014,0.253389572,0.0,Post-Harvest,0.0,15.1,0.254,0.0,0.0,Post_Harvest,0.0,
2018-01-15,0.0,0.0,,-11.93405596,6.498,0.282542014,0.263107053,0.0,Post-Harvest,0.0,17.31,0.252,0.0,0.0,Post_Harvest,0.0,
2018-01-16,0.399701707,0.0,0.281415073,-11.76399432,6.14,0.281415073,0.272663542,0.0,Post-Harvest,0.0,17.31,0.252,-0.001126941,0.0,Post_Harvest,0.0,
2018-01-17,0.0,0.0,,-11.73179432,6.14,0.281415073,0.282220031,0.0,Post-Harvest,0.0,17.31,0.252,0.0,0.0,Post_Harvest,0.0,
2018-01-18,0.0,0.0,,-11.69959431,6.14,0.281415073,0.28205904,0.0,Post-Harvest,0.0,17.31,0.252,0.0,0.0,Post_Harvest,0.0,
2018-01-19,0.0,0.0,,-11.6673943,6.14,0.281415073,0.281898048,0.0,Post-Harvest,0.0,17.31,0.252,0.0,0.0,Post_Harvest,0.0,
2018-01-20,0.0,0.0,,-11.6351943,6.14,0.281415073,0.281737056,0.0,Post-Harvest,0.0,17.83,0.227,0.0,0.0,Post_Harvest,0.0,
2018-01-21,0.0,0.0,0.287417842,-11.60299429,6.14,0.287417842,0.282433603,0.0,Post-Harvest,0.0,17.83,0.227,0.006002769,0.0,Post_Harvest,0.0,
2018-01-22,0.0,0.0,,-11.48270194,6.14,0.287417842,0.28313015,0.0,Post-Harvest,0.0,17.83,0.227,0.0,0.0,Post_Harvest,0.0,
2018-01-23,0.0,0.0,,-11.36240959,6.14,0.287417842,0.283987689,0.0,Post-Harvest,0.0,17.83,0.227,0.0,0.0,Post_Harvest,0.0,
2018-01-24,0.0,0.0,,-11.24211725,6.14,0.287417842,0.284845227,0.0,Post-Harvest,0.0,17.83,0.227,0.0,0.0,Post_Harvest,0.0,
2018-01-25,0.0,0.0,,-11.1218249,6.14,0.287417842,0.285702766,0.0,Post-Harvest,0.0,17.65,0.207,0.0,0.0,Post_Harvest,0.0,
2018-01-26,0.0,0.0,0.335092718,-11.00153255,6.14,0.335092718,0.293371001,0.0,Post-Harvest,0.0,17.65,0.207,0.047674876,0.0,Mature,0.0,
2018-01-27,0.0,0.0,,-11.00745431,6.14,0.335092718,0.301039236,0.0,Mature,0.0,17.65,0.207,0.0,0.0,Mature,0.0,
2018-01-28,0.0,0.0,,-11.01337607,6.14,0.335092718,0.307849932,0.0,Mature,0.0,17.65,0.207,0.0,0.0,Mature,0.0,
2018-01-29,0.0,0.0,,-11.01929784,6.14,0.335092718,0.314660629,0.0,Mature,0.0,17.65,0.207,0.0,0.0,Mature,0.0,
2018-01-30,0.0,0.0,,-11.0252196,6.14,0.335092718,0.321471325,0.0,Mature,0.0,15.95,0.194,0.0,0.0,Mature,0.0,
2018-01-31,0.0,0.022126957,0.331117813,-11.03114136,6.14,0.331117813,0.327714178,0.0,Mature,0.0,15.95,0.194,-0.003974906,0.0,Mature,0.0,
2018-02-01,0.0,0.021667583,,-11.11313189,6.14,0.331117813,0.333957031,0.0,Mature,0.0,15.95,0.194,0.0,0.0,Mature,0.0,
2018-02-02,0.0,0.0,,-11.19512242,6.14,0.331117813,0.333389187,0.0,Mature,0.0,15.95,0.194,0.0,0.0,Mature,0.0,
2018-02-03,0.0,0.0,,-11.27711295,6.14,0.331117813,0.332821344,0.0,Mature,0.0,15.95,0.194,0.0,0.0,Mature,0.0,
2018-02-04,0.0,0.0,,-11.35910348,6.14,0.331117813,0.3322535,0.0,Mature,0.0,19.02,0.193,0.0,0.0,Mature,0.0,
2018-02-05,0.0,0.001068342,0.508094185,-11.44109401,6.14,0.508094185,0.356967995,0.0,Mature,0.0,19.02,0.193,0.176976372,0.0,Mature,0.0,
2018-02-06,0.023630861,0.004491091,,-11.24078885,6.14,0.508094185,0.38168249,0.0,Mature,0.0,19.02,0.193,0.0,0.0,Mature,0.0,
2018-02-07,1.348075467,0.027295841,,-11.0404837,6.14,0.508094185,0.406964829,0.0,Mature,0.0,19.02,0.193,0.0,0.0,Mature,0.0,
2018-02-08,0.340976014,0.009919939,,-10.84017854,6.14,0.508094185,0.432247168,0.0,Mature,0.0,19.02,0.193,0.0,0.0,Mature,0.0,
2018-02-09,0.080893733,0.004437361,,-10.63987338,6.14,0.508094185,0.457529507,0.0,Mature,0.0,19.7,0.18,0.0,0.0,Mature,0.0,
2018-02-10,0.041164816,0.00494399,0.507252868,-10.43956823,6.14,0.507252868,0.482691658,0.0,Mature,0.0,19.7,0.18,-0.000841316,0.0,Mature,0.0,
2018-02-11,0.066735578,0.03080614,,-10.62709403,6.14,0.507252868,0.507853808,0.0,Mature,0.0,19.7,0.18,0.0,0.0,Mature,0.0,
2018-02-12,0.002219208,0.000400868,,-10.81461984,5.784,0.507252868,0.50773362,0.0,Mature,0.0,19.7,0.18,0.0,0.0,Mature,0.0,
2018-02-13,0.102491698,0.030836443,,-11.00214565,5.784,0.507252868,0.507613432,0.0,Mature,0.0,19.7,0.18,0.0,0.0,Mature,0.0,
2018-02-14,0.105815581,0.000732901,,-11.18967145,5.784,0.507252868,0.507493244,0.0,Mature,0.0,19.83,0.171,0.0,0.0,Mature,0.0,
2018-02-15,0.0,0.0,0.525356107,-11.37719726,5.784,0.525356107,0.509959233,0.0,Mature,0.0,19.83,0.171,0.018103239,0.0,Mature,0.0,
2018-02-16,0.0,0.002032353,,-11.29185641,5.784,0.525356107,0.512425222,0.0,Mature,0.0,19.83,0.171,0.0,0.0,Mature,0.0,
2018-02-17,0.0,0.003403359,,-11.20651556,5.784,0.525356107,0.515011399,0.0,Mature,0.0,19.83,0.171,0.0,0.0,Mature,0.0,
2018-02-18,0.0,0.001585433,,-11.12117472,5.784,0.525356107,0.517597576,0.0,Mature,0.0,19.83,0.171,0.0,0.0,Mature,0.0,
2018-02-19,0.0,0.006648971,,-11.03583387,5.784,0.525356107,0.520183753,0.0,Mature,0.0,20.33,0.165,0.0,0.0,Mature,0.0,
2018-02-20,0.0,0.0,0.647022398,-10.95049302,5.784,0.647022398,0.540150829,0.0,Mature,0.0,20.33,0.165,0.12166629,0.0,Growing,0.0,
2018-02-21,0.0,0.0,,-11.02056906,5.784,0.647022398,0.560117905,0.0,Mature,0.0,20.33,0.165,0.0,0.0,Growing,0.0,
2018-02-22,0.0,0.000189146,,-11.0906451,5.784,0.647022398,0.577498803,0.0,Mature,0.0,20.33,0.165,0.0,0.0,Growing,0.0,
2018-02-23,0.0,3.49e-05,,-11.16072113,5.784,0.647022398,0.594879702,0.0,Mature,0.0,20.33,0.165,0.0,0.0,Growing,0.0,
2018-02-24,0.0,0.000132493,,-11.23079717,5.784,0.647022398,0.6122606,0.0,Growing,0.0,22.95,0.17,0.0,0.0,Growing,0.0,
2018-02-25,11.73406966,10.02004836,0.64503761,-11.30087321,5.784,0.64503761,0.629357958,0.0,Growing,0.0,22.95,0.17,-0.001984787,0.0,Growing,0.0,
2018-02-26,3.457009053,7.826885497,,-11.3734181,5.784,0.64503761,0.646455316,0.0,Growing,0.0,22.95,0.17,0.0,0.0,Growing,0.0,
2018-02-27,0.0,0.006021633,,-11.445963,5.784,0.64503761,0.646171774,0.0,Growing,0.0,22.95,0.17,0.0,0.0,Growing,0.0,
2018-02-28,0.0,0.0,,-11.51850789,5.784,0.64503761,0.645888233,0.0,Growing,0.0,22.95,0.17,0.0,0.0,Growing,0.0,
2018-03-01,0.0,0.0,,-11.59105279,5.784,0.64503761,0.645604692,0.0,Growing,0.0,22.59,0.209,0.0,0.0,Growing,0.0,
2018-03-02,0.0,0.003921323,0.649390826,-11.66359769,5.784,0.649390826,0.645943039,0.0,Growing,0.0,22.59,0.209,0.004353216,0.0,Growing,0.0,
2018-03-03,0.0,0.0,,-11.75846654,5.784,0.649390826,0.646281386,0.0,Growing,0.0,22.59,0.209,0.0,0.0,Growing,0.0,
2018-03-04,0.0,0.0,,-11.85333539,5.784,0.649390826,0.646903274,0.0,Growing,0.0,22.59,0.209,0.0,0.0,Growing,0.0,
2018-03-05,0.123459825,0.0,,-11.94820424,5.784,0.649390826,0.647525162,0.0,Growing,0.0,22.59,0.209,0.0,0.0,Growing,0.0,
2018-03-06,0.0,0.0,,-12.04307309,5.784,0.649390826,0.64814705,0.0,Growing,0.0,23.93,0.203,0.0,0.0,Growing,0.0,
2018-03-07,0.0,0.0,0.659826088,-12.13794194,5.784,0.659826088,0.65025969,0.0,Growing,0.0,23.93,0.203,0.010435261,0.0,Growing,0.0,
2018-03-08,0.0,0.015134523,,-12.1134741,5.784,0.659826088,0.65237233,0.0,Growing,0.0,23.93,0.203,0.0,0.0,Growing,0.0,
2018-03-09,0.0,0.002729403,,-12.08900627,5.784,0.659826088,0.653863081,0.0,Growing,0.0,23.93,0.203,0.0,0.0,Growing,0.0,
2018-03-10,0.0,0.0,,-12.06453843,5.784,0.659826088,0.655353833,0.0,Growing,0.0,23.93,0.203,0.0,0.0,Growing,0.0,
2018-03-11,0.0,0.0,,-12.04007059,5.784,0.659826088,0.656844584,0.0,Growing,0.0,23.2,0.169,0.0,0.0,Growing,0.0,
2018-03-12,0.441180812,0.368091734,0.576087292,-12.01560276,5.784,0.576087292,0.646372651,0.0,Growing,0.0,23.2,0.169,-0.083738796,0.0,Mature,0.0,
2018-03-13,0.033785535,0.482845881,,-11.96448639,5.784,0.576087292,0.635900717,0.0,Growing,0.0,23.2,0.169,0.0,0.0,Mature,0.0,
2018-03-14,0.0,0.025583857,,-11.91337002,5.784,0.576087292,0.623938032,0.0,Growing,0.0,23.2,0.169,0.0,0.0,Mature,0.0,
2018-03-15,0.0,14.22846194,,-11.86225365,5.784,0.576087292,0.611975347,0.0,Growing,0.0,23.2,0.169,0.0,0.0,Mature,0.0,
2018-03-16,0.218414016,2.671209309,,-11.81113728,5.784,0.576087292,0.600012662,0.0,Growing,0.0,22.45,0.34,0.0,0.0,Mature,0.0,
2018-03-17,0.0,0.196515687,0.581187008,-11.7600209,5.784,0.581187008,0.588778508,0.0,Mature,0.0,22.45,0.34,0.005099716,0.0,Mature,0.0,
2018-03-18,0.0,0.0,,-11.72832081,5.784,0.581187008,0.577544353,0.0,Mature,0.0,22.45,0.34,0.0,0.0,Mature,0.0,
2018-03-19,0.0,0.0,,-11.69662071,5.784,0.581187008,0.578272884,0.0,Mature,0.0,22.45,0.34,0.0,0.0,Mature,0.0,
2018-03-20,0.0,0.0,,-11.66492061,5.784,0.581187008,0.579001415,0.0,Mature,0.0,22.45,0.34,0.0,0.0,Mature,0.0,
2018-03-21,0.0,0.0,,-11.63322051,5.784,0.581187008,0.579729946,0.0,Mature,0.0,23.83,0.254,0.0,0.0,Mature,0.0,
2018-03-22,0.0,0.04044812,0.585046096,-11.60152041,5.784,0.585046096,0.581009775,0.0,Mature,0.0,23.83,0.254,0.003859089,0.0,Mature,0.0,
2018-03-23,0.022241112,0.065240757,,-11.3960342,5.784,0.585046096,0.582289604,0.0,Mature,0.0,23.83,0.254,0.0,0.0,Mature,0.0,
2018-03-24,0.0,0.052214396,,-11.19054799,5.784,0.585046096,0.582840903,0.0,Mature,0.0,23.83,0.254,0.0,0.0,Mature,0.0,
2018-03-25,0.091014356,0.012408215,,-10.98506179,5.784,0.585046096,0.583392201,0.0,Mature,0.0,23.83,0.254,0.0,0.0,Mature,0.0,
2018-03-26,2.787029728,0.174675661,,-10.77957558,5.784,0.585046096,0.5839435,0.0,Mature,0.0,24.96,0.289,0.0,0.0,Mature,0.0,
2018-03-27,0.034973756,0.657498105,0.350803202,-10.57408937,5.784,0.350803202,0.551031527,0.0,Mature,0.0,24.96,0.289,-0.234242894,0.0,Mature,0.0,
2018-03-28,20.63990024,2.559498974,,-10.58690731,5.784,0.350803202,0.518119555,0.0,Mature,0.0,24.96,0.289,0.0,0.0,Mature,0.0,
2018-03-29,29.34524112,22.88911835,,-10.59972524,5.784,0.350803202,0.484656284,0.0,Mature,0.0,24.96,0.289,0.0,0.0,Mature,0.0,
2018-03-30,8.19265475,14.05123259,,-10.61254317,5.784,0.350803202,0.451193014,0.0,Mature,0.0,24.96,0.289,0.0,0.0,Mature,0.0,
2018-03-31,9.885296715,8.781405241,,-10.6253611,5.784,0.350803202,0.417729743,0.0,Mature,0.0,23.84,0.382,0.0,0.0,Mature,0.0,
2018-04-01,0.0,0.139667038,0.350807998,-10.63817904,5.784,0.350807998,0.384267158,0.0,Mature,0.0,23.84,0.382,4.8e-06,0.0,Mature,0.0,
2018-04-02,0.189610977,0.120969446,,-10.5949663,5.784,0.350807998,0.350804572,0.0,Mature,0.0,23.84,0.382,0.0,0.0,Mature,0.0,
2018-04-03,0.037296893,1.325609448,,-10.55175356,5.784,0.350807998,0.350805257,0.0,Mature,0.0,23.84,0.382,0.0,0.0,Mature,0.0,
2018-04-04,0.0,0.035646888,,-10.50854082,5.784,0.350807998,0.350805942,0.0,Mature,0.0,23.84,0.382,0.0,0.0,Mature,0.0,
2018-04-05,27.76968456,20.31383229,,-10.46532807,5.784,0.350807998,0.350806627,0.0,Mature,0.0,25.12,0.32,0.0,0.0,Mature,0.0,
2018-04-06,3.052996632,0.249386903,0.169345875,-10.42211533,5.784,0.169345875,0.324884152,0.0,Mature,0.0,25.12,0.32,-0.181462122,0.0,Post_Harvest,0.0,
2018-04-07,0.845692828,3.445542315,,-10.33778143,5.784,0.169345875,0.298961677,0.0,Post-Harvest,0.0,25.12,0.32,0.0,0.0,Post_Harvest,0.0,
2018-04-08,16.84692311,6.708631439,,-10.25344752,5.784,0.169345875,0.273038517,0.0,Post-Harvest,0.0,25.12,0.32,0.0,0.0,Post_Harvest,0.0,
2018-04-09,18.50832675,17.38512738,,-10.16911361,5.784,0.169345875,0.247115356,0.0,Post-Harvest,0.0,25.12,0.32,0.0,0.0,Post_Harvest,0.0,
2018-04-10,1.281454715,4.042584356,,-10.0847797,5.784,0.169345875,0.221192196,0.0,Post-Harvest,0.0,24.76,0.386,0.0,0.0,Post_Harvest,0.0,
2018-04-11,3.509255339,16.5938418,0.350881524,-10.00044579,5.784,0.350881524,0.2212027,0.0,Post-Harvest,0.0,24.76,0.386,0.181535649,0.0,Mature,0.0,
2018-04-12,2.861464962,9.15711173,,-9.961849085,5.784,0.350881524,0.221213204,0.0,Post-Harvest,0.0,24.76,0.386,0.0,0.0,Mature,0.0,
2018-04-13,10.09398167,24.54105803,,-9.923252378,5.784,0.350881524,0.247146868,0.0,Post-Harvest,0.0,24.76,0.386,0.0,0.0,Mature,0.0,
2018-04-14,11.14764983,27.22899421,,-9.884655671,5.784,0.350881524,0.273080532,0.0,Post-Harvest,0.0,24.76,0.386,0.0,0.0,Mature,0.0,
2018-04-15,0.135984905,0.027720711,,-9.846058964,5.784,0.350881524,0.299014196,0.0,Post-Harvest,0.0,24.94,0.407,0.0,0.0,Mature,0.0,
2018-04-16,0.01027806,0.49225313,0.350881524,-9.807462257,5.784,0.350881524,0.32494786,0.0,Mature,0.0,24.94,0.407,1.11e-16,0.0,Mature,0.0,
2018-04-17,0.8685771,0.526270237,,-9.737614253,5.784,0.350881524,0.350881524,0.0,Mature,0.0,24.94,0.407,0.0,0.0,Mature,0.0,
2018-04-18,0.019510383,0.137826966,,-9.667766248,5.784,0.350881524,0.350881524,0.0,Mature,0.0,24.94,0.407,0.0,0.0,Mature,0.0,
2018-04-19,3.349757617,0.440852352,,-9.597918244,5.784,0.350881524,0.350881524,0.0,Mature,0.0,24.94,0.407,0.0,0.0,Mature,0.0,
2018-04-20,1.177558621,2.578162735,,-9.52807024,5.784,0.350881524,0.350881524,0.0,Mature,0.0,23.72,0.428,0.0,0.0,Mature,0.0,
2018-04-21,12.97643232,2.974613068,0.350835292,-9.458222236,5.784,0.350835292,0.35087492,0.0,Mature,0.0,23.72,0.428,-4.62e-05,0.0,Mature,0.0,
2018-04-22,0.02021671,0.303485871,,-9.492353195,5.784,0.350835292,0.350868315,0.0,Mature,0.0,23.72,0.428,0.0,0.0,Mature,0.0,
2018-04-23,1.796071715,1.138477975,,-9.526484155,5.784,0.350835292,0.35086171,0.0,Mature,0.0,23.72,0.428,0.0,0.0,Mature,0.0,
2018-04-24,5.686931418,3.516881413,,-9.560615114,5.784,0.350835292,0.350855106,0.0,Mature,0.0,23.72,0.428,0.0,0.0,Mature,0.0,
2018-04-25,0.784099814,0.435789636,,-9.594746073,5.784,0.350835292,0.350848501,0.0,Mature,0.0,25.68,0.391,0.0,0.0,Mature,0.0,
2018-04-26,0.682683165,5.58347763,0.440667799,-9.628877033,5.784,0.440667799,0.363675112,0.0,Mature,0.0,25.68,0.391,0.089832507,0.0,Mature,0.0,
2018-04-27,0.49543431,0.23897763,,-9.706022636,5.784,0.440667799,0.376501723,0.0,Mature,0.0,25.68,0.391,0.0,0.0,Mature,0.0,
2018-04-28,54.43029264,20.51807838,,-9.78316824,5.784,0.440667799,0.389334938,0.0,Mature,0.0,25.68,0.391,0.0,0.0,Mature,0.0,
2018-04-29,2.164496726,0.097144299,,-9.860313843,5.784,0.440667799,0.402168153,0.0,Mature,0.0,25.68,0.391,0.0,0.0,Mature,0.0,
2018-04-30,57.7994398,54.3619573,,-9.937459447,5.784,0.440667799,0.415001369,0.0,Mature,0.0,23.99,0.413,0.0,0.0,Mature,0.0,
2018-05-01,18.51557366,57.87846623,0.321132387,-10.01460505,5.784,0.321132387,0.410758096,0.0,Mature,0.0,23.99,0.413,-0.119535412,0.0,Mature,0.0,
2018-05-02,68.72333314,15.64750986,,-10.16182088,5.784,0.321132387,0.406514824,0.0,Mature,0.0,23.99,0.413,0.0,0.0,Mature,0.0,
2018-05-03,0.07178843,0.530796493,,-10.30903671,5.784,0.321132387,0.389438337,0.0,Mature,0.0,23.99,0.413,0.0,0.0,Mature,0.0,
2018-05-04,25.43759798,12.45886588,,-10.45625254,6.844,0.321132387,0.372361849,0.0,Mature,0.0,23.99,0.413,0.0,0.0,Mature,0.0,
2018-05-05,0.123926104,0.032924173,,-10.60346837,6.844,0.321132387,0.355285362,0.0,Mature,0.0,22.69,0.432,0.0,0.0,Mature,0.0,
2018-05-06,21.41601468,23.24003754,0.328016454,-10.7506842,6.844,0.328016454,0.339192313,0.0,Mature,0.0,22.69,0.432,0.006884067,0.0,Mature,0.0,
2018-05-07,152.7858131,44.02311305,,-10.93962958,6.844,0.328016454,0.323099263,0.0,Mature,0.0,22.69,0.432,0.0,0.0,Mature,0.0,
2018-05-08,15.46882453,24.80609643,,-11.12857496,6.844,0.328016454,0.324082701,0.0,Mature,0.0,22.69,0.432,0.0,0.0,Mature,0.0,
2018-05-09,21.98229163,23.2241042,,-11.31752034,6.844,0.328016454,0.32506614,0.0,Mature,0.0,22.69,0.432,0.0,0.0,Mature,0.0,
2018-05-10,12.52266922,35.81356294,,-11.50646572,6.844,0.328016454,0.326049578,0.0,Mature,0.0,24.84,0.422,0.0,0.0,Mature,0.0,
2018-05-11,17.40243126,48.88808216,0.349255933,-11.6954111,6.844,0.349255933,0.330067227,0.0,Mature,0.0,24.84,0.422,0.021239479,0.0,Mature,0.0,
2018-05-12,0.374076137,5.825460808,,-11.9981663,6.844,0.349255933,0.334084877,0.0,Mature,0.0,24.84,0.422,0.0,0.0,Mature,0.0,
2018-05-13,0.131475573,3.733305478,,-12.3009215,6.844,0.349255933,0.337119088,0.0,Mature,0.0,24.84,0.422,0.0,0.0,Mature,0.0,
2018-05-14,0.0,0.0,,-12.6036767,6.844,0.349255933,0.340153299,0.0,Mature,0.0,24.84,0.422,0.0,0.0,Mature,0.0,
2018-05-15,21.74824399,30.95699895,,-12.90643189,6.844,0.349255933,0.34318751,0.0,Mature,0.0,24.88,0.426,0.0,0.0,Mature,0.0,
2018-05-16,0.157589274,0.002862099,0.21609852,-13.20918709,6.844,0.21609852,0.327199234,0.0,Mature,0.0,24.88,0.426,-0.133157413,0.0,Growing,0.0,
2018-05-17,0.0306096,0.021434818,,-13.31866052,6.844,0.21609852,0.311210958,0.0,Mature,0.0,24.88,0.426,0.0,0.0,Growing,0.0,
2018-05-18,0.016716764,0.597225167,,-13.42813395,6.844,0.21609852,0.29218847,0.0,Post-Harvest,0.0,24.88,0.426,0.0,0.0,Growing,0.0,
2018-05-19,3.191640903,0.173547746,,-13.53760738,6.844,0.21609852,0.273165983,0.0,Post-Harvest,0.0,24.88,0.426,0.0,0.0,Growing,0.0,
2018-05-20,1.013491011,0.001354617,,-13.6470808,6.844,0.21609852,0.254143495,0.0,Post-Harvest,0.0,25.13,0.416,0.0,0.0,Growing,0.0,
2018-05-21,5.447917144,0.8233974,0.222491684,-13.75655423,6.844,0.222491684,0.236034317,0.0,Post-Harvest,0.0,25.13,0.416,0.006393164,0.0,Growing,0.0,
2018-05-22,23.30419537,4.324563903,,-13.86325296,6.844,0.222491684,0.217925139,0.0,Post-Harvest,0.0,25.13,0.416,0.0,0.0,Growing,0.0,
2018-05-23,24.03669875,0.708571037,,-13.96995168,6.844,0.222491684,0.218838448,0.0,Post-Harvest,0.0,25.13,0.416,0.0,0.0,Growing,0.0,
2018-05-24,7.161689949,38.42804,,-14.07665041,6.844,0.222491684,0.219751757,0.0,Post-Harvest,0.0,25.13,0.416,0.0,0.0,Growing,0.0,
2018-05-25,48.96368223,44.21761363,,-14.18334914,6.844,0.222491684,0.220665066,0.0,Post-Harvest,0.0,25.6,0.433,0.0,0.0,Growing,0.0,
2018-05-26,17.23770531,27.25441001,0.219444674,-14.29004786,6.844,0.219444674,0.221143088,0.0,Post-Harvest,0.0,25.6,0.433,-0.003047011,0.0,Growing,0.0,
2018-05-27,8.421994595,10.75477612,,-14.39867958,6.844,0.219444674,0.22162111,0.0,Post-Harvest,0.0,25.6,0.433,0.0,0.0,Growing,0.0,
2018-05-28,25.33451346,19.18540254,,-14.5073113,6.844,0.219444674,0.221185823,0.0,Post-Harvest,0.0,25.6,0.433,0.0,0.0,Growing,0.0,
2018-05-29,1.146737234,0.026935083,,-14.61594302,6.844,0.219444674,0.220750535,0.0,Post-Harvest,0.0,25.6,0.433,0.0,0.0,Growing,0.0,
2018-05-30,12.26585727,2.147907121,,-14.72457474,6.844,0.219444674,0.220315248,0.0,Post-Harvest,0.0,28.75,0.369,0.0,0.0,Post_Harvest,0.0,
2018-05-31,10.55525357,5.828417322,0.099223553,-14.83320646,6.497,0.099223553,0.202705515,0.0,Post-Harvest,0.0,28.75,0.369,-0.120221121,0.0,Post_Harvest,0.0,
2018-06-01,9.376004369,1.173434957,,-14.91450059,6.497,0.099223553,0.185095782,0.0,Post-Harvest,0.0,28.75,0.369,0.0,0.0,Post_Harvest,0.0,
2018-06-02,7.66924399,1.162918705,,-14.99579471,6.497,0.099223553,0.167921336,0.0,Post-Harvest,0.0,28.75,0.369,0.0,0.0,Post_Harvest,0.0,
2018-06-03,4.019192544,0.113001905,,-15.07708883,6.497,0.099223553,0.150746891,0.0,Post-Harvest,0.0,28.75,0.369,0.0,0.0,Post_Harvest,0.0,
2018-06-04,5.382309497,0.289110252,,-15.15838296,6.497,0.099223553,0.133572445,0.0,Post-Harvest,0.0,27.47,0.431,0.0,0.0,Growing,0.0,
2018-06-05,23.96792185,6.186293354,0.198991741,-15.23967708,6.497,0.198991741,0.130650597,0.0,Post-Harvest,0.0,27.47,0.431,0.099768188,0.0,Growing,0.0,
2018-06-06,3.892761494,0.806762374,,-15.36213795,6.497,0.198991741,0.12772875,0.0,Post-Harvest,0.0,27.47,0.431,0.0,0.0,Growing,0.0,
2018-06-07,0.80229218,0.706660717,,-15.48459882,6.497,0.198991741,0.141981348,0.0,Post-Harvest,0.0,27.47,0.431,0.0,0.0,Growing,0.0,
2018-06-08,6.983978281,4.860909198,,-15.60705969,6.497,0.198991741,0.156233946,0.0,Post-Harvest,0.0,27.47,0.431,0.0,0.0,Growing,0.0,
2018-06-09,2.588846401,24.71534902,,-15.72952056,6.497,0.198991741,0.170486544,0.0,Post-Harvest,0.0,29.58,0.418,0.0,0.0,Growing,0.0,
2018-06-10,11.25556193,8.141314748,0.105332184,-15.85198143,6.497,0.105332184,0.171359206,0.0,Post-Harvest,0.0,29.58,0.418,-0.093659557,0.0,Growing,0.0,
2018-06-11,6.911541109,2.98922021,,-16.00351021,6.497,0.105332184,0.172231867,0.0,Post-Harvest,0.0,29.58,0.418,0.0,0.0,Growing,0.0,
2018-06-12,90.78594877,118.3464067,,-16.15503899,6.497,0.105332184,0.158851931,0.0,Post-Harvest,0.0,29.58,0.418,0.0,0.0,Growing,0.0,
2018-06-13,81.62956947,123.1279746,,-16.30656778,6.497,0.105332184,0.145471994,0.0,Post-Harvest,0.0,29.58,0.418,0.0,0.0,Growing,0.0,
2018-06-14,65.8534431,76.17157008,,-16.45809656,6.497,0.105332184,0.132092057,0.0,Post-Harvest,0.0,25.37,0.434,0.0,0.0,Growing,0.0,
2018-06-15,47.92907636,55.74673942,0.105332184,-16.60962534,6.497,0.105332184,0.118712121,0.0,Post-Harvest,0.0,25.37,0.434,0.0,0.0,Growing,0.0,
2018-06-16,4.857498716,1.795562496,,-16.67023066,6.497,0.105332184,0.105332184,0.0,Post-Harvest,0.0,25.37,0.434,0.0,0.0,Growing,0.0,
2018-06-17,40.4544971,56.06105505,,-16.73083599,6.497,0.105332184,0.105332184,0.0,Post-Harvest,0.0,25.37,0.434,0.0,0.0,Growing,0.0,
2018-06-18,17.08381522,7.943764494,,-16.79144132,6.497,0.105332184,0.105332184,0.0,Post-Harvest,0.0,25.37,0.434,0.0,0.0,Growing,0.0,
2018-06-19,8.733007461,0.692364974,,-16.85204664,6.497,0.105332184,0.105332184,0.0,Post-Harvest,0.0,26.94,0.42,0.0,0.0,Growing,0.0,
2018-06-20,10.11710637,2.630632524,0.105332184,-16.91265197,6.497,0.105332184,0.105332184,1.0,Post-Harvest,3.0,26.94,0.42,0.0,0.0,Growing,0.0,
2018-06-21,35.22514844,13.57328659,,-16.91692748,6.497,0.105332184,0.105332184,1.0,Post-Harvest,3.0,26.94,0.42,0.0,0.0,Growing,0.0,
2018-06-22,20.20792502,13.32004918,,-16.921203,6.497,0.105332184,0.105332184,1.0,Post-Harvest,3.0,26.94,0.42,0.0,0.0,Growing,0.0,
2018-06-23,79.09652225,77.36187416,,-16.92547851,6.497,0.105332184,0.105332184,1.0,Post-Harvest,3.0,26.94,0.42,0.0,0.0,Growing,0.0,
2018-06-24,51.747378,59.67079454,,-16.92975402,6.497,0.105332184,0.105332184,1.0,Post-Harvest,3.0,26.2,0.434,0.0,0.0,Growing,0.0,
2018-06-25,24.05770509,5.370921038,0.070374203,-16.93402954,6.497,0.070374203,0.100338187,1.0,Post-Harvest,3.0,26.2,0.434,-0.034957981,0.0,Growing,0.0,
2018-06-26,17.71401183,16.34031668,,-16.89299155,6.497,0.070374203,0.095344189,1.0,Post-Harvest,3.0,26.2,0.434,0.0,0.0,Growing,0.0,
2018-06-27,22.41266034,0.320380859,,-16.85195357,8.076,0.070374203,0.090350192,1.0,Post-Harvest,3.0,26.2,0.434,0.0,1.0,Growing,1.0,
2018-06-28,8.56467592,0.375267528,,-16.81091559,8.076,0.070374203,0.085356195,1.0,Post-Harvest,3.0,26.2,0.434,0.0,1.0,Growing,1.0,
2018-06-29,32.92187134,8.584489002,,-16.76987761,8.076,0.070374203,0.080362197,1.0,Post-Harvest,3.0,27.09,0.429,0.0,1.0,Growing,1.0,
2018-06-30,39.47069782,57.69650617,0.172984853,-16.72883962,8.076,0.172984853,0.090026864,1.0,Post-Harvest,3.0,27.09,0.429,0.102610651,1.0,Growing,1.0,
2018-07-01,71.99447219,93.23728993,,-16.55300824,8.076,0.172984853,0.099691531,1.0,Post-Harvest,3.0,27.09,0.429,0.0,1.0,Growing,1.0,
2018-07-02,36.06693829,81.03402137,,-16.37717686,8.076,0.172984853,0.114350196,1.0,Post-Harvest,3.0,27.09,0.429,0.0,1.0,Growing,1.0,
2018-07-03,42.48571599,65.76376943,,-16.20134548,8.076,0.172984853,0.12900886,1.0,Post-Harvest,3.0,27.09,0.429,0.0,1.0,Growing,1.0,
2018-07-04,45.95877922,103.0601168,,-16.02551409,8.076,0.172984853,0.143667525,1.0,Post-Harvest,3.0,25.93,0.435,0.0,1.0,Growing,1.0,
2018-07-05,4.749510888,2.938501987,0.172984853,-15.84968271,8.076,0.172984853,0.158326189,1.0,Post-Harvest,3.0,25.93,0.435,0.0,0.0,Growing,0.0,
2018-07-06,8.317069587,0.137176215,,-15.68218214,8.076,0.172984853,0.172984853,1.0,Post-Harvest,3.0,25.93,0.435,0.0,0.0,Growing,0.0,
2018-07-07,21.48610756,18.21179982,,-15.51468157,8.076,0.172984853,0.172984853,1.0,Post-Harvest,3.0,25.93,0.435,0.0,0.0,Growing,0.0,
2018-07-08,9.859495639,3.390016511,,-15.347181,8.076,0.172984853,0.172984853,1.0,Post-Harvest,3.0,25.93,0.435,0.0,0.0,Growing,0.0,
2018-07-09,7.61604655,0.053209391,,-15.17968042,8.076,0.172984853,0.172984853,1.0,Post-Harvest,3.0,27.89,0.428,0.0,0.0,Growing,0.0,
2018-07-10,8.11064862,0.117940318,0.172984853,-15.01217985,8.076,0.172984853,0.172984853,1.0,Post-Harvest,3.0,27.89,0.428,0.0,0.0,Growing,0.0,
2018-07-11,7.334974555,8.149216268,,-15.010798,8.076,0.172984853,0.172984853,1.0,Post-Harvest,3.0,27.89,0.428,0.0,0.0,Growing,0.0,
2018-07-12,40.16697781,8.156969787,,-15.00941614,8.076,0.172984853,0.172984853,1.0,Post-Harvest,3.0,27.89,0.428,0.0,0.0,Growing,0.0,
2018-07-13,41.81716599,9.977699111,,-15.00803429,8.076,0.172984853,0.172984853,1.0,Post-Harvest,3.0,27.89,0.428,0.0,0.0,Growing,0.0,
2018-07-14,29.35128721,54.10118151,,-15.00665243,8.076,0.172984853,0.172984853,1.0,Post-Harvest,3.0,29.01,0.422,0.0,0.0,Growing,0.0,
2018-07-15,20.50934138,18.39645311,0.192223518,-15.00527058,8.076,0.192223518,0.175733234,1.0,Post-Harvest,3.0,29.01,0.422,0.019238664,0.0,Growing,0.0,
2018-07-16,13.58554063,15.18591413,,-15.02782231,8.076,0.192223518,0.178481615,1.0,Post-Harvest,3.0,29.01,0.422,0.0,0.0,Growing,0.0,
2018-07-17,17.46477753,11.05169447,,-15.05037403,8.076,0.192223518,0.181229995,1.0,Post-Harvest,3.0,29.01,0.422,0.0,0.0,Growing,0.0,
2018-07-18,6.0143377,1.042419642,,-15.07292576,8.076,0.192223518,0.183978376,1.0,Post-Harvest,3.0,29.01,0.422,0.0,0.0,Growing,0.0,
2018-07-19,3.303375692,0.496691577,,-15.09547749,8.076,0.192223518,0.186726757,1.0,Post-Harvest,3.0,31.54,0.391,0.0,0.0,Post_Harvest,0.0,
2018-07-20,35.61105616,37.25485498,0.054359647,-15.11802922,8.076,0.054359647,0.169780298,1.0,Post-Harvest,3.0,31.54,0.391,-0.137863871,0.0,Post_Harvest,0.0,
2018-07-21,13.61715727,17.13208525,,-15.1070019,8.076,0.054359647,0.15283384,1.0,Post-Harvest,3.0,31.54,0.391,0.0,0.0,Post_Harvest,0.0,
2018-07-22,5.495527809,0.739613074,,-15.09597458,8.076,0.054359647,0.133139002,1.0,Post-Harvest,3.0,31.54,0.391,0.0,0.0,Post_Harvest,0.0,
2018-07-23,23.34889467,6.395548083,,-15.08494726,8.076,0.054359647,0.113444163,0.0,Post-Harvest,0.0,31.54,0.391,0.0,0.0,Post_Harvest,0.0,
2018-07-24,31.59107373,6.779009874,,-15.07391995,6.824,0.054359647,0.093749324,0.0,Post-Harvest,0.0,25.76,0.434,0.0,0.0,Growing,0.0,
2018-07-25,54.56000321,42.73283626,0.054359647,-15.06289263,6.824,0.054359647,0.074054485,0.0,Post-Harvest,0.0,25.76,0.434,0.0,0.0,Growing,0.0,
2018-07-26,8.188914395,7.671055624,,-15.2104896,6.824,0.054359647,0.054359647,0.0,Post-Harvest,0.0,25.76,0.434,0.0,0.0,Growing,0.0,
2018-07-27,20.44979635,24.12323528,,-15.35808657,6.824,0.054359647,0.054359647,0.0,Post-Harvest,0.0,25.76,0.434,0.0,0.0,Growing,0.0,
2018-07-28,48.51152276,34.59433259,,-15.50568354,6.824,0.054359647,0.054359647,0.0,Post-Harvest,0.0,25.76,0.434,0.0,0.0,Growing,0.0,
2018-07-29,28.77618967,9.971987163,,-15.65328052,6.824,0.054359647,0.054359647,0.0,Post-Harvest,0.0,26.79,0.43,0.0,0.0,Growing,0.0,
2018-07-30,32.55133747,17.43971304,0.207551651,-15.80087749,6.824,0.207551651,0.076244219,0.0,Post-Harvest,0.0,26.79,0.43,0.153192004,0.0,Growing,0.0,
2018-07-31,13.02142994,4.547927738,,-15.84068119,6.824,0.207551651,0.098128791,0.0,Post-Harvest,0.0,26.79,0.43,0.0,0.0,Growing,0.0,
2018-08-01,8.875005212,10.51986423,,-15.88048489,6.824,0.207551651,0.120013363,0.0,Post-Harvest,0.0,26.79,0.43,0.0,0.0,Growing,0.0,
2018-08-02,17.15864534,5.900603158,,-15.92028859,6.824,0.207551651,0.141897935,0.0,Post-Harvest,0.0,26.79,0.43,0.0,0.0,Growing,0.0,
2018-08-03,1.405638982,0.270542086,,-15.96009229,6.824,0.207551651,0.163782507,0.0,Post-Harvest,0.0,26.48,0.431,0.0,0.0,Growing,0.0,
2018-08-04,7.575079611,0.295921856,0.18475118,-15.99989599,6.824,0.18475118,0.182409869,0.0,Post-Harvest,0.0,26.48,0.431,-0.022800471,0.0,Growing,0.0,
2018-08-05,19.69030501,8.814141249,,-15.88129293,6.824,0.18475118,0.201037231,0.0,Post-Harvest,0.0,26.48,0.431,0.0,0.0,Growing,0.0,
2018-08-06,8.717288019,7.802148413,,-15.76268987,6.824,0.18475118,0.19778002,0.0,Post-Harvest,0.0,26.48,0.431,0.0,0.0,Growing,0.0,
2018-08-07,31.01487162,78.46086678,,-15.64408681,6.824,0.18475118,0.19452281,0.0,Post-Harvest,0.0,26.48,0.431,0.0,0.0,Growing,0.0,
2018-08-08,10.41806419,6.3697134,,-15.52548375,6.824,0.18475118,0.1912656,0.0,Post-Harvest,0.0,28.2,0.414,0.0,0.0,Growing,0.0,
2018-08-09,19.70608705,6.647966945,0.208235561,-15.40688069,6.824,0.208235561,0.191363301,0.0,Post-Harvest,0.0,28.2,0.414,0.023484381,0.0,Growing,0.0,
2018-08-10,15.15694978,3.137947963,,-15.42512716,6.824,0.208235561,0.191461003,0.0,Post-Harvest,0.0,28.2,0.414,0.0,0.0,Growing,0.0,
2018-08-11,35.10203966,37.0624183,,-15.44337363,6.824,0.208235561,0.194815914,0.0,Post-Harvest,0.0,28.2,0.414,0.0,0.0,Growing,0.0,
2018-08-12,29.53821648,41.91241632,,-15.4616201,6.824,0.208235561,0.198170826,0.0,Post-Harvest,0.0,28.2,0.414,0.0,0.0,Growing,0.0,
2018-08-13,18.64266967,17.32509766,,-15.47986657,6.824,0.208235561,0.201525738,0.0,Post-Harvest,0.0,27.76,0.418,0.0,0.0,Growing,0.0,
2018-08-14,19.91403572,5.188795404,0.217311212,-15.49811304,6.824,0.217311212,0.206177171,0.0,Post-Harvest,0.0,27.76,0.418,0.009075652,0.0,Growing,0.0,
2018-08-15,113.2648944,27.91346708,,-15.45552274,6.824,0.217311212,0.210828604,0.0,Post-Harvest,0.0,27.76,0.418,0.0,0.0,Growing,0.0,
2018-08-16,5.812910831,14.23258245,,-15.41293244,6.824,0.217311212,0.212125126,0.0,Post-Harvest,0.0,27.76,0.418,0.0,0.0,Growing,0.0,
2018-08-17,3.229312429,2.428953491,,-15.37034214,6.824,0.217311212,0.213421647,0.0,Post-Harvest,0.0,27.76,0.418,0.0,0.0,Growing,0.0,
2018-08-18,3.75199079,0.159404258,,-15.32775184,6.824,0.217311212,0.214718169,0.0,Post-Harvest,0.0,30.16,0.41,0.0,0.0,Growing,0.0,
2018-08-19,2.667760966,1.743034012,0.095529088,-15.28516155,6.824,0.095529088,0.198617244,0.0,Post-Harvest,0.0,30.16,0.41,-0.121782124,0.0,Growing,0.0,
2018-08-20,10.1485313,4.962047139,,-15.28531286,6.497,0.095529088,0.18251632,0.0,Post-Harvest,0.0,30.16,0.41,0.0,0.0,Growing,0.0,
2018-08-21,4.872889488,5.728317546,,-15.28546418,6.497,0.095529088,0.165118873,0.0,Post-Harvest,0.0,30.16,0.41,0.0,0.0,Growing,0.0,
2018-08-22,4.19581997,4.176827274,,-15.2856155,6.497,0.095529088,0.147721427,0.0,Post-Harvest,0.0,30.16,0.41,0.0,0.0,Growing,0.0,
2018-08-23,63.99750653,39.76458501,,-15.28576682,6.497,0.095529088,0.130323981,0.0,Post-Harvest,0.0,27.24,0.43,0.0,0.0,Growing,0.0,
2018-08-24,34.06536436,73.37012325,0.095529088,-15.28591814,6.497,0.095529088,0.112926535,0.0,Post-Harvest,0.0,27.24,0.43,0.0,0.0,Growing,0.0,
2018-08-25,30.48665813,65.00312611,,-15.33561619,6.497,0.095529088,0.095529088,0.0,Post-Harvest,0.0,27.24,0.43,0.0,0.0,Growing,0.0,
2018-08-26,31.97559228,32.19548132,,-15.38531423,6.497,0.095529088,0.095529088,0.0,Post-Harvest,0.0,27.24,0.43,0.0,0.0,Growing,0.0,
2018-08-27,9.186437291,5.556842851,,-15.43501228,6.497,0.095529088,0.095529088,0.0,Post-Harvest,0.0,27.24,0.43,0.0,0.0,Growing,0.0,
2018-08-28,7.586805135,10.04931058,,-15.48471033,6.497,0.095529088,0.095529088,0.0,Post-Harvest,0.0,27.23,0.432,0.0,0.0,Growing,0.0,
2018-08-29,2.092487363,0.033147776,0.259822214,-15.53440838,6.497,0.259822214,0.118999535,0.0,Post-Harvest,0.0,27.23,0.432,0.164293125,0.0,Growing,0.0,
2018-08-30,5.001496102,4.261867613,,-15.59543716,6.497,0.259822214,0.142469981,0.0,Post-Harvest,0.0,27.23,0.432,0.0,0.0,Growing,0.0,
2018-08-31,12.17113676,1.762497284,,-15.65646595,6.497,0.259822214,0.165940428,0.0,Post-Harvest,0.0,27.23,0.432,0.0,0.0,Growing,0.0,
2018-09-01,7.199593231,9.32585264,,-15.71749473,6.497,0.259822214,0.189410874,0.0,Post-Harvest,0.0,27.23,0.432,0.0,0.0,Growing,0.0,
2018-09-02,17.4513566,30.23919573,,-15.77852352,6.497,0.259822214,0.212881321,0.0,Post-Harvest,0.0,26.29,0.431,0.0,0.0,Growing,0.0,
2018-09-03,47.67502954,24.32656329,0.218476403,-15.8395523,6.497,0.218476403,0.230445223,0.0,Post-Harvest,0.0,26.29,0.431,-0.041345811,0.0,Growing,0.0,
2018-09-04,30.91753385,29.98889084,,-15.78311847,6.497,0.218476403,0.248009125,0.0,Post-Harvest,0.0,26.29,0.431,0.0,0.0,Growing,0.0,
2018-09-05,4.618666161,11.63037084,,-15.72668464,6.497,0.218476403,0.242102581,0.0,Post-Harvest,0.0,26.29,0.431,0.0,0.0,Growing,0.0,
2018-09-06,2.614464938,0.003105304,,-15.6702508,6.497,0.218476403,0.236196036,0.0,Post-Harvest,0.0,26.29,0.431,0.0,0.0,Growing,0.0,
2018-09-07,1.007438972,0.0,,-15.61381697,6.497,0.218476403,0.230289492,0.0,Post-Harvest,0.0,27.65,0.397,0.0,0.0,Post_Harvest,0.0,
2018-09-08,8.153914366,0.193835864,0.24376825,-15.55738314,6.497,0.24376825,0.227996068,0.0,Post-Harvest,0.0,27.65,0.397,0.025291847,0.0,Post_Harvest,0.0,
2018-09-09,39.72653434,25.73818856,,-15.51801865,6.497,0.24376825,0.225702645,1.0,Post-Harvest,3.0,27.65,0.397,0.0,0.0,Post_Harvest,0.0,
2018-09-10,70.68818782,58.45769746,,-15.47865415,6.497,0.24376825,0.229315766,1.0,Post-Harvest,3.0,27.65,0.397,0.0,0.0,Post_Harvest,0.0,
2018-09-11,41.38902265,69.77811667,,-15.43928966,6.497,0.24376825,0.232928887,1.0,Post-Harvest,3.0,27.65,0.397,0.0,0.0,Post_Harvest,0.0,
2018-09-12,49.08067198,48.51496202,,-15.39992517,6.497,0.24376825,0.236542008,1.0,Post-Harvest,3.0,25.99,0.43,0.0,0.0,Growing,0.0,
2018-09-13,65.62702466,74.50001849,0.24376825,-15.36056068,6.497,0.24376825,0.240155129,1.0,Post-Harvest,3.0,25.99,0.43,0.0,0.0,Growing,0.0,
2018-09-14,10.94652244,2.121967958,,-15.30503069,6.497,0.24376825,0.24376825,1.0,Post-Harvest,3.0,25.99,0.43,0.0,0.0,Growing,0.0,
2018-09-15,2.151473993,0.141835873,,-15.2495007,6.497,0.24376825,0.24376825,1.0,Post-Harvest,3.0,25.99,0.43,0.0,0.0,Growing,0.0,
2018-09-16,2.555795733,1.733472589,,-15.19397072,7.293,0.24376825,0.24376825,1.0,Post-Harvest,3.0,25.99,0.43,0.0,0.0,Growing,0.0,
2018-09-17,1.378034707,2.670390068,,-15.13844073,7.293,0.24376825,0.24376825,1.0,Post-Harvest,3.0,29.12,0.385,0.0,0.0,Post_Harvest,0.0,
2018-09-18,2.177173637,4.026164021,0.309367485,-15.08291074,7.293,0.309367485,0.253139569,1.0,Post-Harvest,3.0,29.12,0.385,0.065599235,0.0,Mature,0.0,
2018-09-19,2.739792692,1.270494847,,-14.88295961,7.293,0.309367485,0.262510889,1.0,Post-Harvest,3.0,29.12,0.385,0.0,0.0,Mature,0.0,
2018-09-20,4.850195193,0.515164185,,-14.68300848,7.293,0.309367485,0.271882208,1.0,Post-Harvest,3.0,29.12,0.385,0.0,0.0,Mature,0.0,
2018-09-21,0.85571348,0.03655189,,-14.48305736,7.293,0.309367485,0.281253527,1.0,Post-Harvest,3.0,29.12,0.385,0.0,0.0,Mature,0.0,
2018-09-22,4.644271517,0.021891085,,-14.28310623,7.293,0.309367485,0.290624847,1.0,Post-Harvest,3.0,27.9,0.381,0.0,0.0,Mature,0.0,
2018-09-23,2.201059344,2.357564988,0.309367485,-14.0831551,7.293,0.309367485,0.299996166,1.0,Post-Harvest,3.0,27.9,0.381,0.0,0.0,Mature,0.0,
2018-09-24,23.58038965,3.224458923,,-14.16475377,7.293,0.309367485,0.309367485,1.0,Mature,2.0,27.9,0.381,0.0,0.0,Mature,0.0,
2018-09-25,17.28694558,2.473030846,,-14.24635244,7.293,0.309367485,0.309367485,1.0,Mature,2.0,27.9,0.381,0.0,0.0,Mature,0.0,
2018-09-26,3.716913657,5.495979445,,-14.32795111,7.293,0.309367485,0.309367485,1.0,Mature,2.0,27.9,0.381,0.0,0.0,Mature,0.0,
2018-09-27,2.175197996,0.167915836,,-14.40954978,7.293,0.309367485,0.309367485,1.0,Mature,2.0,26.76,0.425,0.0,0.0,Mature,0.0,
2018-09-28,1.116945976,0.033531522,0.29707771,-14.49114846,7.293,0.29707771,0.307611803,1.0,Mature,2.0,26.76,0.425,-0.012289776,0.0,Growing,0.0,
2018-09-29,1.219716125,5.053053796,,-14.36029945,7.293,0.29707771,0.305856121,1.0,Mature,2.0,26.76,0.425,0.0,0.0,Growing,0.0,
2018-09-30,0.838225417,0.018040025,,-14.22945044,7.293,0.29707771,0.304100439,1.0,Mature,2.0,26.76,0.425,0.0,0.0,Growing,0.0,
2018-10-01,0.154702716,0.0030198,,-14.09860143,7.293,0.29707771,0.302344756,1.0,Mature,2.0,26.76,0.425,0.0,0.0,Growing,0.0,
2018-10-02,0.305219732,0.0,,-13.96775242,7.293,0.29707771,0.300589074,1.0,Mature,2.0,27.17,0.363,0.0,0.0,Post_Harvest,0.0,
2018-10-03,0.07338096,0.000604891,0.357268167,-13.83690342,7.293,0.357268167,0.307432029,1.0,Mature,2.0,27.17,0.363,0.060190457,0.0,Mature,0.0,
2018-10-04,0.155131797,0.003299372,,-13.84110592,7.293,0.357268167,0.314274983,1.0,Mature,2.0,27.17,0.363,0.0,0.0,Mature,0.0,
2018-10-05,0.099724835,0.0,,-13.84530843,7.293,0.357268167,0.32287362,1.0,Mature,2.0,27.17,0.363,0.0,0.0,Mature,0.0,
2018-10-06,0.0,0.0,,-13.84951093,7.293,0.357268167,0.331472257,1.0,Mature,2.0,27.17,0.363,0.0,0.0,Mature,0.0,
2018-10-07,0.02764541,0.0,,-13.85371344,7.293,0.357268167,0.340070893,1.0,Mature,2.0,26.34,0.348,0.0,0.0,Mature,0.0,
2018-10-08,0.0,0.024618929,0.315859136,-13.85791595,7.293,0.315859136,0.342753954,1.0,Mature,2.0,26.34,0.348,-0.041409031,0.0,Mature,0.0,
2018-10-09,0.0,0.006976438,,-13.85708805,7.293,0.315859136,0.345437015,1.0,Mature,2.0,26.34,0.348,0.0,0.0,Mature,0.0,
2018-10-10,17.88058946,11.69757587,,-13.85626016,7.293,0.315859136,0.339521439,1.0,Mature,2.0,26.34,0.348,0.0,0.0,Mature,0.0,
2018-10-11,10.11664058,2.876707332,,-13.85543227,7.293,0.315859136,0.333605863,1.0,Mature,2.0,26.34,0.348,0.0,0.0,Mature,0.0,
2018-10-12,20.03965406,12.25061258,,-13.85460438,7.293,0.315859136,0.327690288,0.0,Mature,0.0,23.07,0.431,0.0,0.0,Mature,0.0,
2018-10-13,25.25108936,46.95886558,0.315859136,-13.85377649,5.924,0.315859136,0.321774712,0.0,Mature,0.0,23.07,0.431,0.0,0.0,Mature,0.0,
2018-10-14,0.032673494,0.013998609,,-13.7765496,5.924,0.315859136,0.315859136,0.0,Mature,0.0,23.07,0.431,0.0,0.0,Mature,0.0,
2018-10-15,0.047586124,0.015922773,,-13.69932271,5.924,0.315859136,0.315859136,0.0,Mature,0.0,23.07,0.431,0.0,0.0,Mature,0.0,
2018-10-16,1.003443818,0.000747668,,-13.62209581,5.924,0.315859136,0.315859136,0.0,Mature,0.0,23.07,0.431,0.0,0.0,Mature,0.0,
2018-10-17,0.117812855,0.047167765,,-13.54486892,5.924,0.315859136,0.315859136,0.0,Mature,0.0,23.72,0.369,0.0,0.0,Mature,0.0,
2018-10-18,0.313431913,0.004259421,0.373826156,-13.46764203,5.924,0.373826156,0.324140139,0.0,Mature,0.0,23.72,0.369,0.05796702,0.0,Mature,0.0,
2018-10-19,0.435915837,0.000708537,,-13.48455582,5.924,0.373826156,0.332421142,0.0,Mature,0.0,23.72,0.369,0.0,0.0,Mature,0.0,
2018-10-20,0.05755128,0.009972991,,-13.50146961,5.924,0.373826156,0.340702144,0.0,Mature,0.0,23.72,0.369,0.0,0.0,Mature,0.0,
2018-10-21,0.077554754,0.0,,-13.51838339,5.924,0.373826156,0.348983147,0.0,Mature,0.0,23.72,0.369,0.0,0.0,Mature,0.0,
2018-10-22,0.0,0.0,,-13.53529718,5.924,0.373826156,0.35726415,0.0,Mature,0.0,24.71,0.32,0.0,0.0,Mature,0.0,
2018-10-23,0.0,0.010181403,0.408841416,-13.55221096,5.924,0.408841416,0.370547333,0.0,Mature,0.0,24.71,0.32,0.03501526,0.0,Mature,0.0,
2018-10-24,0.0,0.0,,-13.4947606,5.924,0.408841416,0.383830516,0.0,Mature,0.0,24.71,0.32,0.0,0.0,Mature,0.0,
2018-10-25,0.002537484,0.021298902,,-13.43731023,5.924,0.408841416,0.388832696,0.0,Mature,0.0,24.71,0.32,0.0,0.0,Mature,0.0,
2018-10-26,0.021196627,0.0,,-13.37985986,5.924,0.408841416,0.393834876,0.0,Mature,0.0,24.71,0.32,0.0,0.0,Mature,0.0,
2018-10-27,0.310792144,1.039832603,,-13.3224095,5.924,0.408841416,0.398837056,0.0,Mature,0.0,25.61,0.277,0.0,0.0,Mature,0.0,
2018-10-28,11.74254509,6.624862541,0.425260564,-13.26495913,5.924,0.425260564,0.406184829,0.0,Mature,0.0,25.61,0.277,0.016419148,0.0,Mature,0.0,
2018-10-29,1.616248184,1.642986732,,-13.30436488,5.924,0.425260564,0.413532601,0.0,Mature,0.0,25.61,0.277,0.0,0.0,Mature,0.0,
2018-10-30,2.08725034,1.902753958,,-13.34377062,5.924,0.425260564,0.415878194,0.0,Mature,0.0,25.61,0.277,0.0,0.0,Mature,0.0,
2018-10-31,0.612798597,0.0,,-13.38317637,5.924,0.425260564,0.418223786,0.0,Mature,0.0,25.61,0.277,0.0,0.0,Mature,0.0,
2018-11-01,0.035352305,0.207362132,,-13.42258211,5.924,0.425260564,0.420569379,0.0,Mature,0.0,24.22,0.313,0.0,0.0,Mature,0.0,
2018-11-02,1.693083497,0.1422727,0.439799599,-13.46198785,5.924,0.439799599,0.424991977,0.0,Mature,0.0,24.22,0.313,0.014539035,0.0,Mature,0.0,
2018-11-03,1.220462931,0.03653902,,-13.41177294,5.924,0.439799599,0.429414574,0.0,Mature,0.0,24.22,0.313,0.0,0.0,Mature,0.0,
2018-11-04,0.219877976,1.670846195,,-13.36155802,5.924,0.439799599,0.431491579,0.0,Mature,0.0,24.22,0.313,0.0,0.0,Mature,0.0,
2018-11-05,0.072095684,2.364249684,,-13.3113431,5.924,0.439799599,0.433568584,0.0,Mature,0.0,24.22,0.313,0.0,0.0,Mature,0.0,
2018-11-06,0.0,0.0,,-13.26112818,5.924,0.439799599,0.435645589,0.0,Mature,0.0,22.47,0.36,0.0,0.0,Mature,0.0,
2018-11-07,0.0,0.0,0.39360846,-13.21091327,5.924,0.39360846,0.43112386,0.0,Mature,0.0,22.47,0.36,-0.046191139,0.0,Mature,0.0,
2018-11-08,0.0,0.0,,-13.17171038,5.924,0.39360846,0.426602131,0.0,Mature,0.0,22.47,0.36,0.0,0.0,Mature,0.0,
2018-11-09,0.0,0.0,,-13.1325075,6.149,0.39360846,0.420003396,0.0,Mature,0.0,22.47,0.36,0.0,0.0,Mature,0.0,
2018-11-10,0.0,0.0,,-13.09330462,6.149,0.39360846,0.413404662,0.0,Mature,0.0,22.47,0.36,0.0,0.0,Mature,0.0,
2018-11-11,0.029872247,0.086555639,,-13.05410174,6.149,0.39360846,0.406805928,0.0,Mature,0.0,22.1,0.282,0.0,0.0,Mature,0.0,
2018-11-12,0.000568887,0.005986455,0.356000833,-13.01489886,6.149,0.356000833,0.394834676,0.0,Mature,0.0,22.1,0.282,-0.037607626,0.0,Mature,0.0,
2018-11-13,0.475114037,0.021226366,,-13.0488726,6.149,0.356000833,0.382863424,0.0,Mature,0.0,22.1,0.282,0.0,0.0,Mature,0.0,
2018-11-14,0.0,0.019376187,,-13.08284634,6.149,0.356000833,0.377490906,0.0,Mature,0.0,22.1,0.282,0.0,0.0,Mature,0.0,
2018-11-15,0.09418826,0.0,,-13.11682008,6.149,0.356000833,0.372118387,0.0,Mature,0.0,22.1,0.282,0.0,0.0,Mature,0.0,
2018-11-16,0.0,0.0,,-13.15079382,6.149,0.356000833,0.366745869,0.0,Mature,0.0,22.55,0.257,0.0,0.0,Mature,0.0,
2018-11-17,0.068641949,0.008341823,0.383342875,-13.18476756,6.149,0.383342875,0.365279357,0.0,Mature,0.0,22.55,0.257,0.027342041,0.0,Mature,0.0,
2018-11-18,0.0,0.0,,-13.07128631,6.149,0.383342875,0.363812845,0.0,Mature,0.0,22.55,0.257,0.0,0.0,Mature,0.0,
2018-11-19,0.0,0.0,,-12.95780507,6.149,0.383342875,0.367718851,0.0,Mature,0.0,22.55,0.257,0.0,0.0,Mature,0.0,
2018-11-20,0.0,0.0,,-12.84432382,6.149,0.383342875,0.371624857,0.0,Mature,0.0,22.55,0.257,0.0,0.0,Mature,0.0,
2018-11-21,0.0,0.0,,-12.73084258,6.149,0.383342875,0.375530863,0.0,Mature,0.0,20.6,0.243,0.0,0.0,Mature,0.0,
2018-11-22,0.0,0.0,0.327518089,-12.61736133,6.149,0.327518089,0.371461899,0.0,Mature,0.0,20.6,0.243,-0.055824785,0.0,Mature,0.0,
2018-11-23,0.0,0.021703828,,-12.67337211,6.149,0.327518089,0.367392936,0.0,Mature,0.0,20.6,0.243,0.0,0.0,Mature,0.0,
2018-11-24,0.0,0.009891392,,-12.72938289,6.149,0.327518089,0.359417967,0.0,Mature,0.0,20.6,0.243,0.0,0.0,Mature,0.0,
2018-11-25,0.0,0.0,,-12.78539367,6.149,0.327518089,0.351442997,0.0,Mature,0.0,20.6,0.243,0.0,0.0,Mature,0.0,
2018-11-26,0.0,0.0,,-12.84140445,6.149,0.327518089,0.343468028,0.0,Mature,0.0,20.76,0.213,0.0,0.0,Mature,0.0,
2018-11-27,0.0,0.001559799,0.333434706,-12.89741523,6.149,0.333434706,0.33633829,0.0,Mature,0.0,20.76,0.213,0.005916616,0.0,Mature,0.0,
2018-11-28,0.0,0.008645652,,-12.84339392,6.149,0.333434706,0.329208551,0.0,Mature,0.0,20.76,0.213,0.0,0.0,Mature,0.0,
2018-11-29,0.0,0.007440308,,-12.78937262,6.149,0.333434706,0.330053782,0.0,Mature,0.0,20.76,0.213,0.0,0.0,Mature,0.0,
2018-11-30,0.0,0.02321783,,-12.73535131,6.149,0.333434706,0.330899013,0.0,Mature,0.0,20.76,0.213,0.0,0.0,Mature,0.0,
2018-12-01,0.0,0.004941835,,-12.68133,6.149,0.333434706,0.331744244,0.0,Mature,0.0,19.65,0.194,0.0,0.0,Mature,0.0,
2018-12-02,0.0,0.0,0.310899512,-12.6273087,6.149,0.310899512,0.329370161,0.0,Mature,0.0,19.65,0.194,-0.022535194,0.0,Mature,0.0,
2018-12-03,0.0,0.003558839,,-12.58327194,6.149,0.310899512,0.326996079,0.0,Mature,0.0,19.65,0.194,0.0,0.0,Mature,0.0,
2018-12-04,0.010441193,0.009845085,,-12.53923518,6.149,0.310899512,0.323776765,0.0,Mature,0.0,19.65,0.194,0.0,0.0,Mature,0.0,
2018-12-05,0.15535511,0.003080572,,-12.49519842,6.149,0.310899512,0.320557452,0.0,Mature,0.0,19.65,0.194,0.0,0.0,Mature,0.0,
2018-12-06,0.0,0.0,,-12.45116166,6.052,0.310899512,0.317338138,0.0,Mature,0.0,19.39,0.183,0.0,0.0,Mature,0.0,
2018-12-07,0.0,0.0,0.382578926,-12.4071249,6.052,0.382578926,0.324358741,0.0,Mature,0.0,19.39,0.183,0.071679414,0.0,Mature,0.0,
2018-12-08,0.0,0.0,,-12.42808214,6.052,0.382578926,0.331379344,0.0,Mature,0.0,19.39,0.183,0.0,0.0,Mature,0.0,
2018-12-09,0.0,0.001889684,,-12.44903937,6.052,0.382578926,0.34161926,0.0,Mature,0.0,19.39,0.183,0.0,0.0,Mature,0.0,
2018-12-10,0.0,0.009808892,,-12.4699966,6.052,0.382578926,0.351859177,0.0,Mature,0.0,19.39,0.183,0.0,0.0,Mature,0.0,
2018-12-11,0.0,0.038579724,,-12.49095384,6.052,0.382578926,0.362099093,0.0,Mature,0.0,20.41,0.175,0.0,0.0,Mature,0.0,
2018-12-12,0.0,0.050136422,0.386512747,-12.51191107,6.052,0.386512747,0.372900984,0.0,Mature,0.0,20.41,0.175,0.003933822,0.0,Mature,0.0,
2018-12-13,0.016514356,0.0,,-12.43552424,6.052,0.386512747,0.383702875,0.0,Mature,0.0,20.41,0.175,0.0,0.0,Mature,0.0,
2018-12-14,0.0,0.0,,-12.35913741,6.052,0.386512747,0.384264849,0.0,Mature,0.0,20.41,0.175,0.0,0.0,Mature,0.0,
2018-12-15,0.156609015,0.000847792,,-12.28275058,6.052,0.386512747,0.384826824,0.0,Mature,0.0,20.41,0.175,0.0,0.0,Mature,0.0,
2018-12-16,1.430020445,0.53302851,,-12.20636374,6.052,0.386512747,0.385388798,0.0,Mature,0.0,19.91,0.17,0.0,0.0,Mature,0.0,
2018-12-17,10.27065497,9.90712708,0.393947024,-12.12997691,6.052,0.393947024,0.387012812,0.0,Mature,0.0,19.91,0.17,0.007434276,0.0,Mature,0.0,
2018-12-18,8.808571202,10.21215986,,-12.13980433,6.052,0.393947024,0.388636826,0.0,Mature,0.0,19.91,0.17,0.0,0.0,Mature,0.0,
2018-12-19,0.0,0.0,,-12.14963175,6.052,0.393947024,0.389698866,0.0,Mature,0.0,19.91,0.17,0.0,0.0,Mature,0.0,
2018-12-20,0.0,0.0,,-12.15945916,6.052,0.393947024,0.390760905,0.0,Mature,0.0,19.91,0.17,0.0,0.0,Mature,0.0,
2018-12-21,0.0,0.0,,-12.16928658,6.052,0.393947024,0.391822945,0.0,Mature,0.0,17.79,0.32,0.0,0.0,Mature,0.0,
2018-12-22,0.0,0.0,0.41337176,-12.179114,6.052,0.41337176,0.395659946,0.0,Mature,0.0,17.79,0.32,0.019424737,0.0,Mature,0.0,
2018-12-23,0.0,0.004258382,,-12.13763931,6.052,0.41337176,0.399496948,0.0,Mature,0.0,17.79,0.32,0.0,0.0,Mature,0.0,
2018-12-24,0.0,0.011325127,,-12.09616462,6.052,0.41337176,0.402271911,0.0,Mature,0.0,17.79,0.32,0.0,0.0,Mature,0.0,
2018-12-25,0.0,0.0,,-12.05468992,6.052,0.41337176,0.405046873,0.0,Mature,0.0,17.79,0.32,0.0,0.0,Mature,0.0,
2018-12-26,0.0,0.0,,-12.01321523,6.052,0.41337176,0.407821835,0.0,Mature,0.0,17.3,0.275,0.0,0.0,Mature,0.0,
2018-12-27,0.0,0.0,0.390036409,-11.97174054,6.052,0.390036409,0.407263176,0.0,Mature,0.0,17.3,0.275,-0.023335351,0.0,Mature,0.0,
2018-12-28,0.0,0.00053307,,-11.95002133,6.052,0.390036409,0.406704517,0.0,Mature,0.0,17.3,0.275,0.0,0.0,Mature,0.0,
2018-12-29,0.0,0.0,,-11.92830212,6.052,0.390036409,0.403370896,0.0,Mature,0.0,17.3,0.275,0.0,0.0,Mature,0.0,
2018-12-30,0.0,0.0,,-11.90658291,6.052,0.390036409,0.400037274,0.0,Mature,0.0,17.3,0.275,0.0,0.0,Mature,0.0,
2018-12-31,0.0,0.000133661,,-11.8848637,6.052,0.390036409,0.396703652,0.0,Mature,0.0,16.91,0.243,0.0,0.0,Mature,0.0,
2019-01-01,0.0,0.002758251,0.405387465,-11.86314449,6.052,0.405387465,0.395563039,0.0,Mature,0.0,16.91,0.243,0.015351056,0.0,Mature,0.0,
2019-01-02,0.0,0.0,,-11.84945639,6.276,0.405387465,0.394422425,0.0,Mature,0.0,16.91,0.243,0.0,0.0,Mature,0.0,
2019-01-03,0.0,0.005314504,,-11.83576828,6.276,0.405387465,0.396615433,0.0,Mature,0.0,16.91,0.243,0.0,0.0,Mature,0.0,
2019-01-04,0.0,0.020199473,,-11.82208018,6.276,0.405387465,0.398808441,0.0,Mature,0.0,16.91,0.243,0.0,0.0,Mature,0.0,
2019-01-05,0.006749521,0.018863888,,-11.80839208,6.276,0.405387465,0.401001449,0.0,Mature,0.0,17.06,0.218,0.0,0.0,Mature,0.0,
2019-01-06,0.0,0.0,0.438463105,-11.79470398,6.276,0.438463105,0.407919549,0.0,Mature,0.0,17.06,0.218,0.03307564,0.0,Mature,0.0,
2019-01-07,0.0,0.0,,-11.71736155,6.276,0.438463105,0.414837648,0.0,Mature,0.0,17.06,0.218,0.0,0.0,Mature,0.0,
2019-01-08,0.0,0.000187719,,-11.64001912,6.276,0.438463105,0.41956274,0.0,Mature,0.0,17.06,0.218,0.0,0.0,Mature,0.0,
2019-01-09,0.0,0.056318067,,-11.56267668,6.276,0.438463105,0.424287831,0.0,Mature,0.0,17.06,0.218,0.0,0.0,Mature,0.0,
2019-01-10,0.000464511,0.008926503,,-11.48533425,6.276,0.438463105,0.429012922,0.0,Mature,0.0,17.01,0.199,0.0,0.0,Mature,0.0,
2019-01-11,0.0,0.036856492,0.426117429,-11.40799182,6.276,0.426117429,0.431974346,0.0,Mature,0.0,17.01,0.199,-0.012345676,0.0,Mature,0.0,
2019-01-12,0.0,0.052673938,,-11.37848851,6.276,0.426117429,0.434935769,0.0,Mature,0.0,17.01,0.199,0.0,0.0,Mature,0.0,
2019-01-13,0.0,0.0,,-11.34898519,6.276,0.426117429,0.433172101,0.0,Mature,0.0,17.01,0.199,0.0,0.0,Mature,0.0,
2019-01-14,0.0,0.0,,-11.31948188,6.276,0.426117429,0.431408433,0.0,Mature,0.0,17.01,0.199,0.0,0.0,Mature,0.0,
2019-01-15,0.0,0.0,,-11.28997856,6.276,0.426117429,0.429644765,0.0,Mature,0.0,17.19,0.185,0.0,0.0,Mature,0.0,
2019-01-16,0.0,0.0,0.493101754,-11.26047525,6.276,0.493101754,0.437450286,0.0,Mature,0.0,17.19,0.185,0.066984325,0.0,Mature,0.0,
2019-01-17,0.0,0.160680345,,-11.15306077,6.276,0.493101754,0.445255808,0.0,Mature,0.0,17.19,0.185,0.0,0.0,Mature,0.0,
2019-01-18,0.0,0.010941571,,-11.04564629,6.276,0.493101754,0.454824997,0.0,Mature,0.0,17.19,0.185,0.0,0.0,Mature,0.0,
2019-01-19,0.0,0.0,,-10.9382318,6.276,0.493101754,0.464394186,0.0,Mature,0.0,17.19,0.185,0.0,0.0,Mature,0.0,
2019-01-20,0.0,0.001245734,,-10.83081732,6.276,0.493101754,0.473963376,0.0,Mature,0.0,17.98,0.175,0.0,0.0,Mature,0.0,
2019-01-21,0.0,0.0,0.503269039,-10.72340284,6.276,0.503269039,0.484985034,0.0,Mature,0.0,17.98,0.175,0.010167285,0.0,Mature,0.0,
2019-01-22,0.0,0.0,,-10.74119934,6.276,0.503269039,0.496006693,0.0,Mature,0.0,17.98,0.175,0.0,0.0,Mature,0.0,
2019-01-23,0.0,0.0,,-10.75899584,6.276,0.503269039,0.497459162,0.0,Mature,0.0,17.98,0.175,0.0,0.0,Mature,0.0,
2019-01-24,0.0,0.024898604,,-10.77679235,6.276,0.503269039,0.498911631,0.0,Mature,0.0,17.98,0.175,0.0,0.0,Mature,0.0,
2019-01-25,0.0,0.020303285,,-10.79458885,6.276,0.503269039,0.5003641,0.0,Mature,0.0,20.32,0.168,0.0,0.0,Mature,0.0,
2019-01-26,0.275821979,0.031843281,0.546234156,-10.81238535,6.276,0.546234156,0.507954443,0.0,Mature,0.0,20.32,0.168,0.042965117,0.0,Mature,0.0,
2019-01-27,0.002394733,0.024336438,,-10.74477773,6.276,0.546234156,0.515544787,0.0,Mature,0.0,20.32,0.168,0.0,0.0,Mature,0.0,
2019-01-28,0.048010765,0.001463165,,-10.67717011,6.276,0.546234156,0.521682661,0.0,Mature,0.0,20.32,0.168,0.0,0.0,Mature,0.0,
2019-01-29,0.079360106,0.0,,-10.60956249,6.595,0.546234156,0.527820534,0.0,Mature,0.0,20.32,0.168,0.0,0.0,Mature,0.0,
2019-01-30,0.0,0.00884759,,-10.54195487,6.595,0.546234156,0.533958408,0.0,Mature,0.0,16.9,0.168,0.0,0.0,Mature,0.0,
2019-01-31,0.0,0.104482204,0.546838006,-10.47434725,6.595,0.546838006,0.540182546,0.0,Mature,0.0,16.9,0.168,0.000603849,0.0,Mature,0.0,
2019-02-01,0.641931935,0.132952134,,-10.45818544,6.595,0.546838006,0.546406685,0.0,Mature,0.0,16.9,0.168,0.0,0.0,Mature,0.0,
2019-02-02,0.0,0.0,,-10.44202363,6.595,0.546838006,0.546492949,0.0,Mature,0.0,16.9,0.168,0.0,0.0,Mature,0.0,
2019-02-03,0.0,0.0,,-10.42586182,6.595,0.546838006,0.546579213,0.0,Mature,0.0,16.9,0.168,0.0,0.0,Mature,0.0,
2019-02-04,0.0,0.0,,-10.40970001,6.595,0.546838006,0.546665477,0.0,Mature,0.0,18.86,0.162,0.0,0.0,Mature,0.0,
2019-02-05,0.0,0.0,0.573669929,-10.3935382,6.595,0.573669929,0.550584873,0.0,Mature,0.0,18.86,0.162,0.026831923,0.0,Mature,0.0,
2019-02-06,0.0,0.0,,-10.42328519,6.595,0.573669929,0.554504269,0.0,Mature,0.0,18.86,0.162,0.0,0.0,Mature,0.0,
2019-02-07,0.0,0.001350357,,-10.45303218,6.595,0.573669929,0.558337401,0.0,Mature,0.0,18.86,0.162,0.0,0.0,Mature,0.0,
2019-02-08,17.03794251,4.447779643,,-10.48277917,6.595,0.573669929,0.562170533,0.0,Mature,0.0,18.86,0.162,0.0,0.0,Mature,0.0,
2019-02-09,1.383738893,0.750852678,,-10.51252617,6.595,0.573669929,0.566003665,0.0,Mature,0.0,21.1,0.197,0.0,0.0,Mature,0.0,
2019-02-10,0.0,0.34622362,0.582690751,-10.54227316,6.595,0.582690751,0.571125486,0.0,Mature,0.0,21.1,0.197,0.009020823,0.0,Mature,0.0,
2019-02-11,0.0,0.050120999,,-10.51418429,6.595,0.582690751,0.576247306,0.0,Mature,0.0,21.1,0.197,0.0,0.0,Mature,0.0,
2019-02-12,0.000271498,0.02535276,,-10.48609543,6.595,0.582690751,0.577535995,0.0,Mature,0.0,21.1,0.197,0.0,0.0,Mature,0.0,
2019-02-13,0.0,0.001426574,,-10.45800656,6.595,0.582690751,0.578824684,0.0,Mature,0.0,21.1,0.197,0.0,0.0,Mature,0.0,
2019-02-14,0.0,0.008158352,,-10.4299177,6.595,0.582690751,0.580113373,0.0,Mature,0.0,20.91,0.175,0.0,0.0,Mature,0.0,
2019-02-15,0.0,0.073241931,0.620886119,-10.40182883,6.595,0.620886119,0.586858543,0.0,Mature,0.0,20.91,0.175,0.038195368,0.0,Growing,0.0,
2019-02-16,0.521531771,6.230060335,,-10.46049212,6.595,0.620886119,0.593603713,0.0,Mature,0.0,20.91,0.175,0.0,0.0,Growing,0.0,
2019-02-17,0.009050603,9.203590737,,-10.51915541,6.595,0.620886119,0.599060195,0.0,Mature,0.0,20.91,0.175,0.0,0.0,Growing,0.0,
2019-02-18,0.0,0.107755252,,-10.5778187,6.595,0.620886119,0.604516676,1.0,Growing,1.0,20.91,0.175,0.0,0.0,Growing,0.0,
2019-02-19,0.0,0.223521284,,-10.63648199,6.595,0.620886119,0.609973157,1.0,Growing,1.0,19.6,0.222,0.0,0.0,Growing,0.0,
2019-02-20,0.023105506,0.0,0.63560926,-10.69514528,6.595,0.63560926,0.617532944,1.0,Growing,1.0,19.6,0.222,0.014723141,0.0,Growing,0.0,
2019-02-21,0.0,0.0,,-10.74656397,6.595,0.63560926,0.625092731,1.0,Growing,1.0,19.6,0.222,0.0,0.0,Growing,0.0,
2019-02-22,0.0,0.0,,-10.79798266,6.595,0.63560926,0.627196036,1.0,Growing,1.0,19.6,0.222,0.0,0.0,Growing,0.0,
2019-02-23,0.0,0.0,,-10.84940135,6.595,0.63560926,0.629299342,1.0,Growing,1.0,19.6,0.222,0.0,0.0,Growing,0.0,
2019-02-24,1.32158542,1.334095581,,-10.90082005,6.595,0.63560926,0.631402648,1.0,Growing,1.0,21.75,0.19,0.0,0.0,Growing,0.0,
2019-02-25,7.406420042,5.070734003,0.632532979,-10.95223874,7.026,0.632532979,0.633066485,1.0,Growing,1.0,21.75,0.19,-0.003076281,0.0,Growing,0.0,
2019-02-26,1.630422257,0.791950535,,-11.00938813,7.026,0.632532979,0.634730322,1.0,Growing,1.0,21.75,0.19,0.0,0.0,Growing,0.0,
2019-02-27,15.20057072,12.7784321,,-11.06653752,7.026,0.632532979,0.634290854,1.0,Growing,1.0,21.75,0.19,0.0,0.0,Growing,0.0,
2019-02-28,2.823232145,0.72998782,,-11.1236869,7.026,0.632532979,0.633851385,1.0,Growing,1.0,21.75,0.19,0.0,0.0,Growing,0.0,
2019-03-01,0.0,0.0,,-11.18083629,7.026,0.632532979,0.633411916,1.0,Growing,1.0,17.5,0.35,0.0,0.0,Growing,0.0,
2019-03-02,0.000475754,0.002548618,0.650700718,-11.23798568,7.026,0.650700718,0.635567839,1.0,Growing,1.0,17.5,0.35,0.018167739,0.0,Growing,0.0,
2019-03-03,0.005565572,0.026869664,,-11.28529988,7.026,0.650700718,0.637723762,1.0,Growing,1.0,17.5,0.35,0.0,0.0,Growing,0.0,
2019-03-04,0.449808135,0.012374779,,-11.33261408,7.026,0.650700718,0.640319153,1.0,Growing,1.0,17.5,0.35,0.0,0.0,Growing,0.0,
2019-03-05,0.092284825,0.008110434,,-11.37992828,7.026,0.650700718,0.642914544,1.0,Growing,1.0,17.5,0.35,0.0,0.0,Growing,0.0,
2019-03-06,0.0,0.0,,-11.42724248,7.026,0.650700718,0.645509935,1.0,Growing,1.0,20.65,0.305,0.0,0.0,Growing,0.0,
2019-03-07,0.0,0.0,0.648536,-11.47455668,7.026,0.648536,0.647796081,1.0,Growing,1.0,20.65,0.305,-0.002164718,0.0,Growing,0.0,
2019-03-08,0.0,0.0,,-11.49575713,7.026,0.648536,0.650082227,1.0,Growing,1.0,20.65,0.305,0.0,0.0,Growing,0.0,
2019-03-09,0.0,0.0,,-11.51695758,7.026,0.648536,0.649772982,1.0,Growing,1.0,20.65,0.305,0.0,0.0,Growing,0.0,
2019-03-10,0.0,0.0,,-11.53815803,7.026,0.648536,0.649463736,1.0,Growing,1.0,20.65,0.305,0.0,0.0,Growing,0.0,
2019-03-11,0.0,0.0,,-11.55935848,7.026,0.648536,0.649154491,1.0,Growing,1.0,22.24,0.238,0.0,0.0,Growing,0.0,
2019-03-12,0.0,0.0,0.668471627,-11.58055893,7.026,0.668471627,0.651693192,1.0,Growing,1.0,22.24,0.238,0.019935627,0.0,Growing,0.0,
2019-03-13,0.0,0.0,,-11.54690922,7.026,0.668471627,0.654231894,1.0,Growing,1.0,22.24,0.238,0.0,0.0,Growing,0.0,
2019-03-14,0.020293312,0.035212399,,-11.51325952,7.026,0.668471627,0.65707984,1.0,Growing,1.0,22.24,0.238,0.0,0.0,Growing,0.0,
2019-03-15,0.000902801,0.034170541,,-11.47960981,7.026,0.668471627,0.659927787,1.0,Growing,1.0,22.24,0.238,0.0,0.0,Growing,0.0,
2019-03-16,0.0,0.0,,-11.44596011,7.026,0.668471627,0.662775734,1.0,Growing,1.0,25.66,0.2,0.0,0.0,Growing,0.0,
2019-03-17,0.019796788,0.0,0.667450673,-11.41231041,7.026,0.667450673,0.66547783,1.0,Growing,1.0,25.66,0.2,-0.001020954,0.0,Growing,0.0,
2019-03-18,0.0,0.010994019,,-11.2530915,7.026,0.667450673,0.668179926,1.0,Growing,1.0,25.66,0.2,0.0,0.0,Growing,0.0,
2019-03-19,0.482364167,0.011953834,,-11.0938726,7.026,0.667450673,0.668034076,1.0,Growing,1.0,25.66,0.2,0.0,0.0,Growing,0.0,
2019-03-20,0.0,0.0,,-10.9346537,7.026,0.667450673,0.667888225,1.0,Growing,1.0,25.66,0.2,0.0,0.0,Growing,0.0,
2019-03-21,1.319034175,0.087769768,,-10.7754348,7.026,0.667450673,0.667742375,1.0,Growing,1.0,23.37,0.228,0.0,0.0,Growing,0.0,
2019-03-22,5.736359641,2.521841825,0.655014929,-10.61621589,7.026,0.655014929,0.665819989,1.0,Growing,1.0,23.37,0.228,-0.012435745,0.0,Growing,0.0,
2019-03-23,0.0,0.0,,-10.62812559,7.026,0.655014929,0.663897604,0.0,Growing,0.0,23.37,0.228,0.0,0.0,Growing,0.0,
2019-03-24,0.0,0.0,,-10.64003529,5.951,0.655014929,0.662121069,0.0,Growing,0.0,23.37,0.228,0.0,0.0,Growing,0.0,
2019-03-25,0.0,0.0,,-10.65194499,5.951,0.655014929,0.660344534,0.0,Growing,0.0,23.37,0.228,0.0,0.0,Growing,0.0,
2019-03-26,0.0,0.0,,-10.66385469,5.951,0.655014929,0.658567999,0.0,Growing,0.0,24.52,0.232,0.0,0.0,Growing,0.0,
2019-03-27,0.849210621,2.860703187,0.677267815,-10.67576438,5.951,0.677267815,0.659970448,0.0,Growing,0.0,24.52,0.232,0.022252886,0.0,Growing,0.0,
2019-03-28,0.0,0.0,,-10.54560495,5.951,0.677267815,0.661372896,0.0,Growing,0.0,24.52,0.232,0.0,0.0,Growing,0.0,
2019-03-29,0.195227397,0.026612151,,-10.41544552,5.951,0.677267815,0.66455188,0.0,Growing,0.0,24.52,0.232,0.0,0.0,Growing,0.0,
2019-03-30,0.003320558,0.010999518,,-10.28528609,5.951,0.677267815,0.667730864,0.0,Growing,0.0,24.52,0.232,0.0,0.0,Growing,0.0,
2019-03-31,37.42298887,37.81354091,,-10.15512666,5.951,0.677267815,0.670909848,0.0,Growing,0.0,22.78,0.364,0.0,0.0,Growing,0.0,
2019-04-01,5.714503598,8.101425289,0.597975877,-10.02496723,5.951,0.597975877,0.662761412,0.0,Growing,0.0,22.78,0.364,-0.079291939,0.0,Mature,0.0,
2019-04-02,15.37005861,35.03576938,,-9.992200284,5.951,0.597975877,0.654612976,0.0,Growing,0.0,22.78,0.364,0.0,0.0,Mature,0.0,
2019-04-03,0.0,0.001975176,,-9.959433332,5.951,0.597975877,0.643285556,0.0,Growing,0.0,22.78,0.364,0.0,0.0,Mature,0.0,
2019-04-04,4.757911422,1.010417533,,-9.926666381,5.951,0.597975877,0.631958136,0.0,Growing,0.0,22.78,0.364,0.0,0.0,Mature,0.0,
2019-04-05,1.450831854,2.259632052,,-9.89389943,5.951,0.597975877,0.620630716,0.0,Growing,0.0,22.77,0.421,0.0,0.0,Mature,0.0,
2019-04-06,10.93570759,12.0346766,0.597662445,-9.861132479,5.951,0.597662445,0.609258521,0.0,Growing,0.0,22.77,0.421,-0.000313432,0.0,Mature,0.0,
2019-04-07,0.146425149,1.847335383,,-9.846719529,5.951,0.597662445,0.597886325,0.0,Mature,0.0,22.77,0.421,0.0,0.0,Mature,0.0,
2019-04-08,1.042498341,0.709786086,,-9.832306579,5.951,0.597662445,0.597841549,0.0,Mature,0.0,22.77,0.421,0.0,0.0,Mature,0.0,
2019-04-09,32.21563006,52.81433479,,-9.817893629,5.951,0.597662445,0.597796773,0.0,Mature,0.0,22.77,0.421,0.0,0.0,Mature,0.0,
2019-04-10,0.0,0.0,,-9.803480679,5.951,0.597662445,0.597751997,0.0,Mature,0.0,22.43,0.416,0.0,0.0,Mature,0.0,
2019-04-11,1.637213539,0.079671891,0.599298819,-9.789067729,5.951,0.599298819,0.597940989,0.0,Mature,0.0,22.43,0.416,0.001636374,0.0,Mature,0.0,
2019-04-12,0.386014767,0.035236628,,-9.69925741,5.951,0.599298819,0.59812998,0.0,Mature,0.0,22.43,0.416,0.0,0.0,Mature,0.0,
2019-04-13,0.305743077,0.079572194,,-9.60944709,5.951,0.599298819,0.598363748,1.0,Mature,2.0,22.43,0.416,0.0,0.0,Mature,0.0,
2019-04-14,4.05e-05,0.116359699,,-9.519636771,5.951,0.599298819,0.598597516,1.0,Mature,2.0,22.43,0.416,0.0,0.0,Mature,0.0,
2019-04-15,4.41127973,10.76863115,,-9.429826451,5.951,0.599298819,0.598831284,1.0,Mature,2.0,25.68,0.404,0.0,0.0,Mature,0.0,
2019-04-16,16.82905441,15.3450582,0.526877861,-9.340016132,5.951,0.526877861,0.5887192,1.0,Mature,2.0,25.68,0.404,-0.072420958,0.0,Mature,0.0,
2019-04-17,0.0,0.050208549,,-9.351532931,5.951,0.526877861,0.578607117,1.0,Mature,2.0,25.68,0.404,0.0,0.0,Mature,0.0,
2019-04-18,0.0,0.002906084,,-9.36304973,5.951,0.526877861,0.568261266,1.0,Mature,2.0,25.68,0.404,0.0,0.0,Mature,0.0,
2019-04-19,0.0,0.040377195,,-9.374566528,5.951,0.526877861,0.557915415,1.0,Mature,2.0,25.68,0.404,0.0,0.0,Mature,0.0,
2019-04-20,0.639063546,4.761933066,,-9.386083327,7.552,0.526877861,0.547569564,1.0,Mature,2.0,25.69,0.367,0.0,0.0,Mature,0.0,
2019-04-21,16.63327134,27.0265089,0.446660629,-9.397600126,7.552,0.446660629,0.525764108,1.0,Mature,2.0,25.69,0.367,-0.080217233,0.0,Mature,0.0,
2019-04-22,1.797650254,0.908845839,,-9.456231226,7.552,0.446660629,0.503958652,1.0,Mature,2.0,25.69,0.367,0.0,0.0,Mature,0.0,
2019-04-23,0.0,0.000431604,,-9.514862327,7.552,0.446660629,0.492499048,1.0,Mature,2.0,25.69,0.367,0.0,0.0,Mature,0.0,
2019-04-24,0.0,0.040956226,,-9.573493428,7.552,0.446660629,0.481039443,1.0,Mature,2.0,25.69,0.367,0.0,0.0,Mature,0.0,
2019-04-25,0.0,2.201979755,,-9.632124528,7.552,0.446660629,0.469579838,1.0,Mature,2.0,28.21,0.287,0.0,0.0,Mature,0.0,
2019-04-26,0.016416839,0.025802346,0.478200222,-9.690755629,7.552,0.478200222,0.46262589,1.0,Mature,2.0,28.21,0.287,0.031539593,0.0,Mature,0.0,
2019-04-27,8.17770446,2.588885261,,-9.763755891,7.552,0.478200222,0.455671941,1.0,Mature,2.0,28.21,0.287,0.0,0.0,Mature,0.0,
2019-04-28,46.24220037,20.10341935,,-9.836756153,7.552,0.478200222,0.460177597,1.0,Mature,2.0,28.21,0.287,0.0,0.0,Mature,0.0,
2019-04-29,21.22610216,9.260456741,,-9.909756415,7.552,0.478200222,0.464683253,1.0,Mature,2.0,28.21,0.287,0.0,0.0,Mature,0.0,
2019-04-30,9.485542539,12.4232627,,-9.982756677,7.552,0.478200222,0.469188909,0.0,Mature,0.0,26.87,0.423,0.0,0.0,Mature,0.0,
2019-05-01,1.167495206,9.271351563,0.426404488,-10.05575694,3.1,0.426404488,0.466295175,0.0,Mature,0.0,26.87,0.423,-0.051795733,0.0,Mature,0.0,
2019-05-02,2.42400711,2.152210994,,-10.13143574,4.45,0.426404488,0.463401441,0.0,Mature,0.0,26.87,0.423,0.0,0.0,Mature,0.0,
2019-05-03,41.37032082,8.80678028,,-10.20711454,4.55,0.426404488,0.45600205,0.0,Mature,0.0,26.87,0.423,0.0,0.0,Mature,0.0,
2019-05-04,24.56222675,54.89048859,,-10.28279334,4.64,0.426404488,0.44860266,0.0,Mature,0.0,26.87,0.423,0.0,0.0,Mature,0.0,
2019-05-05,10.7800208,1.73644567,,-10.35847215,5.77,0.426404488,0.441203269,0.0,Mature,0.0,26.57,0.406,0.0,0.0,Mature,0.0,
2019-05-06,4.304450338,0.829024633,0.409772343,-10.43415095,5.54,0.409772343,0.431427858,0.0,Mature,0.0,26.57,0.406,-0.016632145,0.0,Mature,0.0,
2019-05-07,13.29813419,18.65621108,,-10.60097854,5.4,0.409772343,0.421652447,0.0,Mature,0.0,26.57,0.406,0.0,0.0,Mature,0.0,
2019-05-08,33.76153872,14.2891876,,-10.76780613,5.27,0.409772343,0.419276426,0.0,Mature,0.0,26.57,0.406,0.0,0.0,Mature,0.0,
2019-05-09,24.1711388,25.02756037,,-10.93463371,5.13,0.409772343,0.416900405,0.0,Mature,0.0,26.57,0.406,0.0,0.0,Mature,0.0,
2019-05-10,16.2454541,28.99673614,,-11.1014613,5.01,0.409772343,0.414524385,0.0,Mature,0.0,28.85,0.414,0.0,0.0,Mature,0.0,
2019-05-11,14.71634331,18.44050132,0.397223122,-11.26828889,5.02,0.397223122,0.410355618,0.0,Mature,0.0,28.85,0.414,-0.012549221,0.0,Mature,0.0,
2019-05-12,8.90241586,13.60819191,,-11.50369165,4.96,0.397223122,0.406186852,0.0,Mature,0.0,28.85,0.414,0.0,0.0,Mature,0.0,
2019-05-13,20.18408496,55.53559314,,-11.73909441,4.86,0.397223122,0.404394106,0.0,Mature,0.0,28.85,0.414,0.0,0.0,Mature,0.0,
2019-05-14,1.325166529,27.73955316,,-11.97449717,4.81,0.397223122,0.40260136,0.0,Mature,0.0,28.85,0.414,0.0,0.0,Mature,0.0,
2019-05-15,14.63574207,12.17980514,,-12.20989993,4.71,0.397223122,0.400808614,0.0,Mature,0.0,25.3,0.433,0.0,0.0,Mature,0.0,
2019-05-16,11.68385496,2.612378835,0.243937442,-12.44530268,4.65,0.243937442,0.377117914,0.0,Mature,0.0,25.3,0.433,-0.15328568,0.0,Growing,0.0,
2019-05-17,66.73628548,43.90630315,,-12.48795502,4.68,0.243937442,0.353427213,0.0,Mature,0.0,25.3,0.433,0.0,0.0,Growing,0.0,
2019-05-18,36.80224713,18.48816363,,-12.53060736,4.71,0.243937442,0.331529259,0.0,Mature,0.0,25.3,0.433,0.0,0.0,Growing,0.0,
2019-05-19,0.714470048,0.451762773,,-12.5732597,4.75,0.243937442,0.309631305,0.0,Mature,0.0,25.3,0.433,0.0,0.0,Growing,0.0,
2019-05-20,23.60271788,3.970194357,,-12.61591204,4.7,0.243937442,0.287733351,0.0,Post-Harvest,0.0,28.18,0.407,0.0,0.0,Growing,0.0,
2019-05-21,24.80234703,42.77017027,0.24606223,-12.65856437,4.62,0.24606223,0.266138937,0.0,Post-Harvest,0.0,28.18,0.407,0.002124788,0.0,Growing,0.0,
2019-05-22,20.76843453,36.00574692,,-12.75572883,4.58,0.24606223,0.244544524,0.0,Post-Harvest,0.0,28.18,0.407,0.0,0.0,Growing,0.0,
2019-05-23,42.98230557,27.76287707,,-12.85289328,4.63,0.24606223,0.244848065,0.0,Post-Harvest,0.0,28.18,0.407,0.0,0.0,Growing,0.0,
2019-05-24,10.53105208,5.183363886,,-12.95005773,4.83,0.24606223,0.245151606,0.0,Post-Harvest,0.0,28.18,0.407,0.0,0.0,Growing,0.0,
2019-05-25,5.688240911,1.651225308,,-13.04722218,4.9,0.24606223,0.245455148,0.0,Post-Harvest,0.0,24.28,0.436,0.0,0.0,Growing,0.0,
2019-05-26,46.65049745,13.73811383,0.22127317,-13.14438664,4.91,0.22127317,0.242217394,0.0,Post-Harvest,0.0,24.28,0.436,-0.02478906,0.0,Growing,0.0,
2019-05-27,6.7141253,0.510943776,,-13.16420792,4.93,0.22127317,0.238979641,0.0,Post-Harvest,0.0,24.28,0.436,0.0,0.0,Growing,0.0,
2019-05-28,7.617472847,0.211735846,,-13.1840292,4.89,0.22127317,0.235438347,0.0,Post-Harvest,0.0,24.28,0.436,0.0,0.0,Growing,0.0,
2019-05-29,14.00825602,1.871614649,,-13.20385047,4.83,0.22127317,0.231897052,0.0,Post-Harvest,0.0,24.28,0.436,0.0,0.0,Growing,0.0,
2019-05-30,31.88914886,41.08291119,,-13.22367175,4.78,0.22127317,0.228355758,0.0,Post-Harvest,0.0,28.07,0.423,0.0,0.0,Growing,0.0,
2019-05-31,19.72030107,3.857817489,0.238408084,-13.24349303,4.84,0.238408084,0.227262309,0.0,Post-Harvest,0.0,28.07,0.423,0.017134914,0.0,Growing,0.0,
2019-06-01,5.520580981,2.28090084,,-13.39480769,4.92,0.238408084,0.226168859,0.0,Post-Harvest,0.0,28.07,0.423,0.0,0.0,Growing,0.0,
2019-06-02,3.771253753,11.24717408,,-13.54612235,4.86,0.238408084,0.228616704,0.0,Post-Harvest,0.0,28.07,0.423,0.0,0.0,Growing,0.0,
2019-06-03,140.7493857,100.7248991,,-13.69743701,4.82,0.238408084,0.231064549,0.0,Post-Harvest,0.0,28.07,0.423,0.0,0.0,Growing,0.0,
2019-06-04,33.88087352,52.39295142,,-13.84875167,5.7,0.238408084,0.233512394,0.0,Post-Harvest,0.0,23.89,0.434,0.0,0.0,Growing,0.0,
2019-06-05,0.683623042,0.21628835,0.222773793,-14.00006632,6.25,0.222773793,0.233726769,0.0,Post-Harvest,0.0,23.89,0.434,-0.015634291,0.0,Growing,0.0,
2019-06-06,5.133689893,1.076240837,,-14.04407917,6.07,0.222773793,0.233941144,0.0,Post-Harvest,0.0,23.89,0.434,0.0,0.0,Growing,0.0,
2019-06-07,3.870343202,3.351775636,,-14.08809201,5.96,0.222773793,0.231707674,0.0,Post-Harvest,0.0,23.89,0.434,0.0,0.0,Growing,0.0,
2019-06-08,9.354637789,0.453502302,,-14.13210485,5.88,0.222773793,0.229474204,0.0,Post-Harvest,0.0,23.89,0.434,0.0,0.0,Growing,0.0,
2019-06-09,3.030875559,8.595080164,,-14.17611769,5.88,0.222773793,0.227240733,0.0,Post-Harvest,0.0,27.09,0.432,0.0,0.0,Growing,0.0,
2019-06-10,5.287807396,1.705408739,0.205738159,-14.22013054,5.91,0.205738159,0.222573601,0.0,Post-Harvest,0.0,27.09,0.432,-0.017035634,0.0,Growing,0.0,
2019-06-11,9.751480123,3.392996881,,-14.28755326,5.97,0.205738159,0.217906469,0.0,Post-Harvest,0.0,27.09,0.432,0.0,0.0,Growing,0.0,
2019-06-12,2.426787623,0.018708312,,-14.35497599,5.92,0.205738159,0.215472807,0.0,Post-Harvest,0.0,27.09,0.432,0.0,0.0,Growing,0.0,
2019-06-13,8.070292993,4.035338182,,-14.42239871,5.79,0.205738159,0.213039145,0.0,Post-Harvest,0.0,27.09,0.432,0.0,0.0,Growing,0.0,
2019-06-14,23.82894033,17.39939035,,-14.48982144,5.74,0.205738159,0.210605483,0.0,Post-Harvest,0.0,27.53,0.424,0.0,0.0,Growing,0.0,
2019-06-15,6.475521653,1.173367284,0.208406104,-14.55724416,5.71,0.208406104,0.208552956,0.0,Post-Harvest,0.0,27.53,0.424,0.002667944,0.0,Growing,0.0,
2019-06-16,43.22354383,30.92269539,,-14.71674648,5.69,0.208406104,0.206500429,0.0,Post-Harvest,0.0,27.53,0.424,0.0,0.0,Growing,0.0,
2019-06-17,14.89069647,56.28095446,,-14.87624879,5.99,0.208406104,0.206881564,0.0,Post-Harvest,0.0,27.53,0.424,0.0,0.0,Growing,0.0,
2019-06-18,0.893041721,0.700004068,,-15.0357511,6.1,0.208406104,0.207262699,0.0,Post-Harvest,0.0,27.53,0.424,0.0,0.0,Growing,0.0,
2019-06-19,9.168923679,7.052550854,,-15.19525342,6.0,0.208406104,0.207643834,0.0,Post-Harvest,0.0,29.52,0.406,0.0,0.0,Growing,0.0,
2019-06-20,18.66936434,9.278952603,0.187234457,-15.35475573,5.95,0.187234457,0.205000448,1.0,Post-Harvest,3.0,29.52,0.406,-0.021171647,0.0,Growing,0.0,
2019-06-21,6.222801614,0.800266827,,-15.47440101,5.9,0.187234457,0.202357062,1.0,Post-Harvest,3.0,29.52,0.406,0.0,0.0,Growing,0.0,
2019-06-22,1.993174759,0.005571812,,-15.59404629,5.86,0.187234457,0.199332541,1.0,Post-Harvest,3.0,29.52,0.406,0.0,0.0,Growing,0.0,
2019-06-23,9.957741141,0.692342352,,-15.71369158,5.81,0.187234457,0.19630802,1.0,Post-Harvest,3.0,29.52,0.406,0.0,0.0,Growing,0.0,
2019-06-24,12.07240739,8.577348932,,-15.83333686,5.78,0.187234457,0.193283499,1.0,Post-Harvest,3.0,29.67,0.399,0.0,0.0,Post_Harvest,0.0,
2019-06-25,116.5852172,85.71186949,0.190690355,-15.95298214,5.84,0.190690355,0.190752677,1.0,Post-Harvest,3.0,29.67,0.399,0.003455899,0.0,Post_Harvest,0.0,
2019-06-26,94.60014577,116.9603029,,-16.08470074,6.41,0.190690355,0.188221856,1.0,Post-Harvest,3.0,29.67,0.399,0.0,0.0,Post_Harvest,0.0,
2019-06-27,188.8010916,159.0379921,,-16.21641935,7.12,0.190690355,0.188715556,1.0,Post-Harvest,3.0,29.67,0.399,0.0,0.0,Post_Harvest,0.0,
2019-06-28,87.53353845,138.1544352,,-16.34813795,7.91,0.190690355,0.189209256,1.0,Post-Harvest,3.0,29.67,0.399,0.0,0.0,Post_Harvest,0.0,
2019-06-29,3.006440335,0.067512487,,-16.47985655,7.71,0.190690355,0.189702956,1.0,Post-Harvest,3.0,28.61,0.423,0.0,1.0,Growing,1.0,
2019-06-30,15.4951485,13.90987301,0.203455999,-16.61157516,7.49,0.203455999,0.192020319,1.0,Post-Harvest,3.0,28.61,0.423,0.012765644,1.0,Growing,1.0,
2019-07-01,7.386793897,0.849460222,,-16.68739221,7.28,0.203455999,0.194337682,1.0,Post-Harvest,3.0,28.61,0.423,0.0,1.0,Growing,1.0,
2019-07-02,5.973256282,1.055721422,,-16.76320926,7.09,0.203455999,0.196161345,1.0,Post-Harvest,3.0,28.61,0.423,0.0,1.0,Growing,1.0,
2019-07-03,2.538687479,0.227396562,,-16.83902632,6.92,0.203455999,0.197985009,1.0,Post-Harvest,3.0,28.61,0.423,0.0,0.0,Growing,0.0,
2019-07-04,3.027470938,6.179198026,,-16.91484337,6.79,0.203455999,0.199808672,1.0,Post-Harvest,3.0,28.43,0.429,0.0,0.0,Growing,0.0,
2019-07-05,6.446588957,13.65256611,0.139608499,-16.99066042,6.65,0.139608499,0.192511264,1.0,Post-Harvest,3.0,28.43,0.429,-0.0638475,0.0,Growing,0.0,
2019-07-06,21.43196013,20.70983844,,-17.0150447,6.57,0.139608499,0.185213856,1.0,Post-Harvest,3.0,28.43,0.429,0.0,0.0,Growing,0.0,
2019-07-07,9.33307642,3.314768955,,-17.03942898,6.63,0.139608499,0.176092785,1.0,Post-Harvest,3.0,28.43,0.429,0.0,0.0,Growing,0.0,
2019-07-08,62.56580658,37.10842491,,-17.06381326,6.77,0.139608499,0.166971714,1.0,Post-Harvest,3.0,28.43,0.429,0.0,0.0,Growing,0.0,
2019-07-09,75.9208316,156.5738562,,-17.08819753,7.2,0.139608499,0.157850642,1.0,Post-Harvest,3.0,25.61,0.435,0.0,1.0,Growing,1.0,
2019-07-10,192.47602,241.5388676,0.121065581,-17.11258181,7.69,0.121065581,0.146080583,1.0,Post-Harvest,3.0,25.61,0.435,-0.018542918,1.0,Growing,1.0,
2019-07-11,91.83951502,92.23246006,,-17.16795665,8.1,0.121065581,0.134310523,1.0,Post-Harvest,3.0,25.61,0.435,0.0,1.0,Growing,1.0,
2019-07-12,26.22451602,28.98888712,,-17.22333148,8.07,0.121065581,0.131661535,1.0,Post-Harvest,3.0,25.61,0.435,0.0,1.0,Growing,1.0,
2019-07-13,85.20669785,53.60152216,,-17.27870632,8.05,0.121065581,0.129012546,1.0,Post-Harvest,3.0,25.61,0.435,0.0,1.0,Growing,1.0,
2019-07-14,55.20613579,33.58866184,,-17.33408115,7.98,0.121065581,0.126363558,1.0,Post-Harvest,3.0,24.52,0.438,0.0,1.0,Growing,1.0,
2019-07-15,84.36640621,99.89552898,0.1437846,-17.38945599,7.98,0.1437846,0.126960144,1.0,Post-Harvest,3.0,24.52,0.438,0.022719019,1.0,Growing,1.0,
2019-07-16,1.164598882,0.309212146,,-17.0821681,7.89,0.1437846,0.12755673,1.0,Post-Harvest,3.0,24.52,0.438,0.0,1.0,Growing,1.0,
2019-07-17,3.534953771,0.883645428,,-16.77488022,7.77,0.1437846,0.130802304,1.0,Post-Harvest,3.0,24.52,0.438,0.0,1.0,Growing,1.0,
2019-07-18,7.127162122,1.878173179,,-16.46759234,7.61,0.1437846,0.134047878,1.0,Post-Harvest,3.0,24.52,0.438,0.0,1.0,Growing,1.0,
2019-07-19,8.03430281,1.309462058,,-16.16030446,7.48,0.1437846,0.137293452,1.0,Post-Harvest,3.0,28.62,0.421,0.0,1.0,Growing,1.0,
2019-07-20,25.88829249,17.23993195,0.179817758,-15.85301658,7.39,0.179817758,0.14568662,1.0,Post-Harvest,3.0,28.62,0.421,0.036033158,0.0,Growing,0.0,
2019-07-21,23.79140055,5.441814537,,-15.94329629,7.36,0.179817758,0.154079788,1.0,Post-Harvest,3.0,28.62,0.421,0.0,0.0,Growing,0.0,
2019-07-22,68.98878803,44.30098254,,-16.033576,7.35,0.179817758,0.159227382,1.0,Post-Harvest,3.0,28.62,0.421,0.0,1.0,Growing,1.0,
2019-07-23,91.42259974,89.67646465,,-16.12385571,7.56,0.179817758,0.164374976,1.0,Post-Harvest,3.0,28.62,0.421,0.0,1.0,Growing,1.0,
2019-07-24,8.041209506,4.049229217,,-16.21413542,7.64,0.179817758,0.16952257,1.0,Post-Harvest,3.0,27.29,0.431,0.0,1.0,Growing,1.0,
2019-07-25,13.14913629,5.897029026,0.222307244,-16.30441513,7.48,0.222307244,0.180740091,1.0,Post-Harvest,3.0,27.29,0.431,0.042489486,1.0,Growing,1.0,
2019-07-26,14.37177121,2.570267562,,-16.24539811,7.36,0.222307244,0.191957611,1.0,Post-Harvest,3.0,27.29,0.431,0.0,1.0,Growing,1.0,
2019-07-27,10.09651082,6.68544626,,-16.18638109,7.26,0.222307244,0.198027538,1.0,Post-Harvest,3.0,27.29,0.431,0.0,1.0,Growing,1.0,
2019-07-28,5.791946252,3.427485618,,-16.12736407,7.17,0.222307244,0.204097464,1.0,Post-Harvest,3.0,27.29,0.431,0.0,1.0,Growing,1.0,
2019-07-29,3.702181388,2.944687251,,-16.06834705,7.06,0.222307244,0.210167391,1.0,Post-Harvest,3.0,27.51,0.421,0.0,1.0,Growing,1.0,
2019-07-30,11.47425323,13.9835036,0.230357893,-16.00933003,7.07,0.230357893,0.21738741,1.0,Post-Harvest,3.0,27.51,0.421,0.008050649,1.0,Growing,1.0,
2019-07-31,16.2365704,9.88862132,,-16.04023317,7.22,0.230357893,0.224607429,1.0,Post-Harvest,3.0,27.51,0.421,0.0,1.0,Growing,1.0,
2019-08-01,4.053719724,2.368596984,,-16.07113632,7.14,0.230357893,0.225757522,1.0,Post-Harvest,3.0,27.51,0.421,0.0,1.0,Growing,1.0,
2019-08-02,25.61394118,20.14077659,,-16.10203946,7.06,0.230357893,0.226907615,0.0,Post-Harvest,0.0,27.51,0.421,0.0,1.0,Growing,1.0,
2019-08-03,6.944058726,2.689894413,,-16.13294261,6.98,0.230357893,0.228057707,0.0,Post-Harvest,0.0,27.94,0.422,0.0,0.0,Growing,0.0,
2019-08-04,2.222170545,18.66582116,0.275713407,-16.16384575,6.92,0.275713407,0.235687159,0.0,Post-Harvest,0.0,27.94,0.422,0.045355514,0.0,Growing,0.0,
2019-08-05,3.609586539,0.43122856,,-16.16142775,6.83,0.275713407,0.243316611,0.0,Post-Harvest,0.0,27.94,0.422,0.0,0.0,Growing,0.0,
2019-08-06,4.98219058,2.798452959,,-16.15900974,6.75,0.275713407,0.24979597,0.0,Post-Harvest,0.0,27.94,0.422,0.0,0.0,Growing,0.0,
2019-08-07,14.39606789,14.80897672,,-16.15659173,6.66,0.275713407,0.256275329,0.0,Post-Harvest,0.0,27.94,0.422,0.0,0.0,Growing,0.0,
2019-08-08,3.97072975,2.447090039,,-16.15417372,6.57,0.275713407,0.262754689,0.0,Post-Harvest,0.0,26.45,0.433,0.0,0.0,Growing,0.0,
2019-08-09,73.62069358,22.69189874,0.25756496,-16.15175572,6.51,0.25756496,0.266641412,0.0,Post-Harvest,0.0,26.45,0.433,-0.018148447,0.0,Growing,0.0,
2019-08-10,6.785698457,3.770584643,,-16.03937747,6.53,0.25756496,0.270528136,0.0,Post-Harvest,0.0,26.45,0.433,0.0,0.0,Growing,0.0,
2019-08-11,3.265379491,3.378737077,,-15.92699922,6.44,0.25756496,0.267935501,0.0,Post-Harvest,0.0,26.45,0.433,0.0,0.0,Growing,0.0,
2019-08-12,24.13483693,14.09527622,,-15.81462097,6.28,0.25756496,0.265342866,0.0,Post-Harvest,0.0,26.45,0.433,0.0,0.0,Growing,0.0,
2019-08-13,39.464279,20.42583628,,-15.70224273,6.37,0.25756496,0.26275023,0.0,Post-Harvest,0.0,26.87,0.434,0.0,0.0,Growing,0.0,
2019-08-14,45.53492718,124.7486518,0.235662141,-15.58986448,6.42,0.235662141,0.257028621,0.0,Post-Harvest,0.0,26.87,0.434,-0.021902819,0.0,Growing,0.0,
2019-08-15,43.02760657,55.5310233,,-15.55018193,6.67,0.235662141,0.251307011,0.0,Post-Harvest,0.0,26.87,0.434,0.0,0.0,Growing,0.0,
2019-08-16,15.1243597,8.234105019,,-15.51049938,6.71,0.235662141,0.248178037,0.0,Post-Harvest,0.0,26.87,0.434,0.0,0.0,Growing,0.0,
2019-08-17,4.270670252,9.389551854,,-15.47081682,6.63,0.235662141,0.245049063,0.0,Post-Harvest,0.0,26.87,0.434,0.0,0.0,Growing,0.0,
2019-08-18,1.489702049,0.000131093,,-15.43113427,6.54,0.235662141,0.241920089,0.0,Post-Harvest,0.0,27.4,0.429,0.0,0.0,Growing,0.0,
2019-08-19,3.43101927,0.001739537,0.234304358,-15.39145172,6.45,0.234304358,0.238597146,0.0,Post-Harvest,0.0,27.4,0.429,-0.001357783,0.0,Growing,0.0,
2019-08-20,3.212665894,0.179008878,,-15.2687494,6.4,0.234304358,0.235274203,0.0,Post-Harvest,0.0,27.4,0.429,0.0,0.0,Growing,0.0,
2019-08-21,5.473218251,5.901707577,,-15.14604709,6.3,0.234304358,0.235080234,0.0,Post-Harvest,0.0,27.4,0.429,0.0,0.0,Growing,0.0,
2019-08-22,36.15681379,36.32963961,,-15.02334478,6.21,0.234304358,0.234886265,0.0,Post-Harvest,0.0,27.4,0.429,0.0,0.0,Growing,0.0,
2019-08-23,64.54364082,11.4186274,,-14.90064247,6.15,0.234304358,0.234692296,0.0,Post-Harvest,0.0,26.98,0.434,0.0,0.0,Growing,0.0,
2019-08-24,19.54119289,30.66624427,0.144765118,-14.77794015,6.12,0.144765118,0.221707007,0.0,Post-Harvest,0.0,26.98,0.434,-0.08953924,0.0,Growing,0.0,
2019-08-25,6.490247558,1.399418434,,-14.82144118,6.09,0.144765118,0.208721718,0.0,Post-Harvest,0.0,26.98,0.434,0.0,0.0,Growing,0.0,
2019-08-26,9.865880282,0.488117964,,-14.86494222,5.99,0.144765118,0.195930398,0.0,Post-Harvest,0.0,26.98,0.434,0.0,0.0,Growing,0.0,
2019-08-27,7.35556132,5.026657492,,-14.90844325,5.92,0.144765118,0.183139078,0.0,Post-Harvest,0.0,26.98,0.434,0.0,0.0,Growing,0.0,
2019-08-28,3.870203903,0.642526647,,-14.95194428,5.84,0.144765118,0.170347758,0.0,Post-Harvest,0.0,27.73,0.423,0.0,0.0,Growing,0.0,
2019-08-29,1.687623439,0.102571966,0.140580197,-14.99544531,5.77,0.140580197,0.156958592,0.0,Post-Harvest,0.0,27.73,0.423,-0.004184921,0.0,Growing,0.0,
2019-08-30,4.473214175,9.292500178,,-14.91000449,5.7,0.140580197,0.143569426,0.0,Post-Harvest,0.0,27.73,0.423,0.0,0.0,Growing,0.0,
2019-08-31,19.42348078,13.34322153,,-14.82456366,5.58,0.140580197,0.14297158,0.0,Post-Harvest,0.0,27.73,0.423,0.0,0.0,Growing,0.0,
2019-09-01,2.512548217,0.068703098,,-14.73912284,5.48,0.140580197,0.142373734,0.0,Post-Harvest,0.0,27.73,0.423,0.0,0.0,Growing,0.0,
2019-09-02,3.600522354,5.757655126,,-14.65368201,5.37,0.140580197,0.141775888,0.0,Post-Harvest,0.0,28.58,0.422,0.0,0.0,Growing,0.0,
2019-09-03,77.35481741,25.6320459,0.378260483,-14.56824119,5.28,0.378260483,0.175132369,0.0,Post-Harvest,0.0,28.58,0.422,0.237680286,0.0,Mature,0.0,
2019-09-04,40.28018599,12.64359456,,-14.55747229,5.33,0.378260483,0.20848885,0.0,Post-Harvest,0.0,28.58,0.422,0.0,0.0,Mature,0.0,
2019-09-05,13.23702238,1.02225013,,-14.54670338,5.33,0.378260483,0.242443176,0.0,Post-Harvest,0.0,28.58,0.422,0.0,0.0,Mature,0.0,
2019-09-06,6.945026173,6.040459302,,-14.53593448,5.3,0.378260483,0.276397503,0.0,Post-Harvest,0.0,28.58,0.422,0.0,0.0,Mature,0.0,
2019-09-07,19.24417312,30.30677049,,-14.52516558,5.27,0.378260483,0.31035183,0.0,Mature,0.0,27.27,0.431,0.0,0.0,Mature,0.0,
2019-09-08,4.785566031,22.2209175,0.374676216,-14.51439667,5.34,0.374676216,0.343794118,0.0,Mature,0.0,27.27,0.431,-0.003584267,0.0,Mature,0.0,
2019-09-09,24.11776752,24.40321352,,-14.50848642,5.48,0.374676216,0.377236406,0.0,Mature,0.0,27.27,0.431,0.0,0.0,Mature,0.0,
2019-09-10,15.93121162,12.96647188,,-14.50257617,5.86,0.374676216,0.376724368,0.0,Mature,0.0,27.27,0.431,0.0,0.0,Mature,0.0,
2019-09-11,6.880908822,19.38974116,,-14.49666592,5.92,0.374676216,0.37621233,0.0,Mature,0.0,27.27,0.431,0.0,0.0,Mature,0.0,
2019-09-12,17.80095257,20.820787,,-14.49075567,5.89,0.374676216,0.375700292,0.0,Mature,0.0,25.45,0.434,0.0,0.0,Mature,0.0,
2019-09-13,47.4886625,44.87983991,0.366673482,-14.48484542,6.11,0.366673482,0.374045006,0.0,Mature,0.0,25.45,0.434,-0.008002734,0.0,Mature,0.0,
2019-09-14,20.95499082,24.42872623,,-14.46094937,6.52,0.366673482,0.37238972,0.0,Mature,0.0,25.45,0.434,0.0,0.0,Mature,0.0,
2019-09-15,16.04124635,21.00889886,,-14.43705331,6.48,0.366673482,0.371246473,0.0,Mature,0.0,25.45,0.434,0.0,0.0,Mature,0.0,
2019-09-16,13.65889981,9.099046323,,-14.41315725,6.47,0.366673482,0.370103225,0.0,Mature,0.0,25.45,0.434,0.0,0.0,Mature,0.0,
2019-09-17,4.780597238,4.815014421,,-14.3892612,6.38,0.366673482,0.368959977,0.0,Mature,0.0,27.94,0.411,0.0,0.0,Mature,0.0,
2019-09-18,1.760364631,1.15385493,0.419639545,-14.36536514,6.27,0.419639545,0.37538331,0.0,Mature,0.0,27.94,0.411,0.052966063,0.0,Mature,0.0,
2019-09-19,2.753548754,2.837068022,,-14.50149633,6.13,0.419639545,0.381806643,0.0,Mature,0.0,27.94,0.411,0.0,0.0,Mature,0.0,
2019-09-20,2.375074267,0.090032288,,-14.63762752,6.02,0.419639545,0.389373223,0.0,Mature,0.0,27.94,0.411,0.0,0.0,Mature,0.0,
2019-09-21,3.132023951,0.92689916,,-14.7737587,5.87,0.419639545,0.396939804,0.0,Mature,0.0,27.94,0.411,0.0,0.0,Mature,0.0,
2019-09-22,20.68212927,16.62560695,,-14.90988989,5.73,0.419639545,0.404506384,0.0,Mature,0.0,26.84,0.425,0.0,0.0,Mature,0.0,
2019-09-23,42.03006588,23.36343475,0.386651563,-15.04602108,5.68,0.386651563,0.407360396,0.0,Mature,0.0,26.84,0.425,-0.032987982,0.0,Mature,0.0,
2019-09-24,30.08813325,29.78475573,,-15.02766279,5.71,0.386651563,0.410214407,0.0,Mature,0.0,26.84,0.425,0.0,0.0,Mature,0.0,
2019-09-25,30.45836235,30.86210355,,-15.00930451,5.73,0.386651563,0.405501838,0.0,Mature,0.0,26.84,0.425,0.0,0.0,Mature,0.0,
2019-09-26,1.576790854,0.356173903,,-14.99094622,5.7,0.386651563,0.40078927,0.0,Mature,0.0,26.84,0.425,0.0,0.0,Mature,0.0,
2019-09-27,9.533542351,15.27920051,,-14.97258793,5.65,0.386651563,0.396076701,0.0,Mature,0.0,26.03,0.412,0.0,0.0,Mature,0.0,
2019-09-28,7.250099366,7.389227387,0.454426555,-14.95422965,5.61,0.454426555,0.401046274,0.0,Mature,0.0,26.03,0.412,0.067774992,0.0,Mature,0.0,
2019-09-29,5.26217151,21.92799918,,-15.0214957,5.56,0.454426555,0.406015846,0.0,Mature,0.0,26.03,0.412,0.0,0.0,Mature,0.0,
2019-09-30,47.49622262,46.71536599,,-15.08876176,5.53,0.454426555,0.415697988,0.0,Mature,0.0,26.03,0.412,0.0,0.0,Mature,0.0,
2019-10-01,37.36051073,64.08387464,,-15.15602781,5.8,0.454426555,0.42538013,0.0,Mature,0.0,26.03,0.412,0.0,0.0,Mature,0.0,
2019-10-02,1.811761995,9.334671781,,-15.22329387,6.04,0.454426555,0.435062271,0.0,Mature,0.0,24.85,0.422,0.0,0.0,Mature,0.0,
2019-10-03,3.315905371,0.022532715,0.461619102,-15.29055992,6.1,0.461619102,0.44577192,0.0,Mature,0.0,24.85,0.422,0.007192548,0.0,Mature,0.0,
2019-10-04,3.761419086,1.248945936,,-15.22000008,6.02,0.461619102,0.456481568,0.0,Mature,0.0,24.85,0.422,0.0,0.0,Mature,0.0,
2019-10-05,9.396891141,2.447749124,,-15.14944024,5.91,0.461619102,0.457509075,0.0,Mature,0.0,24.85,0.422,0.0,0.0,Mature,0.0,
2019-10-06,0.977594173,0.110061038,,-15.0788804,5.81,0.461619102,0.458536582,0.0,Mature,0.0,24.85,0.422,0.0,0.0,Mature,0.0,
2019-10-07,28.28121122,2.618901194,,-15.00832057,5.68,0.461619102,0.459564089,0.0,Mature,0.0,26.34,0.429,0.0,0.0,Mature,0.0,
2019-10-08,9.918321242,2.989233872,0.458825274,-14.93776073,5.59,0.458825274,0.460192477,0.0,Mature,0.0,26.34,0.429,-0.002793828,0.0,Mature,0.0,
2019-10-09,12.52070824,5.60161195,,-14.91354306,5.46,0.458825274,0.460820866,0.0,Mature,0.0,26.34,0.429,0.0,0.0,Mature,0.0,
2019-10-10,4.147678593,3.34502473,,-14.8893254,5.36,0.458825274,0.460421747,0.0,Mature,0.0,26.34,0.429,0.0,0.0,Mature,0.0,
2019-10-11,0.018827501,0.000778868,,-14.86510773,5.29,0.458825274,0.460022629,0.0,Mature,0.0,26.34,0.429,0.0,0.0,Mature,0.0,
2019-10-12,0.062754327,0.0,,-14.84089007,5.21,0.458825274,0.459623511,0.0,Mature,0.0,25.98,0.396,0.0,0.0,Mature,0.0,
2019-10-13,0.020027744,0.0,0.463359959,-14.8166724,5.14,0.463359959,0.459872205,0.0,Mature,0.0,25.98,0.396,0.004534685,0.0,Mature,0.0,
2019-10-14,0.047414013,0.200858819,,-14.84248302,5.06,0.463359959,0.460120899,0.0,Mature,0.0,25.98,0.396,0.0,0.0,Mature,0.0,
2019-10-15,1.623470017,0.02385341,,-14.86829365,4.97,0.463359959,0.460768711,0.0,Mature,0.0,25.98,0.396,0.0,0.0,Mature,0.0,
2019-10-16,0.444466999,0.081605383,,-14.89410427,4.87,0.463359959,0.461416523,0.0,Mature,0.0,25.98,0.396,0.0,0.0,Mature,0.0,
2019-10-17,1.165610165,0.142558725,,-14.91991489,4.79,0.463359959,0.462064335,0.0,Mature,0.0,26.52,0.382,0.0,0.0,Mature,0.0,
2019-10-18,0.060620559,0.07190759,0.456512667,-14.94572552,4.74,0.456512667,0.461733962,0.0,Mature,0.0,26.52,0.382,-0.006847293,0.0,Mature,0.0,
2019-10-19,1.452580353,0.045158332,,-14.88313601,4.69,0.456512667,0.46140359,0.0,Mature,0.0,26.52,0.382,0.0,0.0,Mature,0.0,
2019-10-20,1.623699556,0.008272624,,-14.82054651,4.62,0.456512667,0.460425405,0.0,Mature,0.0,26.52,0.382,0.0,0.0,Mature,0.0,
2019-10-21,5.278089869,0.080353618,,-14.75795701,4.54,0.456512667,0.459447221,0.0,Mature,0.0,26.52,0.382,0.0,0.0,Mature,0.0,
2019-10-22,3.318315102,0.406485572,,-14.6953675,4.47,0.456512667,0.458469036,0.0,Mature,0.0,25.66,0.355,0.0,0.0,Mature,0.0,
2019-10-23,23.97138343,11.88520933,0.436105126,-14.632778,4.39,0.436105126,0.454575488,0.0,Mature,0.0,25.66,0.355,-0.02040754,0.0,Mature,0.0,
2019-10-24,39.90741608,53.89128028,,-14.66849417,4.33,0.436105126,0.450681941,0.0,Mature,0.0,25.66,0.355,0.0,0.0,Mature,0.0,
2019-10-25,64.26273761,96.95576036,,-14.70421033,4.3,0.436105126,0.447766578,0.0,Mature,0.0,25.66,0.355,0.0,0.0,Mature,0.0,
2019-10-26,4.966571135,21.87435663,,-14.7399265,5.18,0.436105126,0.444851215,0.0,Mature,0.0,25.66,0.355,0.0,0.0,Mature,0.0,
2019-10-27,3.978272584,0.023582761,,-14.77564266,5.49,0.436105126,0.441935852,0.0,Mature,0.0,24.18,0.403,0.0,0.0,Mature,0.0,
2019-10-28,0.769639752,0.123333315,0.424468407,-14.81135882,5.46,0.424468407,0.437358101,0.0,Mature,0.0,24.18,0.403,-0.011636719,0.0,Mature,0.0,
2019-10-29,1.341311869,0.132902661,,-14.64626529,5.51,0.424468407,0.432780349,0.0,Mature,0.0,24.18,0.403,0.0,0.0,Mature,0.0,
2019-10-30,0.131154277,0.25253639,,-14.48117176,5.52,0.424468407,0.431117961,0.0,Mature,0.0,24.18,0.403,0.0,0.0,Mature,0.0,
2019-10-31,4.68161598,0.079615275,,-14.31607822,5.46,0.424468407,0.429455572,0.0,Mature,0.0,24.18,0.403,0.0,0.0,Mature,0.0,
2019-11-01,0.396445755,0.000196819,,-14.15098469,5.46,0.424468407,0.427793184,0.0,Mature,0.0,24.69,0.344,0.0,0.0,Mature,0.0,
2019-11-02,0.058664244,6.19e-05,0.415843638,-13.98589116,5.46,0.415843638,0.424898686,0.0,Mature,0.0,24.69,0.344,-0.008624769,0.0,Mature,0.0,
2019-11-03,0.042112935,0.0,,-13.93963828,5.46,0.415843638,0.422004187,0.0,Mature,0.0,24.69,0.344,0.0,0.0,Mature,0.0,
2019-11-04,0.0,0.004643315,,-13.8933854,5.46,0.415843638,0.420772077,0.0,Mature,0.0,24.69,0.344,0.0,0.0,Mature,0.0,
2019-11-05,0.008469192,0.002153339,,-13.84713252,5.46,0.415843638,0.419539967,0.0,Mature,0.0,24.69,0.344,0.0,0.0,Mature,0.0,
2019-11-06,0.471524806,0.020253668,,-13.80087963,5.46,0.415843638,0.418307857,0.0,Mature,0.0,23.77,0.308,0.0,0.0,Mature,0.0,
2019-11-07,1.104434748,0.297436961,0.394403685,-13.75462675,5.46,0.394403685,0.414012897,0.0,Mature,0.0,23.77,0.308,-0.021439953,0.0,Mature,0.0,
2019-11-08,5.961959297,6.218609793,,-13.75414525,5.46,0.394403685,0.409717937,0.0,Mature,0.0,23.77,0.308,0.0,0.0,Mature,0.0,
2019-11-09,12.34393087,16.28447403,,-13.75366374,5.46,0.394403685,0.406655086,0.0,Mature,0.0,23.77,0.308,0.0,0.0,Mature,0.0,
2019-11-10,1.629970394,0.542977796,,-13.75318224,5.46,0.394403685,0.403592236,0.0,Mature,0.0,23.77,0.308,0.0,0.0,Mature,0.0,
2019-11-11,0.020962751,0.000807533,,-13.75270073,5.46,0.394403685,0.400529386,0.0,Mature,0.0,22.82,0.419,0.0,0.0,Mature,0.0,
2019-11-12,0.027920525,3.69e-05,0.396399888,-13.75221923,5.46,0.396399888,0.397751707,0.0,Mature,0.0,22.82,0.419,0.001996203,0.0,Mature,0.0,
2019-11-13,0.032514573,0.0,,-13.63231115,5.46,0.396399888,0.394974028,0.0,Mature,0.0,22.82,0.419,0.0,0.0,Mature,0.0,
2019-11-14,0.045885762,0.103057494,,-13.51240307,5.46,0.396399888,0.3952592,0.0,Mature,0.0,22.82,0.419,0.0,0.0,Mature,0.0,
2019-11-15,0.023625423,0.016394761,,-13.39249499,5.46,0.396399888,0.395544372,0.0,Mature,0.0,22.82,0.419,0.0,0.0,Mature,0.0,
2019-11-16,0.005756572,0.0,,-13.27258691,5.46,0.396399888,0.395829544,0.0,Mature,0.0,22.79,0.348,0.0,0.0,Mature,0.0,
2019-11-17,0.108565066,0.0,0.375702548,-13.15267883,5.46,0.375702548,0.393157953,0.0,Mature,0.0,22.79,0.348,-0.020697339,0.0,Mature,0.0,
2019-11-18,0.068569454,0.0,,-13.20074241,5.46,0.375702548,0.390486362,0.0,Mature,0.0,22.79,0.348,0.0,0.0,Mature,0.0,
2019-11-19,0.105752083,0.0,,-13.24880599,5.46,0.375702548,0.387529599,0.0,Mature,0.0,22.79,0.348,0.0,0.0,Mature,0.0,
2019-11-20,0.002064362,0.0,,-13.29686957,5.46,0.375702548,0.384572837,0.0,Mature,0.0,22.79,0.348,0.0,0.0,Mature,0.0,
2019-11-21,0.013097704,0.0,,-13.34493314,5.46,0.375702548,0.381616074,0.0,Mature,0.0,21.52,0.316,0.0,0.0,Mature,0.0,
2019-11-22,0.035639322,0.028470256,0.397010565,-13.39299672,6.205,0.397010565,0.381703313,0.0,Mature,0.0,21.52,0.316,0.021308016,0.0,Mature,0.0,
2019-11-23,0.535283346,0.044147819,,-13.33717809,6.205,0.397010565,0.381790553,0.0,Mature,0.0,21.52,0.316,0.0,0.0,Mature,0.0,
2019-11-24,0.903807558,0.012387879,,-13.28135946,6.205,0.397010565,0.384834555,0.0,Mature,0.0,21.52,0.316,0.0,0.0,Mature,0.0,
2019-11-25,0.399991244,0.035290444,,-13.22554083,6.205,0.397010565,0.387878558,0.0,Mature,0.0,21.52,0.316,0.0,0.0,Mature,0.0,
2019-11-26,1.410493667,0.125918324,,-13.1697222,6.205,0.397010565,0.39092256,0.0,Mature,0.0,21.84,0.298,0.0,0.0,Mature,0.0,
2019-11-27,0.16406144,0.0,0.378065202,-13.11390357,6.205,0.378065202,0.391260082,0.0,Mature,0.0,21.84,0.298,-0.018945363,0.0,Mature,0.0,
2019-11-28,0.026425629,0.0,,-13.07287105,6.205,0.378065202,0.391597604,0.0,Mature,0.0,21.84,0.298,0.0,0.0,Mature,0.0,
2019-11-29,0.046702301,0.024821493,,-13.03183853,6.205,0.378065202,0.388891124,0.0,Mature,0.0,21.84,0.298,0.0,0.0,Mature,0.0,
2019-11-30,0.0,0.007436578,,-12.99080601,6.205,0.378065202,0.386184643,0.0,Mature,0.0,21.84,0.298,0.0,0.0,Mature,0.0,
2019-12-01,0.0,0.175719057,,-12.94977349,6.205,0.378065202,0.383478163,0.0,Mature,0.0,20.74,0.262,0.0,0.0,Mature,0.0,
2019-12-02,0.0,0.0,0.354665284,-12.90874097,6.205,0.354665284,0.377428837,0.0,Mature,0.0,20.74,0.262,-0.023399918,0.0,Mature,0.0,
2019-12-03,0.055633233,0.0,,-12.90793589,6.205,0.354665284,0.371379511,0.0,Mature,0.0,20.74,0.262,0.0,0.0,Mature,0.0,
2019-12-04,0.0,0.0,,-12.90713081,6.205,0.354665284,0.368036666,0.0,Mature,0.0,20.74,0.262,0.0,0.0,Mature,0.0,
2019-12-05,0.0,0.0,,-12.90632573,6.205,0.354665284,0.36469382,0.0,Mature,0.0,20.74,0.262,0.0,0.0,Mature,0.0,
2019-12-06,0.0,0.0,,-12.90552065,6.205,0.354665284,0.361350975,0.0,Mature,0.0,20.04,0.235,0.0,0.0,Mature,0.0,
2019-12-07,0.149379168,0.004281184,0.366541327,-12.90471558,6.205,0.366541327,0.359704707,0.0,Mature,0.0,20.04,0.235,0.011876042,0.0,Mature,0.0,
2019-12-08,0.0,0.0,,-12.85920284,6.205,0.366541327,0.358058439,0.0,Mature,0.0,20.04,0.235,0.0,0.0,Mature,0.0,
2019-12-09,0.0,0.0,,-12.81369011,6.205,0.366541327,0.359755017,0.0,Mature,0.0,20.04,0.235,0.0,0.0,Mature,0.0,
2019-12-10,0.001854807,0.013372743,,-12.76817738,6.205,0.366541327,0.361451594,0.0,Mature,0.0,20.04,0.235,0.0,0.0,Mature,0.0,
2019-12-11,0.0,0.0,,-12.72266465,6.205,0.366541327,0.363148172,0.0,Mature,0.0,18.68,0.215,0.0,0.0,Mature,0.0,
2019-12-12,0.011846022,0.0,0.348099037,-12.67715192,6.205,0.348099037,0.362210136,0.0,Mature,0.0,18.68,0.215,-0.018442289,0.0,Mature,0.0,
2019-12-13,0.00203915,0.0,,-12.69080885,6.205,0.348099037,0.361272101,0.0,Mature,0.0,18.68,0.215,0.0,0.0,Mature,0.0,
2019-12-14,0.001464341,0.0,,-12.70446578,6.205,0.348099037,0.358637488,0.0,Mature,0.0,18.68,0.215,0.0,0.0,Mature,0.0,
2019-12-15,0.016289609,0.0,,-12.71812271,6.205,0.348099037,0.356002876,0.0,Mature,0.0,18.68,0.215,0.0,0.0,Mature,0.0,
2019-12-16,0.026337891,0.0,,-12.73177965,6.205,0.348099037,0.353368263,0.0,Mature,0.0,19.02,0.201,0.0,0.0,Mature,0.0,
2019-12-17,0.0,0.0,0.322559349,-12.74543658,6.205,0.322559349,0.347085123,0.0,Mature,0.0,19.02,0.201,-0.025539689,0.0,Mature,0.0,
2019-12-18,0.0,0.0,,-12.72042903,6.205,0.322559349,0.340801983,0.0,Mature,0.0,19.02,0.201,0.0,0.0,Mature,0.0,
2019-12-19,0.0,0.0,,-12.69542148,6.673,0.322559349,0.337153456,0.0,Mature,0.0,19.02,0.201,0.0,0.0,Mature,0.0,
2019-12-20,0.000132184,0.0,,-12.67041393,6.673,0.322559349,0.333504929,0.0,Mature,0.0,19.02,0.201,0.0,0.0,Mature,0.0,
2019-12-21,0.0,0.020621514,,-12.64540638,6.673,0.322559349,0.329856403,0.0,Mature,0.0,16.53,0.191,0.0,0.0,Mature,0.0,
2019-12-22,0.0,0.0,0.31489824,-12.62039883,6.673,0.31489824,0.325113431,0.0,Mature,0.0,16.53,0.191,-0.007661109,0.0,Mature,0.0,
2019-12-23,0.0,0.0,,-12.62990345,6.673,0.31489824,0.32037046,0.0,Mature,0.0,16.53,0.191,0.0,0.0,Mature,0.0,
2019-12-24,0.0,0.0,,-12.63940807,6.673,0.31489824,0.319276016,0.0,Mature,0.0,16.53,0.191,0.0,0.0,Mature,0.0,
2019-12-25,0.0,0.0,,-12.64891268,6.673,0.31489824,0.318181572,0.0,Mature,0.0,16.53,0.191,0.0,0.0,Mature,0.0,
2019-12-26,0.000141348,0.0,,-12.6584173,6.673,0.31489824,0.317087128,0.0,Mature,0.0,17.26,0.184,0.0,0.0,Mature,0.0,
2019-12-27,1.222773879,0.0,0.316770694,-12.66792192,6.673,0.316770694,0.316260177,0.0,Mature,0.0,17.26,0.184,0.001872454,0.0,Mature,0.0,
2019-12-28,0.0,0.0,,-12.60744543,6.673,0.316770694,0.315433227,0.0,Mature,0.0,17.26,0.184,0.0,0.0,Mature,0.0,
2019-12-29,0.0,0.0,,-12.54696894,6.673,0.316770694,0.31570072,0.0,Mature,0.0,17.26,0.184,0.0,0.0,Mature,0.0,
2019-12-30,0.0,0.0,,-12.48649245,6.673,0.316770694,0.315968214,0.0,Mature,0.0,17.26,0.184,0.0,0.0,Mature,0.0,
2019-12-31,0.000180241,0.0,,-12.42601596,6.673,0.316770694,0.316235707,0.0,Mature,0.0,19.58,0.188,0.0,0.0,Mature,0.0,
2020-01-01,0.007022418,0.078883258,0.345098109,-12.36553948,6.673,0.345098109,0.320549974,0.0,Mature,0.0,19.58,0.188,0.028327414,0.0,Mature,0.0,
2020-01-02,2.277060927,1.486469375,,-12.31230212,6.673,0.345098109,0.324864241,0.0,Mature,0.0,19.58,0.188,0.0,0.0,Mature,0.0,
2020-01-03,17.53962449,19.33278126,,-12.25906477,6.673,0.345098109,0.328911015,0.0,Mature,0.0,19.58,0.188,0.0,0.0,Mature,0.0,
2020-01-04,0.0,0.0,,-12.20582741,6.673,0.345098109,0.332957788,0.0,Mature,0.0,19.58,0.188,0.0,0.0,Mature,0.0,
2020-01-05,0.0,0.0,,-12.15259006,6.673,0.345098109,0.337004562,0.0,Mature,0.0,15.62,0.247,0.0,0.0,Mature,0.0,
2020-01-06,0.0,0.0,0.377147333,-12.09935271,6.673,0.377147333,0.345629796,0.0,Mature,0.0,15.62,0.247,0.032049225,0.0,Mature,0.0,
2020-01-07,0.0,0.0,,-12.07955121,6.673,0.377147333,0.35425503,0.0,Mature,0.0,15.62,0.247,0.0,0.0,Mature,0.0,
2020-01-08,0.091433247,0.011481773,,-12.05974971,6.673,0.377147333,0.358833491,0.0,Mature,0.0,15.62,0.247,0.0,0.0,Mature,0.0,
2020-01-09,1.575276168,0.004742963,,-12.03994821,6.673,0.377147333,0.363411951,0.0,Mature,0.0,15.62,0.247,0.0,0.0,Mature,0.0,
2020-01-10,0.0,0.0,,-12.02014672,6.673,0.377147333,0.367990412,0.0,Mature,0.0,17.11,0.239,0.0,0.0,Mature,0.0,
2020-01-11,0.0,0.0,0.376883726,-12.00034522,6.673,0.376883726,0.372531215,0.0,Mature,0.0,17.11,0.239,-0.000263607,0.0,Mature,0.0,
2020-01-12,0.0,0.0,,-11.88701863,6.673,0.376883726,0.377072017,0.0,Mature,0.0,17.11,0.239,0.0,0.0,Mature,0.0,
2020-01-13,0.0,0.0,,-11.77369203,6.673,0.376883726,0.377034359,0.0,Mature,0.0,17.11,0.239,0.0,0.0,Mature,0.0,
2020-01-14,0.0,0.0,,-11.66036544,6.673,0.376883726,0.376996701,0.0,Mature,0.0,17.11,0.239,0.0,0.0,Mature,0.0,
2020-01-15,0.0,0.0,,-11.54703885,6.347,0.376883726,0.376959043,0.0,Mature,0.0,18.02,0.207,0.0,0.0,Mature,0.0,
2020-01-16,0.0,0.0,0.392471086,-11.43371226,6.347,0.392471086,0.37914815,0.0,Mature,0.0,18.02,0.207,0.01558736,0.0,Mature,0.0,
2020-01-17,0.0,0.0,,-11.43428178,6.347,0.392471086,0.381337258,0.0,Mature,0.0,18.02,0.207,0.0,0.0,Mature,0.0,
2020-01-18,8.08e-06,0.0,,-11.43485131,6.347,0.392471086,0.383564023,0.0,Mature,0.0,18.02,0.207,0.0,0.0,Mature,0.0,
2020-01-19,0.039174643,0.025559849,,-11.43542084,6.347,0.392471086,0.385790789,0.0,Mature,0.0,18.02,0.207,0.0,0.0,Mature,0.0,
2020-01-20,0.0,0.000128069,,-11.43599036,6.347,0.392471086,0.388017555,0.0,Mature,0.0,17.85,0.192,0.0,0.0,Mature,0.0,
2020-01-21,0.0,0.002347742,0.433954234,-11.43655989,6.347,0.433954234,0.396170484,0.0,Mature,0.0,17.85,0.192,0.041483148,0.0,Mature,0.0,
2020-01-22,0.0,0.0,,-11.36585115,6.347,0.433954234,0.404323414,0.0,Mature,0.0,17.85,0.192,0.0,0.0,Mature,0.0,
2020-01-23,0.0,0.0,,-11.29514242,6.347,0.433954234,0.410249578,0.0,Mature,0.0,17.85,0.192,0.0,0.0,Mature,0.0,
2020-01-24,0.0,0.0,,-11.22443368,6.347,0.433954234,0.416175742,0.0,Mature,0.0,17.85,0.192,0.0,0.0,Mature,0.0,
2020-01-25,0.0,0.0,,-11.15372495,6.347,0.433954234,0.422101906,0.0,Mature,0.0,15.78,0.177,0.0,0.0,Mature,0.0,
2020-01-26,0.0,0.0,0.447686867,-11.08301621,6.347,0.447686867,0.429989875,0.0,Mature,0.0,15.78,0.177,0.013732633,0.0,Mature,0.0,
2020-01-27,0.0,0.0,,-11.02181782,6.347,0.447686867,0.437877844,0.0,Mature,0.0,15.78,0.177,0.0,0.0,Mature,0.0,
2020-01-28,6.86e-05,0.0,,-10.96061943,6.347,0.447686867,0.439839649,0.0,Mature,0.0,15.78,0.177,0.0,0.0,Mature,0.0,
2020-01-29,0.002172629,0.0,,-10.89942104,6.347,0.447686867,0.441801453,0.0,Mature,0.0,15.78,0.177,0.0,0.0,Mature,0.0,
2020-01-30,0.000860552,0.0,,-10.83822264,6.347,0.447686867,0.443763258,0.0,Mature,0.0,18.44,0.179,0.0,0.0,Mature,0.0,
2020-01-31,0.0,0.0016208,0.445862011,-10.77702425,6.347,0.445862011,0.445464369,0.0,Mature,0.0,18.44,0.179,-0.001824856,0.0,Mature,0.0,
2020-02-01,0.0,0.0,,-10.76662054,6.347,0.445862011,0.44716548,0.0,Mature,0.0,18.44,0.179,0.0,0.0,Mature,0.0,
2020-02-02,0.0,0.005771798,,-10.75621682,6.347,0.445862011,0.446904786,0.0,Mature,0.0,18.44,0.179,0.0,0.0,Mature,0.0,
2020-02-03,0.0,0.0,,-10.74581311,6.347,0.445862011,0.446644092,0.0,Mature,0.0,18.44,0.179,0.0,0.0,Mature,0.0,
2020-02-04,0.0,0.0,,-10.73540939,6.347,0.445862011,0.446383398,0.0,Mature,0.0,17.03,0.185,0.0,0.0,Mature,0.0,
2020-02-05,0.0,0.000641599,0.505437446,-10.72500568,6.347,0.505437446,0.454633481,0.0,Mature,0.0,17.03,0.185,0.059575435,0.0,Mature,0.0,
2020-02-06,0.0,0.0,,-10.65975862,6.347,0.505437446,0.462883564,0.0,Mature,0.0,17.03,0.185,0.0,0.0,Mature,0.0,
2020-02-07,0.0,0.0,,-10.59451156,6.347,0.505437446,0.47139434,0.0,Mature,0.0,17.03,0.185,0.0,0.0,Mature,0.0,
2020-02-08,0.914092565,0.264412996,,-10.52926449,6.347,0.505437446,0.479905117,0.0,Mature,0.0,17.03,0.185,0.0,0.0,Mature,0.0,
2020-02-09,0.0,0.000397779,,-10.46401743,6.347,0.505437446,0.488415893,0.0,Mature,0.0,19.1,0.171,0.0,0.0,Mature,0.0,
2020-02-10,0.0,0.0,0.605122463,-10.39877037,6.347,0.605122463,0.511167386,0.0,Mature,0.0,19.1,0.171,0.099685017,0.0,Growing,0.0,
2020-02-11,0.0,0.0,,-10.41931481,6.455,0.605122463,0.533918879,0.0,Mature,0.0,19.1,0.171,0.0,0.0,Growing,0.0,
2020-02-12,0.0,0.0,,-10.43985924,6.455,0.605122463,0.548159596,0.0,Mature,0.0,19.1,0.171,0.0,0.0,Growing,0.0,
2020-02-13,0.0,0.0,,-10.46040368,6.455,0.605122463,0.562400313,0.0,Mature,0.0,19.1,0.171,0.0,0.0,Growing,0.0,
2020-02-14,0.0,0.0,,-10.48094812,6.455,0.605122463,0.576641029,0.0,Mature,0.0,19.13,0.164,0.0,0.0,Growing,0.0,
2020-02-15,0.0,0.0,0.610810721,-10.50149256,6.455,0.610810721,0.591694354,0.0,Mature,0.0,19.13,0.164,0.005688258,0.0,Growing,0.0,
2020-02-16,0.0,0.0,,-10.50852833,6.455,0.610810721,0.606747679,0.0,Growing,0.0,19.13,0.164,0.0,0.0,Growing,0.0,
2020-02-17,0.0,0.0,,-10.5155641,6.455,0.610810721,0.607560288,0.0,Growing,0.0,19.13,0.164,0.0,0.0,Growing,0.0,
2020-02-18,0.0,0.0,,-10.52259988,6.455,0.610810721,0.608372896,0.0,Growing,0.0,19.13,0.164,0.0,0.0,Growing,0.0,
2020-02-19,0.0,0.0,,-10.52963565,6.455,0.610810721,0.609185504,0.0,Growing,0.0,20.39,0.162,0.0,0.0,Growing,0.0,
2020-02-20,0.0,0.009349209,0.61080968,-10.53667142,6.455,0.61080968,0.609997964,0.0,Growing,0.0,20.39,0.162,-1.04e-06,0.0,Growing,0.0,
2020-02-21,0.020617385,0.011538757,,-10.63546731,6.455,0.61080968,0.610810424,0.0,Growing,0.0,20.39,0.162,0.0,0.0,Growing,0.0,
2020-02-22,0.141640177,0.259240819,,-10.7342632,6.455,0.61080968,0.610810275,0.0,Growing,0.0,20.39,0.162,0.0,0.0,Growing,0.0,
2020-02-23,0.184073023,0.184571153,,-10.83305909,6.455,0.61080968,0.610810126,0.0,Growing,0.0,20.39,0.162,0.0,0.0,Growing,0.0,
2020-02-24,5e-05,0.062205566,,-10.93185497,6.455,0.61080968,0.610809977,0.0,Growing,0.0,22.05,0.16,0.0,0.0,Growing,0.0,
2020-02-25,3.171174079,8.997497016,0.661412872,-11.03065086,6.455,0.661412872,0.618038856,0.0,Growing,0.0,22.05,0.16,0.050603192,0.0,Growing,0.0,
2020-02-26,12.32160618,6.894046773,,-11.07844873,6.455,0.661412872,0.625267735,0.0,Growing,0.0,22.05,0.16,0.0,0.0,Growing,0.0,
2020-02-27,0.0,0.0158792,,-11.12624659,6.455,0.661412872,0.632496762,0.0,Growing,0.0,22.05,0.16,0.0,0.0,Growing,0.0,
2020-02-28,0.0,0.016597135,,-11.17404446,6.455,0.661412872,0.639725789,0.0,Growing,0.0,22.05,0.16,0.0,0.0,Growing,0.0,
2020-02-29,0.001477754,0.16984489,,-11.22184233,6.455,0.661412872,0.646954817,0.0,Growing,0.0,21.51,0.231,0.0,0.0,Growing,0.0,
2020-03-01,0.0,0.07993879,0.663143407,-11.26964019,6.455,0.663143407,0.654431064,0.0,Growing,0.0,21.51,0.231,0.001730536,0.0,Growing,0.0,
2020-03-02,0.0,0.041388204,,-11.32900132,6.455,0.663143407,0.661907311,0.0,Growing,0.0,21.51,0.231,0.0,0.0,Growing,0.0,
2020-03-03,0.178225401,0.067392308,,-11.38836244,6.455,0.663143407,0.66215453,0.0,Growing,0.0,21.51,0.231,0.0,0.0,Growing,0.0,
2020-03-04,0.000118046,0.029257117,,-11.44772356,6.455,0.663143407,0.662401749,0.0,Growing,0.0,21.51,0.231,0.0,0.0,Growing,0.0,
2020-03-05,0.0,0.00446804,,-11.50708469,6.455,0.663143407,0.662648969,0.0,Growing,0.0,21.63,0.315,0.0,0.0,Growing,0.0,
2020-03-06,1.844424417,4.443405845,0.66774295,-11.56644581,6.455,0.66774295,0.663553266,0.0,Growing,0.0,21.63,0.315,0.004599542,0.0,Growing,0.0,
2020-03-07,0.461416292,0.202923695,,-11.64464921,6.455,0.66774295,0.664457562,0.0,Growing,0.0,21.63,0.315,0.0,0.0,Growing,0.0,
2020-03-08,0.0,0.0,,-11.7228526,6.455,0.66774295,0.66511464,0.0,Growing,0.0,21.63,0.315,0.0,0.0,Growing,0.0,
2020-03-09,0.0,0.0,,-11.801056,6.455,0.66774295,0.665771717,0.0,Growing,0.0,21.63,0.315,0.0,0.0,Growing,0.0,
2020-03-10,0.0,0.0,,-11.8792594,6.455,0.66774295,0.666428795,0.0,Growing,0.0,21.01,0.275,0.0,0.0,Growing,0.0,
2020-03-11,0.0,0.002042674,0.685254956,-11.9574628,6.455,0.685254956,0.669587587,0.0,Growing,0.0,21.01,0.275,0.017512006,0.0,Growing,0.0,
2020-03-12,0.0,0.0,,-11.94921227,6.455,0.685254956,0.67274638,0.0,Growing,0.0,21.01,0.275,0.0,0.0,Growing,0.0,
2020-03-13,0.0,0.035116834,,-11.94096173,6.455,0.685254956,0.675248095,0.0,Growing,0.0,21.01,0.275,0.0,0.0,Growing,0.0,
2020-03-14,0.085232941,0.105934854,,-11.9327112,6.455,0.685254956,0.67774981,0.0,Growing,0.0,21.01,0.275,0.0,0.0,Growing,0.0,
2020-03-15,1.449514829,1.627270938,,-11.92446067,6.455,0.685254956,0.680251525,0.0,Growing,0.0,24.5,0.2,0.0,0.0,Growing,0.0,
2020-03-16,0.057392551,0.001119152,0.678550999,-11.91621014,6.455,0.678550999,0.681795532,0.0,Growing,0.0,24.5,0.2,-0.006703956,0.0,Growing,0.0,
2020-03-17,0.0,0.0,,-11.98304296,6.455,0.678550999,0.68333954,0.0,Growing,0.0,24.5,0.2,0.0,0.0,Growing,0.0,
2020-03-18,0.0,0.0,,-12.04987579,6.455,0.678550999,0.682381831,0.0,Growing,0.0,24.5,0.2,0.0,0.0,Growing,0.0,
2020-03-19,0.000237907,0.0,,-12.11670861,6.455,0.678550999,0.681424123,0.0,Growing,0.0,24.5,0.2,0.0,0.0,Growing,0.0,
2020-03-20,0.0,0.018562432,,-12.18354144,6.455,0.678550999,0.680466415,0.0,Growing,0.0,23.23,0.182,0.0,0.0,Growing,0.0,
2020-03-21,10.41388577,11.74052349,0.673460497,-12.25037426,6.455,0.673460497,0.678781493,0.0,Growing,0.0,23.23,0.182,-0.005090502,0.0,Growing,0.0,
2020-03-22,0.001282421,0.245433679,,-12.26250306,6.455,0.673460497,0.67709657,0.0,Growing,0.0,23.23,0.182,0.0,0.0,Growing,0.0,
2020-03-23,0.0,0.002129011,,-12.27463185,6.455,0.673460497,0.676369355,0.0,Growing,0.0,23.23,0.182,0.0,0.0,Growing,0.0,
2020-03-24,0.0,0.000561821,,-12.28676064,6.455,0.673460497,0.675642141,0.0,Growing,0.0,23.23,0.182,0.0,0.0,Growing,0.0,
2020-03-25,0.0,0.0,,-12.29888943,6.455,0.673460497,0.674914926,0.0,Growing,0.0,24.63,0.187,0.0,0.0,Growing,0.0,
2020-03-26,0.0,0.0,0.670011063,-12.31101822,6.455,0.670011063,0.673694935,0.0,Growing,0.0,24.63,0.187,-0.003449434,0.0,Growing,0.0,
2020-03-27,0.0,0.003535862,,-12.18321985,6.455,0.670011063,0.672474944,0.0,Growing,0.0,24.63,0.187,0.0,0.0,Growing,0.0,
2020-03-28,0.0,0.0,,-12.05542147,6.455,0.670011063,0.671982168,0.0,Growing,0.0,24.63,0.187,0.0,0.0,Growing,0.0,
2020-03-29,0.0,0.0,,-11.9276231,6.455,0.670011063,0.671489392,0.0,Growing,0.0,24.63,0.187,0.0,0.0,Growing,0.0,
2020-03-30,0.0,0.0,,-11.79982473,6.455,0.670011063,0.670996615,0.0,Growing,0.0,25.65,0.164,0.0,0.0,Growing,0.0,
2020-03-31,0.0,0.0,0.665811862,-11.67202635,6.455,0.665811862,0.669903953,0.0,Growing,0.0,25.65,0.164,-0.004199201,0.0,Growing,0.0,
2020-04-01,0.0,0.0,,-11.5905653,6.455,0.665811862,0.668811291,0.0,Growing,0.0,25.65,0.164,0.0,0.0,Growing,0.0,
2020-04-02,0.0,0.0,,-11.50910424,6.455,0.665811862,0.668211405,0.0,Growing,0.0,25.65,0.164,0.0,0.0,Growing,0.0,
2020-04-03,0.0,0.723130437,,-11.42764319,6.455,0.665811862,0.667611519,0.0,Growing,0.0,25.65,0.164,0.0,0.0,Growing,0.0,
2020-04-04,0.0,0.0,,-11.34618213,6.455,0.665811862,0.667011634,0.0,Growing,0.0,26.11,0.184,0.0,0.0,Growing,0.0,
2020-04-05,0.0,0.0,0.647974001,-11.26472108,4.662,0.647974001,0.663863482,0.0,Growing,0.0,26.11,0.184,-0.017837861,0.0,Growing,0.0,
2020-04-06,0.0,0.001066279,,-11.06247204,4.662,0.647974001,0.66071533,0.0,Growing,0.0,26.11,0.184,0.0,0.0,Growing,0.0,
2020-04-07,0.0,0.0,,-10.860223,4.662,0.647974001,0.658167064,0.0,Growing,0.0,26.11,0.184,0.0,0.0,Growing,0.0,
2020-04-08,3.903662989,8.341571955,,-10.65797396,4.662,0.647974001,0.655618798,0.0,Growing,0.0,26.11,0.184,0.0,0.0,Growing,0.0,
2020-04-09,0.005937618,0.141284268,,-10.45572492,4.662,0.647974001,0.653070532,0.0,Growing,0.0,26.35,0.253,0.0,0.0,Growing,0.0,
2020-04-10,0.0,0.206124534,0.617026391,-10.25347588,4.662,0.617026391,0.646101179,0.0,Growing,0.0,26.35,0.253,-0.03094761,0.0,Growing,0.0,
2020-04-11,85.5931076,34.64178186,,-10.21939259,4.662,0.617026391,0.639131826,0.0,Growing,0.0,26.35,0.253,0.0,0.0,Growing,0.0,
2020-04-12,0.0,0.156677827,,-10.1853093,4.662,0.617026391,0.634710739,0.0,Growing,0.0,26.35,0.253,0.0,0.0,Growing,0.0,
2020-04-13,0.000131925,0.002993648,,-10.15122601,4.662,0.617026391,0.630289652,0.0,Growing,0.0,26.35,0.253,0.0,0.0,Growing,0.0,
2020-04-14,0.119117181,0.403304798,,-10.11714272,4.662,0.617026391,0.625868565,0.0,Growing,0.0,28.45,0.195,0.0,0.0,Growing,0.0,
2020-04-15,40.68504509,19.97885537,0.611072481,-10.08305943,4.662,0.611072481,0.620596919,0.0,Growing,0.0,28.45,0.195,-0.005953909,0.0,Growing,0.0,
2020-04-16,61.68007516,51.15780741,,-9.958479451,4.662,0.611072481,0.615325274,0.0,Growing,0.0,28.45,0.195,0.0,0.0,Growing,0.0,
2020-04-17,13.62470667,12.09777787,,-9.833899469,4.662,0.611072481,0.614474715,0.0,Growing,0.0,28.45,0.195,0.0,0.0,Growing,0.0,
2020-04-18,20.05847806,17.93712706,,-9.709319488,4.662,0.611072481,0.613624157,0.0,Growing,0.0,28.45,0.195,0.0,0.0,Growing,0.0,
2020-04-19,16.92937381,11.85769974,,-9.584739507,4.662,0.611072481,0.612773598,0.0,Growing,0.0,24.35,0.422,0.0,0.0,Growing,0.0,
2020-04-20,4.517072502,46.91081611,0.484986836,-9.460159525,4.662,0.484986836,0.593910805,0.0,Mature,0.0,24.35,0.422,-0.126085645,0.0,Mature,0.0,
2020-04-21,0.154034541,2.141766555,,-9.440038754,4.662,0.484986836,0.575048011,0.0,Mature,0.0,24.35,0.422,0.0,0.0,Mature,0.0,
2020-04-22,0.541972783,3.65970091,,-9.419917983,4.662,0.484986836,0.557035776,0.0,Mature,0.0,24.35,0.422,0.0,0.0,Mature,0.0,
2020-04-23,0.805417682,0.867130022,,-9.399797212,4.662,0.484986836,0.539023541,0.0,Mature,0.0,24.35,0.422,0.0,0.0,Mature,0.0,
2020-04-24,14.27076635,17.97782651,,-9.379676441,4.662,0.484986836,0.521011306,0.0,Mature,0.0,22.55,0.432,0.0,0.0,Mature,0.0,
2020-04-25,3.451948633,4.623408803,0.519735703,-9.35955567,4.662,0.519735703,0.507963195,0.0,Mature,0.0,22.55,0.432,0.034748867,0.0,Mature,0.0,
2020-04-26,1.024442113,7.121302372,,-9.288725393,4.662,0.519735703,0.494915084,0.0,Mature,0.0,22.55,0.432,0.0,0.0,Mature,0.0,
2020-04-27,0.795784595,0.06023623,,-9.217895115,4.662,0.519735703,0.499879208,0.0,Mature,0.0,22.55,0.432,0.0,0.0,Mature,0.0,
2020-04-28,1.903385043,7.567442257,,-9.147064838,4.662,0.519735703,0.504843332,0.0,Mature,0.0,22.55,0.432,0.0,0.0,Mature,0.0,
2020-04-29,2.641153127,0.278760852,,-9.07623456,4.662,0.519735703,0.509807456,0.0,Mature,0.0,23.84,0.424,0.0,0.0,Mature,0.0,
2020-04-30,0.070410354,0.07186426,0.484050206,-9.005404283,4.662,0.484050206,0.509673651,0.0,Mature,0.0,23.84,0.424,-0.035685497,0.0,Mature,0.0,
2020-05-01,0.027809731,0.099676108,,-9.050509287,2.18,0.484050206,0.509539847,0.0,Mature,0.0,23.84,0.424,0.0,0.0,Mature,0.0,
2020-05-02,15.13873649,17.81508178,,-9.095614292,2.08,0.484050206,0.504441919,0.0,Mature,0.0,23.84,0.424,0.0,0.0,Mature,0.0,
2020-05-03,0.003301471,10.15603575,,-9.140719296,2.01,0.484050206,0.499343991,0.0,Mature,0.0,23.84,0.424,0.0,0.0,Mature,0.0,
2020-05-04,0.657714119,0.0,,-9.185824301,2.05,0.484050206,0.494246063,0.0,Mature,0.0,26.54,0.394,0.0,0.0,Mature,0.0,
2020-05-05,14.91062226,19.85698269,0.479296018,-9.230929305,2.09,0.479296018,0.488468965,0.0,Mature,0.0,26.54,0.394,-0.004754188,0.0,Mature,0.0,
2020-05-06,17.18297941,38.68588027,,-9.527468881,2.31,0.479296018,0.482691867,0.0,Mature,0.0,26.54,0.394,0.0,0.0,Mature,0.0,
2020-05-07,2.583409981,0.257088396,,-9.824008457,2.51,0.479296018,0.482012697,0.0,Mature,0.0,26.54,0.394,0.0,0.0,Mature,0.0,
2020-05-08,0.550711078,0.0,,-10.12054803,2.57,0.479296018,0.481333528,0.0,Mature,0.0,26.54,0.394,0.0,0.0,Mature,0.0,
2020-05-09,0.978275785,0.0,,-10.41708761,2.54,0.479296018,0.480654358,0.0,Mature,0.0,27.15,0.378,0.0,0.0,Mature,0.0,
2020-05-10,9.345236947,7.714933891,0.49284041,-10.71362719,2.44,0.49284041,0.481910101,0.0,Mature,0.0,27.15,0.378,0.013544392,0.0,Mature,0.0,
2020-05-11,0.849657009,1.227674368,,-10.82197808,2.33,0.49284041,0.483165845,0.0,Mature,0.0,27.15,0.378,0.0,0.0,Mature,0.0,
2020-05-12,5.87806554,7.841877652,,-10.93032898,2.19,0.49284041,0.485100758,0.0,Mature,0.0,27.15,0.378,0.0,0.0,Mature,0.0,
2020-05-13,9.622575065,43.67488562,,-11.03867988,2.09,0.49284041,0.487035671,0.0,Mature,0.0,27.15,0.378,0.0,0.0,Mature,0.0,
2020-05-14,23.99749558,0.915688969,,-11.14703078,2.04,0.49284041,0.488970584,0.0,Mature,0.0,25.62,0.427,0.0,0.0,Mature,0.0,
2020-05-15,4.18220231,3.944770187,0.466204361,-11.25538168,2.01,0.466204361,0.487100347,0.0,Mature,0.0,25.62,0.427,-0.02663605,0.0,Mature,0.0,
2020-05-16,31.29358567,17.60912203,,-11.35427542,2.09,0.466204361,0.485230111,0.0,Mature,0.0,25.62,0.427,0.0,0.0,Mature,0.0,
2020-05-17,4.822014283,1.297383257,,-11.45316916,2.54,0.466204361,0.481424961,0.0,Mature,0.0,25.62,0.427,0.0,0.0,Mature,0.0,
2020-05-18,4.021479148,0.085997559,,-11.5520629,2.7,0.466204361,0.477619811,0.0,Mature,0.0,25.62,0.427,0.0,0.0,Mature,0.0,
2020-05-19,7.717361738,13.65300687,,-11.65095664,2.67,0.466204361,0.473814661,0.0,Mature,0.0,28.03,0.389,0.0,0.0,Mature,0.0,
2020-05-20,110.5114197,65.65303288,0.280207569,-11.74985038,2.6,0.280207569,0.44343854,0.0,Mature,0.0,28.03,0.389,-0.185996792,0.0,Post_Harvest,0.0,
2020-05-21,27.76683046,30.23912366,,-11.98070815,2.97,0.280207569,0.41306242,0.0,Mature,0.0,28.03,0.389,0.0,0.0,Post_Harvest,0.0,
2020-05-22,0.528395761,15.47909541,,-12.21156591,4.68,0.280207569,0.38649145,0.0,Mature,0.0,28.03,0.389,0.0,0.0,Post_Harvest,0.0,
2020-05-23,29.66264299,44.75482877,,-12.44242367,5.3,0.280207569,0.359920479,0.0,Mature,0.0,28.03,0.389,0.0,0.0,Post_Harvest,0.0,
2020-05-24,53.92469074,87.12681129,,-12.67328144,6.31,0.280207569,0.333349509,0.0,Mature,0.0,27.31,0.428,0.0,0.0,Growing,0.0,
2020-05-25,29.31798021,38.94606156,0.283174592,-12.9041392,6.38,0.283174592,0.307202399,0.0,Mature,0.0,27.31,0.428,0.002967024,0.0,Growing,0.0,
2020-05-26,187.5865297,140.3262447,,-13.21457185,6.6,0.283174592,0.28105529,0.0,Post-Harvest,0.0,27.31,0.428,0.0,0.0,Growing,0.0,
2020-05-27,88.68661107,55.64600256,,-13.5250045,6.88,0.283174592,0.28147915,0.0,Post-Harvest,0.0,27.31,0.428,0.0,0.0,Growing,0.0,
2020-05-28,14.36996363,0.493421555,,-13.83543714,6.85,0.283174592,0.281903011,0.0,Post-Harvest,0.0,27.31,0.428,0.0,0.0,Growing,0.0,
2020-05-29,1.310579827,0.0,,-14.14586979,6.74,0.283174592,0.282326871,0.0,Post-Harvest,0.0,24.74,0.421,0.0,0.0,Growing,0.0,
2020-05-30,10.8895337,3.55285451,0.263071816,-14.45630244,6.61,0.263071816,0.279878907,0.0,Post-Harvest,0.0,24.74,0.421,-0.020102776,0.0,Growing,0.0,
2020-05-31,3.154854214,4.041645043,,-14.62109784,6.51,0.263071816,0.277430942,0.0,Post-Harvest,0.0,24.74,0.421,0.0,0.0,Growing,0.0,
2020-06-01,5.694067628,5.359803883,,-14.78589324,6.4,0.263071816,0.274559117,0.0,Post-Harvest,0.0,24.74,0.421,0.0,0.0,Growing,0.0,
2020-06-02,15.6417313,9.528743662,,-14.95068864,6.4,0.263071816,0.271687292,0.0,Post-Harvest,0.0,24.74,0.421,0.0,0.0,Growing,0.0,
2020-06-03,40.24152672,20.993133,,-15.11548404,6.38,0.263071816,0.268815467,0.0,Post-Harvest,0.0,25.39,0.43,0.0,0.0,Growing,0.0,
2020-06-04,23.3144656,9.770835124,0.126721006,-15.28027944,6.46,0.126721006,0.246464954,0.0,Post-Harvest,0.0,25.39,0.43,-0.13635081,0.0,Growing,0.0,
2020-06-05,57.95147791,66.75620389,,-15.31707228,6.43,0.126721006,0.224114442,0.0,Post-Harvest,0.0,25.39,0.43,0.0,0.0,Growing,0.0,
2020-06-06,30.32990093,47.28273302,,-15.35386513,6.86,0.126721006,0.204635755,0.0,Post-Harvest,0.0,25.39,0.43,0.0,0.0,Growing,0.0,
2020-06-07,19.84930633,5.089753502,,-15.39065797,6.86,0.126721006,0.185157068,0.0,Post-Harvest,0.0,25.39,0.43,0.0,0.0,Growing,0.0,
2020-06-08,13.13322711,1.800604696,,-15.42745081,6.78,0.126721006,0.16567838,0.0,Post-Harvest,0.0,27.74,0.423,0.0,0.0,Growing,0.0,
2020-06-09,3.172606977,0.157627264,0.118352254,-15.46424366,6.72,0.118352254,0.145004157,0.0,Post-Harvest,0.0,27.74,0.423,-0.008368752,0.0,Growing,0.0,
2020-06-10,8.714005101,0.465426061,,-15.63391843,6.61,0.118352254,0.124329934,0.0,Post-Harvest,0.0,27.74,0.423,0.0,0.0,Growing,0.0,
2020-06-11,11.71086914,4.825087652,,-15.8035932,6.56,0.118352254,0.123134398,0.0,Post-Harvest,0.0,27.74,0.423,0.0,0.0,Growing,0.0,
2020-06-12,10.98284428,3.11859813,,-15.97326797,6.51,0.118352254,0.121938862,0.0,Post-Harvest,0.0,27.74,0.423,0.0,0.0,Growing,0.0,
2020-06-13,23.32717751,7.454311535,,-16.14294274,6.5,0.118352254,0.120743326,0.0,Post-Harvest,0.0,26.26,0.433,0.0,0.0,Growing,0.0,
2020-06-14,11.32695607,5.946764999,0.106045552,-16.31261751,6.5,0.106045552,0.11778969,0.0,Post-Harvest,0.0,26.26,0.433,-0.012306702,0.0,Growing,0.0,
2020-06-15,18.62479166,11.40872127,,-16.42345246,6.5,0.106045552,0.114836053,0.0,Post-Harvest,0.0,26.26,0.433,0.0,0.0,Growing,0.0,
2020-06-16,12.28987148,4.677335711,,-16.53428741,6.63,0.106045552,0.113077953,0.0,Post-Harvest,0.0,26.26,0.433,0.0,0.0,Growing,0.0,
2020-06-17,20.12454067,15.68756462,,-16.64512236,6.58,0.106045552,0.111319853,0.0,Post-Harvest,0.0,26.26,0.433,0.0,0.0,Growing,0.0,
2020-06-18,22.42059163,23.81643597,,-16.75595731,6.88,0.106045552,0.109561753,1.0,Post-Harvest,3.0,25.03,0.432,0.0,0.0,Growing,0.0,
2020-06-19,3.541942001,0.518493751,0.065100273,-16.86679226,6.94,0.065100273,0.101954327,1.0,Post-Harvest,3.0,25.03,0.432,-0.040945279,0.0,Growing,0.0,
2020-06-20,5.514510976,1.555452981,,-17.01007286,6.89,0.065100273,0.094346901,1.0,Post-Harvest,3.0,25.03,0.432,0.0,0.0,Growing,0.0,
2020-06-21,2.153898198,1.059939478,,-17.15335345,6.84,0.065100273,0.088497575,1.0,Post-Harvest,3.0,25.03,0.432,0.0,0.0,Growing,0.0,
2020-06-22,16.71679319,2.076534817,,-17.29663404,6.77,0.065100273,0.08264825,1.0,Post-Harvest,3.0,25.03,0.432,0.0,0.0,Growing,0.0,
2020-06-23,26.97479249,63.2576692,,-17.43991463,6.77,0.065100273,0.076798924,1.0,Post-Harvest,3.0,27.44,0.433,0.0,0.0,Growing,0.0,
2020-06-24,134.9432795,87.72581635,0.053898701,-17.58319522,6.99,0.053898701,0.069349374,1.0,Post-Harvest,3.0,27.44,0.433,-0.011201572,0.0,Growing,0.0,
2020-06-25,81.80504883,85.34296339,,-17.70969111,7.28,0.053898701,0.061899824,1.0,Post-Harvest,3.0,27.44,0.433,0.0,1.0,Growing,1.0,
2020-06-26,201.695405,238.6069721,,-17.83618699,7.72,0.053898701,0.060299599,1.0,Post-Harvest,3.0,27.44,0.433,0.0,1.0,Growing,1.0,
2020-06-27,161.4418869,343.1956409,,-17.96268288,8.34,0.053898701,0.058699375,1.0,Post-Harvest,3.0,27.44,0.433,0.0,1.0,Growing,1.0,
2020-06-28,21.55376314,20.484359,,-18.08917877,8.41,0.053898701,0.05709915,1.0,Post-Harvest,3.0,25.28,0.432,0.0,1.0,Growing,1.0,
2020-06-29,28.00604822,1.199498233,0.058736564,-18.21567465,8.11,0.058736564,0.056190049,1.0,Post-Harvest,3.0,25.28,0.432,0.004837863,1.0,Growing,1.0,
2020-06-30,33.0790712,5.049395748,,-18.18340142,7.92,0.058736564,0.055280948,1.0,Post-Harvest,3.0,25.28,0.432,0.0,1.0,Growing,1.0,
2020-07-01,73.20302376,36.995087,,-18.15112819,7.85,0.058736564,0.055972071,1.0,Post-Harvest,3.0,25.28,0.432,0.0,1.0,Growing,1.0,
2020-07-02,54.24962425,18.42043939,,-18.11885496,7.84,0.058736564,0.056663194,1.0,Post-Harvest,3.0,25.28,0.432,0.0,1.0,Growing,1.0,
2020-07-03,11.52905436,4.974551758,,-18.08658173,7.68,0.058736564,0.057354318,1.0,Post-Harvest,3.0,27.85,0.417,0.0,1.0,Growing,1.0,
2020-07-04,38.2749969,21.39895865,0.055993044,-18.0543085,7.58,0.055993044,0.057653509,1.0,Post-Harvest,3.0,27.85,0.417,-0.002743521,1.0,Growing,1.0,
2020-07-05,6.320308833,0.974902241,,-18.15697314,7.47,0.055993044,0.057952701,1.0,Post-Harvest,3.0,27.85,0.417,0.0,1.0,Growing,1.0,
2020-07-06,5.994614765,1.7386737,,-18.25963779,7.33,0.055993044,0.05756077,1.0,Post-Harvest,3.0,27.85,0.417,0.0,1.0,Growing,1.0,
2020-07-07,4.872325833,0.461734004,,-18.36230244,7.2,0.055993044,0.057168838,1.0,Post-Harvest,3.0,27.85,0.417,0.0,1.0,Growing,1.0,
2020-07-08,90.66857773,52.32730067,,-18.46496709,7.13,0.055993044,0.056776907,1.0,Post-Harvest,3.0,26.98,0.432,0.0,1.0,Growing,1.0,
2020-07-09,130.9018909,158.61015,0.084533061,-18.56763174,7.45,0.084533061,0.06046212,1.0,Post-Harvest,3.0,26.98,0.432,0.028540017,1.0,Growing,1.0,
2020-07-10,161.3252081,225.2521978,,-18.48879239,7.99,0.084533061,0.064147334,1.0,Post-Harvest,3.0,26.98,0.432,0.0,1.0,Growing,1.0,
2020-07-11,65.87298399,98.85541381,,-18.40995305,8.32,0.084533061,0.068224479,1.0,Post-Harvest,3.0,26.98,0.432,0.0,1.0,Growing,1.0,
2020-07-12,10.55287256,27.02488262,,-18.3311137,8.23,0.084533061,0.072301625,1.0,Post-Harvest,3.0,26.98,0.432,0.0,1.0,Growing,1.0,
2020-07-13,15.20216238,9.794350199,,-18.25227435,8.1,0.084533061,0.07637877,1.0,Post-Harvest,3.0,26.64,0.436,0.0,1.0,Growing,1.0,
2020-07-14,25.52516079,11.36236111,0.068925229,-18.17343501,7.92,0.068925229,0.078226225,1.0,Post-Harvest,3.0,26.64,0.436,-0.015607832,1.0,Growing,1.0,
2020-07-15,31.48246193,20.68852311,,-18.23117605,7.78,0.068925229,0.08007368,1.0,Post-Harvest,3.0,26.64,0.436,0.0,1.0,Growing,1.0,
2020-07-16,5.828755564,0.704013293,,-18.2889171,7.68,0.068925229,0.07784399,1.0,Post-Harvest,3.0,26.64,0.436,0.0,1.0,Growing,1.0,
2020-07-17,25.1180463,13.83166678,,-18.34665814,7.55,0.068925229,0.075614299,1.0,Post-Harvest,3.0,26.64,0.436,0.0,1.0,Growing,1.0,
2020-07-18,65.60824853,61.95286844,,-18.40439918,7.5,0.068925229,0.073384609,1.0,Post-Harvest,3.0,27.77,0.429,0.0,1.0,Growing,1.0,
2020-07-19,74.79012712,89.0215015,0.132670886,-18.46214023,7.72,0.132670886,0.080261441,1.0,Post-Harvest,3.0,27.77,0.429,0.063745657,1.0,Growing,1.0,
2020-07-20,40.67204449,115.8212696,,-18.48218163,7.85,0.132670886,0.087138273,1.0,Post-Harvest,3.0,27.77,0.429,0.0,1.0,Growing,1.0,
2020-07-21,84.31495096,77.70118024,,-18.50222303,8.09,0.132670886,0.096244796,1.0,Post-Harvest,3.0,27.77,0.429,0.0,1.0,Growing,1.0,
2020-07-22,43.60148884,15.74325264,,-18.52226443,8.13,0.132670886,0.105351318,1.0,Post-Harvest,3.0,27.77,0.429,0.0,1.0,Growing,1.0,
2020-07-23,14.76242797,3.656555223,,-18.54230584,8.0,0.132670886,0.114457841,1.0,Post-Harvest,3.0,26.94,0.431,0.0,1.0,Growing,1.0,
2020-07-24,7.12379852,1.00484323,0.141986959,-18.56234724,7.78,0.141986959,0.124895231,1.0,Post-Harvest,3.0,26.94,0.431,0.009316074,1.0,Growing,1.0,
2020-07-25,2.872191349,0.130065043,,-18.32023806,7.62,0.141986959,0.135332621,1.0,Post-Harvest,3.0,26.94,0.431,0.0,1.0,Growing,1.0,
2020-07-26,13.56586214,3.316937213,,-18.07812888,7.48,0.141986959,0.136663489,1.0,Post-Harvest,3.0,26.94,0.431,0.0,1.0,Growing,1.0,
2020-07-27,18.20018341,9.860053432,,-17.83601969,7.38,0.141986959,0.137994356,1.0,Post-Harvest,3.0,26.94,0.431,0.0,1.0,Growing,1.0,
2020-07-28,15.96789859,14.01448547,,-17.59391051,7.29,0.141986959,0.139325224,1.0,Post-Harvest,3.0,27.99,0.427,0.0,1.0,Growing,1.0,
2020-07-29,50.31427185,40.80018842,0.130543288,-17.35180133,7.35,0.130543288,0.139021282,1.0,Post-Harvest,3.0,27.99,0.427,-0.011443672,1.0,Growing,1.0,
2020-07-30,14.11008652,19.31572033,,-17.23312361,7.4,0.130543288,0.138717339,1.0,Post-Harvest,3.0,27.99,0.427,0.0,1.0,Growing,1.0,
2020-07-31,7.049060824,1.051912793,,-17.11444588,7.31,0.130543288,0.137082529,1.0,Post-Harvest,3.0,27.99,0.427,0.0,1.0,Growing,1.0,
2020-08-01,3.204423421,2.7987566,,-16.99576816,7.21,0.130543288,0.135447719,1.0,Post-Harvest,3.0,27.99,0.427,0.0,1.0,Growing,1.0,
2020-08-02,14.45185837,7.386134221,,-16.87709044,7.11,0.130543288,0.133812908,1.0,Post-Harvest,3.0,29.24,0.409,0.0,1.0,Growing,1.0,
2020-08-03,4.378555871,0.096518321,0.162685533,-16.75841271,7.03,0.162685533,0.136769847,0.0,Post-Harvest,0.0,29.24,0.409,0.032142245,1.0,Growing,1.0,
2020-08-04,20.61261759,2.834876457,,-16.55597527,6.92,0.162685533,0.139726787,0.0,Post-Harvest,0.0,29.24,0.409,0.0,0.0,Growing,0.0,
2020-08-05,10.6950217,1.932637356,,-16.35353783,6.89,0.162685533,0.144318536,0.0,Post-Harvest,0.0,29.24,0.409,0.0,0.0,Growing,0.0,
2020-08-06,5.67275643,6.880836799,,-16.15110039,6.82,0.162685533,0.148910285,0.0,Post-Harvest,0.0,29.24,0.409,0.0,0.0,Growing,0.0,
2020-08-07,46.45768781,30.35453869,,-15.94866295,6.72,0.162685533,0.153502035,0.0,Post-Harvest,0.0,28.23,0.426,0.0,0.0,Growing,0.0,
2020-08-08,21.55095382,4.495994774,0.103217405,-15.74622551,6.84,0.103217405,0.149598337,0.0,Post-Harvest,0.0,28.23,0.426,-0.059468128,0.0,Growing,0.0,
2020-08-09,39.85395141,28.02460229,,-15.78847717,6.76,0.103217405,0.145694639,0.0,Post-Harvest,0.0,28.23,0.426,0.0,0.0,Growing,0.0,
2020-08-10,30.89524972,24.01560548,,-15.83072882,6.83,0.103217405,0.137199193,0.0,Post-Harvest,0.0,28.23,0.426,0.0,0.0,Growing,0.0,
2020-08-11,72.55979733,49.56551659,,-15.87298048,6.84,0.103217405,0.128703746,0.0,Post-Harvest,0.0,28.23,0.426,0.0,0.0,Growing,0.0,
2020-08-12,16.01146768,3.28054628,,-15.91523213,6.9,0.103217405,0.120208299,0.0,Post-Harvest,0.0,27.98,0.427,0.0,0.0,Growing,0.0,
2020-08-13,8.414513064,0.660611127,0.092945365,-15.95748379,6.87,0.092945365,0.110245418,0.0,Post-Harvest,0.0,27.98,0.427,-0.01027204,0.0,Growing,0.0,
2020-08-14,43.22566405,97.74571859,,-15.88695906,6.73,0.092945365,0.100282537,0.0,Post-Harvest,0.0,27.98,0.427,0.0,0.0,Growing,0.0,
2020-08-15,6.071815008,2.293026727,,-15.81643433,6.66,0.092945365,0.098815102,0.0,Post-Harvest,0.0,27.98,0.427,0.0,0.0,Growing,0.0,
2020-08-16,1.953562748,0.434569533,,-15.7459096,6.62,0.092945365,0.097347668,0.0,Post-Harvest,0.0,27.98,0.427,0.0,0.0,Growing,0.0,
2020-08-17,1.782860484,9.300119163,,-15.67538486,6.69,0.092945365,0.095880234,0.0,Post-Harvest,0.0,25.81,0.433,0.0,0.0,Growing,0.0,
2020-08-18,1.268079415,7.200988442,0.143263586,-15.60486013,6.74,0.143263586,0.101601117,0.0,Post-Harvest,0.0,25.81,0.433,0.050318221,0.0,Growing,0.0,
2020-08-19,13.35881683,20.37800285,,-15.73519629,6.67,0.143263586,0.107322,0.0,Post-Harvest,0.0,25.81,0.433,0.0,0.0,Growing,0.0,
2020-08-20,31.39705278,42.62855922,,-15.86553245,6.58,0.143263586,0.114510317,0.0,Post-Harvest,0.0,25.81,0.433,0.0,0.0,Growing,0.0,
2020-08-21,43.29784824,52.58779584,,-15.99586862,6.54,0.143263586,0.121698634,0.0,Post-Harvest,0.0,25.81,0.433,0.0,0.0,Growing,0.0,
2020-08-22,46.01834643,22.92697048,,-16.12620478,6.63,0.143263586,0.128886952,0.0,Post-Harvest,0.0,25.46,0.434,0.0,0.0,Growing,0.0,
2020-08-23,4.606444054,0.543404014,0.131393613,-16.25654094,6.64,0.131393613,0.134379559,0.0,Post-Harvest,0.0,25.46,0.434,-0.011869973,0.0,Growing,0.0,
2020-08-24,4.388211908,8.539808021,,-16.20276864,6.58,0.131393613,0.139872165,0.0,Post-Harvest,0.0,25.46,0.434,0.0,0.0,Growing,0.0,
2020-08-25,14.77823014,7.307159145,,-16.14899635,6.47,0.131393613,0.138176455,0.0,Post-Harvest,0.0,25.46,0.434,0.0,0.0,Growing,0.0,
2020-08-26,4.849131441,5.18956723,,-16.09522405,6.39,0.131393613,0.136480745,0.0,Post-Harvest,0.0,25.46,0.434,0.0,0.0,Growing,0.0,
2020-08-27,20.79746793,12.04592198,,-16.04145175,6.3,0.131393613,0.134785034,0.0,Post-Harvest,0.0,27.32,0.431,0.0,0.0,Growing,0.0,
2020-08-28,43.92752049,64.41648517,0.14691768,-15.98767946,6.4,0.14691768,0.135307048,0.0,Post-Harvest,0.0,27.32,0.431,0.015524067,0.0,Growing,0.0,
2020-08-29,14.03906154,13.77711052,,-16.1023056,6.65,0.14691768,0.135829061,0.0,Post-Harvest,0.0,27.32,0.431,0.0,0.0,Growing,0.0,
2020-08-30,14.808378,0.781345704,,-16.21693175,6.59,0.14691768,0.138046785,0.0,Post-Harvest,0.0,27.32,0.431,0.0,0.0,Growing,0.0,
2020-08-31,10.1631596,8.596691459,,-16.3315579,6.48,0.14691768,0.140264509,0.0,Post-Harvest,0.0,27.32,0.431,0.0,0.0,Growing,0.0,
2020-09-01,17.9226487,30.33033407,,-16.44618404,6.43,0.14691768,0.142482232,0.0,Post-Harvest,0.0,26.37,0.426,0.0,0.0,Growing,0.0,
2020-09-02,2.785053347,0.23280187,0.207578223,-16.56081019,6.35,0.207578223,0.153365748,0.0,Post-Harvest,0.0,26.37,0.426,0.060660543,0.0,Growing,0.0,
2020-09-03,1.842301485,0.400040282,,-16.63966034,6.25,0.207578223,0.164249264,0.0,Post-Harvest,0.0,26.37,0.426,0.0,0.0,Growing,0.0,
2020-09-04,7.220792702,2.057167253,,-16.71851049,6.15,0.207578223,0.172915056,0.0,Post-Harvest,0.0,26.37,0.426,0.0,0.0,Growing,0.0,
2020-09-05,21.93175336,4.851222833,,-16.79736064,6.05,0.207578223,0.181580848,0.0,Post-Harvest,0.0,26.37,0.426,0.0,0.0,Growing,0.0,
2020-09-06,81.45307443,66.08474117,,-16.87621079,6.05,0.207578223,0.19024664,0.0,Post-Harvest,0.0,27.83,0.413,0.0,0.0,Growing,0.0,
2020-09-07,45.84752026,21.02008781,0.185779544,-16.95506094,6.3,0.185779544,0.195798334,0.0,Post-Harvest,0.0,27.83,0.413,-0.021798679,0.0,Growing,0.0,
2020-09-08,22.84480823,14.03757734,,-17.01421514,6.36,0.185779544,0.201350029,0.0,Post-Harvest,0.0,27.83,0.413,0.0,0.0,Growing,0.0,
2020-09-09,9.190892748,3.262364825,,-17.07336935,6.3,0.185779544,0.198235932,0.0,Post-Harvest,0.0,27.83,0.413,0.0,0.0,Growing,0.0,
2020-09-10,43.25573192,16.79972363,,-17.13252355,6.2,0.185779544,0.195121835,1.0,Post-Harvest,3.0,27.83,0.413,0.0,0.0,Growing,0.0,
2020-09-11,75.40837373,41.65588007,,-17.19167775,6.27,0.185779544,0.192007738,1.0,Post-Harvest,3.0,26.76,0.428,0.0,0.0,Growing,0.0,
2020-09-12,25.87163505,3.2727427,0.218972743,-17.25083195,6.41,0.218972743,0.193635527,1.0,Post-Harvest,3.0,26.76,0.428,0.033193198,0.0,Growing,0.0,
2020-09-13,12.17831893,2.796827967,,-17.34105262,6.37,0.218972743,0.195263315,1.0,Post-Harvest,3.0,26.76,0.428,0.0,0.0,Growing,0.0,
2020-09-14,35.14828175,9.903061727,,-17.43127328,6.41,0.218972743,0.200005201,1.0,Post-Harvest,3.0,26.76,0.428,0.0,0.0,Growing,0.0,
2020-09-15,61.92019993,52.70033042,,-17.52149395,6.43,0.218972743,0.204747086,1.0,Post-Harvest,3.0,26.76,0.428,0.0,0.0,Growing,0.0,
2020-09-16,85.8585423,121.9240143,,-17.61171462,6.88,0.218972743,0.209488972,1.0,Post-Harvest,3.0,26.52,0.434,0.0,0.0,Growing,0.0,
2020-09-17,46.55149424,42.99145389,0.225973438,-17.70193529,7.26,0.225973438,0.215230956,1.0,Post-Harvest,3.0,26.52,0.434,0.007000696,1.0,Growing,1.0,
2020-09-18,2.186459646,0.014324548,,-17.64393485,7.06,0.225973438,0.220972941,1.0,Post-Harvest,3.0,26.52,0.434,0.0,1.0,Growing,1.0,
2020-09-19,3.277798482,1.095376184,,-17.58593442,6.87,0.225973438,0.221973041,1.0,Post-Harvest,3.0,26.52,0.434,0.0,0.0,Growing,0.0,
2020-09-20,2.603671089,0.830666728,,-17.52793399,6.72,0.225973438,0.22297314,1.0,Post-Harvest,3.0,26.52,0.434,0.0,0.0,Growing,0.0,
2020-09-21,37.42274149,62.65123769,,-17.46993356,6.57,0.225973438,0.223973239,1.0,Post-Harvest,3.0,26.53,0.431,0.0,0.0,Growing,0.0,
2020-09-22,51.14268765,64.55806665,0.261619106,-17.41193313,6.74,0.261619106,0.230065577,1.0,Post-Harvest,3.0,26.53,0.431,0.035645668,0.0,Growing,0.0,
2020-09-23,11.10505749,55.67174249,,-17.35853651,6.87,0.261619106,0.236157915,1.0,Post-Harvest,3.0,26.53,0.431,0.0,0.0,Growing,0.0,
2020-09-24,71.87340688,114.3176465,,-17.30513989,7.34,0.261619106,0.241250153,1.0,Post-Harvest,3.0,26.53,0.431,0.0,1.0,Growing,1.0,
2020-09-25,18.55732777,59.14889585,,-17.25174327,7.82,0.261619106,0.246342391,1.0,Post-Harvest,3.0,26.53,0.431,0.0,1.0,Growing,1.0,
2020-09-26,11.54841245,13.0474855,,-17.19834665,7.79,0.261619106,0.251434629,1.0,Post-Harvest,3.0,25.99,0.433,0.0,1.0,Growing,1.0,
2020-09-27,2.569645622,0.761332493,0.210361917,-17.14495003,7.7,0.210361917,0.249204412,1.0,Post-Harvest,3.0,25.99,0.433,-0.051257188,1.0,Growing,1.0,
2020-09-28,4.642969263,0.150940431,,-17.04853735,7.56,0.210361917,0.246974195,1.0,Post-Harvest,3.0,25.99,0.433,0.0,1.0,Growing,1.0,
2020-09-29,6.045758168,0.183289049,,-16.95212468,7.37,0.210361917,0.239651739,1.0,Post-Harvest,3.0,25.99,0.433,0.0,1.0,Growing,1.0,
2020-09-30,9.830144795,0.352187558,,-16.85571201,7.2,0.210361917,0.232329284,1.0,Post-Harvest,3.0,25.99,0.433,0.0,1.0,Growing,1.0,
2020-10-01,12.87068677,1.672720335,,-16.75929934,7.0,0.210361917,0.225006828,0.0,Post-Harvest,0.0,27.31,0.429,0.0,1.0,Growing,1.0,
2020-10-02,24.32184054,27.50504768,0.200953026,-16.66288666,6.87,0.200953026,0.216340246,0.0,Post-Harvest,0.0,27.31,0.429,-0.009408891,0.0,Growing,0.0,
2020-10-03,24.16910321,7.684249047,,-16.53189596,6.75,0.200953026,0.207673663,0.0,Post-Harvest,0.0,27.31,0.429,0.0,0.0,Growing,0.0,
2020-10-04,12.44477504,5.63638943,,-16.40090525,6.6,0.200953026,0.206329535,0.0,Post-Harvest,0.0,27.31,0.429,0.0,0.0,Growing,0.0,
2020-10-05,38.30935827,41.5783738,,-16.26991454,6.48,0.200953026,0.204985408,0.0,Post-Harvest,0.0,27.31,0.429,0.0,0.0,Growing,0.0,
2020-10-06,39.48051474,26.1805545,,-16.13892383,6.54,0.200953026,0.203641281,0.0,Post-Harvest,0.0,25.56,0.423,0.0,0.0,Growing,0.0,
2020-10-07,33.39898919,25.85725785,0.300432919,-16.00793312,6.72,0.300432919,0.216508567,0.0,Post-Harvest,0.0,25.56,0.423,0.099479893,0.0,Mature,0.0,
2020-10-08,3.39919707,0.209715429,,-16.00018728,6.6,0.300432919,0.229375853,0.0,Post-Harvest,0.0,25.56,0.423,0.0,0.0,Mature,0.0,
2020-10-09,3.52951229,2.43499878,,-15.99244143,6.48,0.300432919,0.243587266,0.0,Post-Harvest,0.0,25.56,0.423,0.0,0.0,Mature,0.0,
2020-10-10,4.054406512,1.810793304,,-15.98469558,6.4,0.300432919,0.257798679,0.0,Post-Harvest,0.0,25.56,0.423,0.0,0.0,Mature,0.0,
2020-10-11,3.352099643,1.444518,,-15.97694973,6.28,0.300432919,0.272010092,0.0,Post-Harvest,0.0,27.69,0.416,0.0,0.0,Mature,0.0,
2020-10-12,4.336930635,0.215592402,0.312935923,-15.96920388,6.17,0.312935923,0.288007649,0.0,Post-Harvest,0.0,27.69,0.416,0.012503004,0.0,Mature,0.0,
2020-10-13,3.438968147,0.321087758,,-15.78460405,6.06,0.312935923,0.304005206,0.0,Mature,0.0,27.69,0.416,0.0,0.0,Mature,0.0,
2020-10-14,3.048303422,1.244334338,,-15.60000422,5.94,0.312935923,0.305791349,0.0,Mature,0.0,27.69,0.416,0.0,0.0,Mature,0.0,
2020-10-15,2.122153508,0.906002142,,-15.41540439,5.81,0.312935923,0.307577493,0.0,Mature,0.0,27.69,0.416,0.0,0.0,Mature,0.0,
2020-10-16,0.884434798,0.102701042,,-15.23080456,5.69,0.312935923,0.309363636,0.0,Mature,0.0,28.11,0.362,0.0,0.0,Mature,0.0,
2020-10-17,0.422156366,0.102564038,0.312923657,-15.04620473,5.56,0.312923657,0.311148027,0.0,Mature,0.0,28.11,0.362,-1.23e-05,0.0,Mature,0.0,
2020-10-18,4.152646095,0.042324942,,-15.0997033,5.46,0.312923657,0.312932419,0.0,Mature,0.0,28.11,0.362,0.0,0.0,Mature,0.0,
2020-10-19,7.402081333,1.106539959,,-15.15320188,5.32,0.312923657,0.312930666,0.0,Mature,0.0,28.11,0.362,0.0,0.0,Mature,0.0,
2020-10-20,1.199144224,1.57061011,,-15.20670045,5.19,0.312923657,0.312928914,0.0,Mature,0.0,28.11,0.362,0.0,0.0,Mature,0.0,
2020-10-21,10.47883902,3.246218451,,-15.26019903,5.12,0.312923657,0.312927162,0.0,Mature,0.0,25.92,0.413,0.0,0.0,Mature,0.0,
2020-10-22,13.21225432,12.59933325,0.316012416,-15.3136976,5.06,0.316012416,0.313366661,0.0,Mature,0.0,25.92,0.413,0.003088759,0.0,Mature,0.0,
2020-10-23,62.35920638,140.1873192,,-15.22387941,5.1,0.316012416,0.31380616,0.0,Mature,0.0,25.92,0.413,0.0,0.0,Mature,0.0,
2020-10-24,0.540984237,2.327550245,,-15.13406121,6.09,0.316012416,0.314247411,0.0,Mature,0.0,25.92,0.413,0.0,0.0,Mature,0.0,
2020-10-25,3.454827114,0.65097002,,-15.04424302,5.93,0.316012416,0.314688662,0.0,Mature,0.0,25.92,0.413,0.0,0.0,Mature,0.0,
2020-10-26,3.702145906,0.091183691,,-14.95442482,5.87,0.316012416,0.315129913,0.0,Mature,0.0,25.69,0.399,0.0,0.0,Mature,0.0,
2020-10-27,2.745648723,0.172141167,0.239177257,-14.86460663,5.79,0.239177257,0.304594713,0.0,Mature,0.0,25.69,0.399,-0.076835159,0.0,Post_Harvest,0.0,
2020-10-28,1.588977414,0.078494655,,-14.78285973,5.7,0.239177257,0.294059513,0.0,Post-Harvest,0.0,25.69,0.399,0.0,0.0,Post_Harvest,0.0,
2020-10-29,0.476920681,0.110070885,,-14.70111284,5.58,0.239177257,0.283083062,0.0,Post-Harvest,0.0,25.69,0.399,0.0,0.0,Post_Harvest,0.0,
2020-10-30,11.22287446,0.191700894,,-14.61936595,5.46,0.239177257,0.272106611,0.0,Post-Harvest,0.0,25.69,0.399,0.0,0.0,Post_Harvest,0.0,
2020-10-31,7.091756032,3.983218267,,-14.53761906,5.32,0.239177257,0.261130159,0.0,Post-Harvest,0.0,25.45,0.392,0.0,0.0,Post_Harvest,0.0,
2020-11-01,4.618192594,2.174200714,0.244580809,-14.45587217,5.32,0.244580809,0.250925644,0.0,Post-Harvest,0.0,25.45,0.392,0.005403552,0.0,Post_Harvest,0.0,
2020-11-02,1.848452733,0.013425895,,-14.45231445,5.32,0.244580809,0.240721129,0.0,Post-Harvest,0.0,25.45,0.392,0.0,0.0,Post_Harvest,0.0,
2020-11-03,0.856218855,0.009793557,,-14.44875672,5.32,0.244580809,0.241493065,0.0,Post-Harvest,0.0,25.45,0.392,0.0,0.0,Post_Harvest,0.0,
2020-11-04,0.444437979,0.380377099,,-14.445199,5.32,0.244580809,0.242265001,0.0,Post-Harvest,0.0,25.45,0.392,0.0,0.0,Post_Harvest,0.0,
2020-11-05,0.225960882,0.0,,-14.44164128,5.32,0.244580809,0.243036937,0.0,Post-Harvest,0.0,22.62,0.38,0.0,0.0,Post_Harvest,0.0,
2020-11-06,0.001491215,0.0,0.331493223,-14.43808356,5.32,0.331493223,0.256224932,0.0,Post-Harvest,0.0,22.62,0.38,0.086912414,0.0,Mature,0.0,
2020-11-07,0.075999508,0.0,,-14.30301511,6.291,0.331493223,0.269412927,0.0,Post-Harvest,0.0,22.62,0.38,0.0,0.0,Mature,0.0,
2020-11-08,0.065528952,0.0,,-14.16794665,6.291,0.331493223,0.281828986,0.0,Post-Harvest,0.0,22.62,0.38,0.0,0.0,Mature,0.0,
2020-11-09,0.072360562,0.0,,-14.03287819,6.291,0.331493223,0.294245045,0.0,Post-Harvest,0.0,22.62,0.38,0.0,0.0,Mature,0.0,
2020-11-10,0.009300631,0.0,,-13.89780974,6.291,0.331493223,0.306661104,0.0,Mature,0.0,23.21,0.324,0.0,0.0,Mature,0.0,
2020-11-11,0.048220596,0.0,0.343898277,-13.76274128,6.291,0.343898277,0.320849314,0.0,Mature,0.0,23.21,0.324,0.012405055,0.0,Mature,0.0,
2020-11-12,0.045515397,0.0,,-13.80527508,6.291,0.343898277,0.335037524,0.0,Mature,0.0,23.21,0.324,0.0,0.0,Mature,0.0,
2020-11-13,0.105396074,0.0,,-13.84780888,6.291,0.343898277,0.336809675,0.0,Mature,0.0,23.21,0.324,0.0,0.0,Mature,0.0,
2020-11-14,0.097549862,0.0,,-13.89034267,6.291,0.343898277,0.338581825,0.0,Mature,0.0,23.21,0.324,0.0,0.0,Mature,0.0,
2020-11-15,0.05283441,0.0,,-13.93287647,6.291,0.343898277,0.340353976,0.0,Mature,0.0,23.7,0.284,0.0,0.0,Mature,0.0,
2020-11-16,0.009127272,0.0,0.342044549,-13.97541027,6.291,0.342044549,0.341861308,0.0,Mature,0.0,23.7,0.284,-0.001853729,0.0,Mature,0.0,
2020-11-17,0.000218966,0.055566524,,-13.92024161,6.291,0.342044549,0.343368641,0.0,Mature,0.0,23.7,0.284,0.0,0.0,Mature,0.0,
2020-11-18,0.00042585,0.0,,-13.86507295,6.291,0.342044549,0.343103822,0.0,Mature,0.0,23.7,0.284,0.0,0.0,Mature,0.0,
2020-11-19,0.010851574,0.001254009,,-13.80990429,6.291,0.342044549,0.342839004,0.0,Mature,0.0,23.7,0.284,0.0,0.0,Mature,0.0,
2020-11-20,0.021749683,0.00291626,,-13.75473563,6.291,0.342044549,0.342574185,0.0,Mature,0.0,22.33,0.257,0.0,0.0,Mature,0.0,
2020-11-21,0.027886784,0.000326176,0.333433089,-13.69956697,6.291,0.333433089,0.341079159,0.0,Mature,0.0,22.33,0.257,-0.00861146,0.0,Mature,0.0,
2020-11-22,0.000861691,0.00519514,,-13.63249649,6.291,0.333433089,0.339584132,0.0,Mature,0.0,22.33,0.257,0.0,0.0,Mature,0.0,
2020-11-23,0.002963766,0.037634408,,-13.56542601,6.291,0.333433089,0.338353923,0.0,Mature,0.0,22.33,0.257,0.0,0.0,Mature,0.0,
2020-11-24,0.053647551,0.015830953,,-13.49835554,6.291,0.333433089,0.337123715,0.0,Mature,0.0,22.33,0.257,0.0,0.0,Mature,0.0,
2020-11-25,1.415398344,1.840928127,,-13.43128506,6.291,0.333433089,0.335893506,0.0,Mature,0.0,20.64,0.244,0.0,0.0,Mature,0.0,
2020-11-26,0.308382612,0.706768596,0.312836569,-13.36421458,6.291,0.312836569,0.331720938,0.0,Mature,0.0,20.64,0.244,-0.02059652,0.0,Mature,0.0,
2020-11-27,3.102841165,0.908640437,,-13.33927486,6.291,0.312836569,0.327548369,0.0,Mature,0.0,20.64,0.244,0.0,0.0,Mature,0.0,
2020-11-28,0.0,0.0,,-13.31433514,6.291,0.312836569,0.324606009,0.0,Mature,0.0,20.64,0.244,0.0,0.0,Mature,0.0,
2020-11-29,0.0,0.0,,-13.28939542,6.291,0.312836569,0.321663649,0.0,Mature,0.0,20.64,0.244,0.0,0.0,Mature,0.0,
2020-11-30,0.0,0.0,,-13.2644557,6.291,0.312836569,0.318721289,0.0,Mature,0.0,21.71,0.218,0.0,0.0,Mature,0.0,
2020-12-01,0.0,0.0,0.320055465,-13.23951598,6.291,0.320055465,0.3168102,0.0,Mature,0.0,21.71,0.218,0.007218896,0.0,Mature,0.0,
2020-12-02,0.0,0.0,,-13.17076245,6.291,0.320055465,0.314899111,0.0,Mature,0.0,21.71,0.218,0.0,0.0,Mature,0.0,
2020-12-03,0.0,0.0,,-13.10200892,6.291,0.320055465,0.315930382,0.0,Mature,0.0,21.71,0.218,0.0,0.0,Mature,0.0,
2020-12-04,0.0,0.00056389,,-13.03325539,6.07,0.320055465,0.316961653,0.0,Mature,0.0,21.71,0.218,0.0,0.0,Mature,0.0,
2020-12-05,0.0,0.025741291,,-12.96450186,6.07,0.320055465,0.317992923,0.0,Mature,0.0,19.96,0.2,0.0,0.0,Mature,0.0,
2020-12-06,0.0,0.028498003,0.298068863,-12.89574832,6.07,0.298068863,0.315883251,0.0,Mature,0.0,19.96,0.2,-0.021986603,0.0,Post_Harvest,0.0,
2020-12-07,0.067318974,0.022589366,,-12.91017306,6.07,0.298068863,0.313773579,0.0,Mature,0.0,19.96,0.2,0.0,0.0,Post_Harvest,0.0,
2020-12-08,0.0,0.0,,-12.92459779,6.07,0.298068863,0.310632635,0.0,Mature,0.0,19.96,0.2,0.0,0.0,Post_Harvest,0.0,
2020-12-09,0.0,0.0,,-12.93902253,6.07,0.298068863,0.307491692,0.0,Mature,0.0,19.96,0.2,0.0,0.0,Post_Harvest,0.0,
2020-12-10,0.0,0.0,,-12.95344726,6.07,0.298068863,0.304350749,0.0,Mature,0.0,19.16,0.204,0.0,0.0,Post_Harvest,0.0,
2020-12-11,0.004340985,0.0,0.323149249,-12.967872,6.07,0.323149249,0.304792718,0.0,Mature,0.0,19.16,0.204,0.025080386,0.0,Mature,0.0,
2020-12-12,1.265981601,0.052555798,,-12.95520822,6.07,0.323149249,0.305234687,0.0,Mature,0.0,19.16,0.204,0.0,0.0,Mature,0.0,
2020-12-13,0.021507958,0.0,,-12.94254445,6.07,0.323149249,0.3088176,0.0,Mature,0.0,19.16,0.204,0.0,0.0,Mature,0.0,
2020-12-14,0.0,0.007638596,,-12.92988068,6.07,0.323149249,0.312400512,0.0,Mature,0.0,19.16,0.204,0.0,0.0,Mature,0.0,
2020-12-15,0.005803949,0.018381794,,-12.91721691,6.07,0.323149249,0.315983424,0.0,Mature,0.0,18.65,0.198,0.0,0.0,Mature,0.0,
2020-12-16,0.017715391,0.0,0.331604639,-12.90455313,6.07,0.331604639,0.320774249,0.0,Mature,0.0,18.65,0.198,0.00845539,0.0,Mature,0.0,
2020-12-17,0.0,0.0,,-12.91558917,6.07,0.331604639,0.325565075,0.0,Mature,0.0,18.65,0.198,0.0,0.0,Mature,0.0,
2020-12-18,0.0,0.0,,-12.9266252,6.07,0.331604639,0.326772987,0.0,Mature,0.0,18.65,0.198,0.0,0.0,Mature,0.0,
2020-12-19,0.0,0.0,,-12.93766124,6.07,0.331604639,0.3279809,0.0,Mature,0.0,18.65,0.198,0.0,0.0,Mature,0.0,
2020-12-20,0.0,0.0,,-12.94869727,6.07,0.331604639,0.329188813,0.0,Mature,0.0,16.32,0.184,0.0,0.0,Mature,0.0,
2020-12-21,0.0,0.000331966,0.328603006,-12.9597333,6.07,0.328603006,0.329967921,0.0,Mature,0.0,16.32,0.184,-0.003001633,0.0,Mature,0.0,
2020-12-22,0.0,0.002670831,,-12.92096335,6.07,0.328603006,0.330747029,0.0,Mature,0.0,16.32,0.184,0.0,0.0,Mature,0.0,
2020-12-23,0.0,0.0,,-12.88219339,6.07,0.328603006,0.330318225,0.0,Mature,0.0,16.32,0.184,0.0,0.0,Mature,0.0,
2020-12-24,0.0,0.001122778,,-12.84342343,6.07,0.328603006,0.32988942,0.0,Mature,0.0,16.32,0.184,0.0,0.0,Mature,0.0,
2020-12-25,0.0,5.36e-05,,-12.80465347,6.07,0.328603006,0.329460615,0.0,Mature,0.0,17.67,0.176,0.0,0.0,Mature,0.0,
2020-12-26,0.0,0.0,0.353378536,-12.76588351,6.07,0.353378536,0.332571172,0.0,Mature,0.0,17.67,0.176,0.02477553,0.0,Mature,0.0,
2020-12-27,0.0,0.010067835,,-12.69798249,6.07,0.353378536,0.335681729,0.0,Mature,0.0,17.67,0.176,0.0,0.0,Mature,0.0,
2020-12-28,0.0,0.0,,-12.63008146,6.07,0.353378536,0.33922109,0.0,Mature,0.0,17.67,0.176,0.0,0.0,Mature,0.0,
2020-12-29,0.0,0.0,,-12.56218043,6.07,0.353378536,0.342760452,0.0,Mature,0.0,17.67,0.176,0.0,0.0,Mature,0.0,
2020-12-30,0.0,0.0,,-12.4942794,6.07,0.353378536,0.346299813,0.0,Mature,0.0,17.3,0.17,0.0,0.0,Mature,0.0,
2020-12-31,0.0,0.0,0.34257925,-12.42637838,6.112,0.34257925,0.348296419,0.0,Mature,0.0,17.3,0.17,-0.010799286,0.0,Mature,0.0,
2021-01-01,0.0,0.0,,-12.39290621,6.112,0.34257925,0.350293026,0.0,Mature,0.0,17.3,0.17,0.0,0.0,Mature,0.0,
2021-01-02,0.0,0.000911246,,-12.35943405,6.112,0.34257925,0.348750271,0.0,Mature,0.0,17.3,0.17,0.0,0.0,Mature,0.0,
2021-01-03,0.005740955,0.007153491,,-12.32596189,6.112,0.34257925,0.347207515,0.0,Mature,0.0,17.3,0.17,0.0,0.0,Mature,0.0,
2021-01-04,0.004394207,0.232407547,,-12.29248973,6.112,0.34257925,0.34566476,0.0,Mature,0.0,18.78,0.166,0.0,0.0,Mature,0.0,
2021-01-05,0.461278907,0.947392273,0.331205096,-12.25901756,6.112,0.331205096,0.342497126,0.0,Mature,0.0,18.78,0.166,-0.011374154,0.0,Mature,0.0,
2021-01-06,2.959698328,0.277293153,,-12.13727938,6.112,0.331205096,0.339329492,0.0,Mature,0.0,18.78,0.166,0.0,0.0,Mature,0.0,
2021-01-07,0.0,0.011404961,,-12.0155412,6.112,0.331205096,0.337704613,0.0,Mature,0.0,18.78,0.166,0.0,0.0,Mature,0.0,
2021-01-08,0.012653492,0.045768164,,-11.89380302,6.112,0.331205096,0.336079733,0.0,Mature,0.0,18.78,0.166,0.0,0.0,Mature,0.0,
2021-01-09,0.0,0.02413237,,-11.77206484,6.112,0.331205096,0.334454854,0.0,Mature,0.0,19.55,0.163,0.0,0.0,Mature,0.0,
2021-01-10,0.004674961,0.0,0.358458654,-11.65032666,6.112,0.358458654,0.33672334,0.0,Mature,0.0,19.55,0.163,0.027253558,0.0,Mature,0.0,
2021-01-11,0.0,0.0,,-11.64074509,6.112,0.358458654,0.338991827,0.0,Mature,0.0,19.55,0.163,0.0,0.0,Mature,0.0,
2021-01-12,0.0,0.0,,-11.63116351,6.112,0.358458654,0.342885192,0.0,Mature,0.0,19.55,0.163,0.0,0.0,Mature,0.0,
2021-01-13,0.0,0.0,,-11.62158194,6.112,0.358458654,0.346778558,0.0,Mature,0.0,19.55,0.163,0.0,0.0,Mature,0.0,
2021-01-14,0.0,0.220315454,,-11.61200037,6.112,0.358458654,0.350671923,0.0,Mature,0.0,17.02,0.161,0.0,0.0,Mature,0.0,
2021-01-15,0.0,0.120765889,0.355980298,-11.6024188,6.112,0.355980298,0.354211238,0.0,Mature,0.0,17.02,0.161,-0.002478357,0.0,Mature,0.0,
2021-01-16,0.0,0.0,,-11.53050581,6.112,0.355980298,0.357750552,0.0,Mature,0.0,17.02,0.161,0.0,0.0,Mature,0.0,
2021-01-17,0.007333687,0.0,,-11.45859282,6.112,0.355980298,0.357396501,0.0,Mature,0.0,17.02,0.161,0.0,0.0,Mature,0.0,
2021-01-18,0.000120099,0.000847929,,-11.38667983,6.112,0.355980298,0.35704245,0.0,Mature,0.0,17.02,0.161,0.0,0.0,Mature,0.0,
2021-01-19,0.011774572,0.008223695,,-11.31476684,6.112,0.355980298,0.356688399,0.0,Mature,0.0,17.36,0.162,0.0,0.0,Mature,0.0,
2021-01-20,0.000260409,0.005852402,0.495142962,-11.24285384,6.112,0.495142962,0.376214729,0.0,Mature,0.0,17.36,0.162,0.139162664,0.0,Mature,0.0,
2021-01-21,0.0,0.0,,-11.18299421,6.112,0.495142962,0.395741059,0.0,Mature,0.0,17.36,0.162,0.0,0.0,Mature,0.0,
2021-01-22,0.008613475,0.0,,-11.12313458,6.112,0.495142962,0.415621439,0.0,Mature,0.0,17.36,0.162,0.0,0.0,Mature,0.0,
2021-01-23,0.0,0.0,,-11.06327494,6.112,0.495142962,0.43550182,0.0,Mature,0.0,17.36,0.162,0.0,0.0,Mature,0.0,
2021-01-24,0.0,0.0,,-11.00341531,6.112,0.495142962,0.455382201,0.0,Mature,0.0,16.92,0.191,0.0,0.0,Mature,0.0,
2021-01-25,0.0,0.0,0.513090062,-10.94355568,6.112,0.513090062,0.477826453,0.0,Mature,0.0,16.92,0.191,0.017947101,0.0,Mature,0.0,
2021-01-26,0.0,0.0,,-10.92798045,6.112,0.513090062,0.500270705,0.0,Mature,0.0,16.92,0.191,0.0,0.0,Mature,0.0,
2021-01-27,0.0,0.0,,-10.91240523,5.603,0.513090062,0.502834576,0.0,Mature,0.0,16.92,0.191,0.0,0.0,Mature,0.0,
2021-01-28,0.0,0.0,,-10.89683001,5.603,0.513090062,0.505398448,0.0,Mature,0.0,16.92,0.191,0.0,0.0,Mature,0.0,
2021-01-29,0.018874232,0.001356378,,-10.88125478,5.603,0.513090062,0.507962319,0.0,Mature,0.0,17.5,0.174,0.0,0.0,Mature,0.0,
2021-01-30,0.0,0.0,0.509275136,-10.86567956,5.603,0.509275136,0.509981201,0.0,Mature,0.0,17.5,0.174,-0.003814926,0.0,Mature,0.0,
2021-01-31,0.0,0.0,,-10.83100444,5.603,0.509275136,0.512000083,0.0,Mature,0.0,17.5,0.174,0.0,0.0,Mature,0.0,
2021-02-01,0.0,0.0,,-10.79632931,5.603,0.509275136,0.511455094,0.0,Mature,0.0,17.5,0.174,0.0,0.0,Mature,0.0,
2021-02-02,0.0,0.0,,-10.76165419,5.603,0.509275136,0.510910105,0.0,Mature,0.0,17.5,0.174,0.0,0.0,Mature,0.0,
2021-02-03,0.0,0.0,,-10.72697907,5.603,0.509275136,0.510365115,0.0,Mature,0.0,17.84,0.167,0.0,0.0,Mature,0.0,
2021-02-04,0.0,0.0,0.538096758,-10.69230394,5.603,0.538096758,0.5139375,0.0,Mature,0.0,17.84,0.167,0.028821622,0.0,Mature,0.0,
2021-02-05,0.0,0.0,,-10.70531559,5.603,0.538096758,0.517509885,0.0,Mature,0.0,17.84,0.167,0.0,0.0,Mature,0.0,
2021-02-06,0.064981353,0.726796741,,-10.71832724,5.603,0.538096758,0.52162726,0.0,Mature,0.0,17.84,0.167,0.0,0.0,Mature,0.0,
2021-02-07,1.227698003,1.837192119,,-10.73133888,5.603,0.538096758,0.525744635,0.0,Mature,0.0,17.84,0.167,0.0,0.0,Mature,0.0,
2021-02-08,0.0,0.0,,-10.74435053,5.603,0.538096758,0.529862009,0.0,Mature,0.0,18.41,0.164,0.0,0.0,Mature,0.0,
2021-02-09,0.0,0.000771085,0.514099891,-10.75736218,5.603,0.514099891,0.53055126,0.0,Mature,0.0,18.41,0.164,-0.023996867,0.0,Mature,0.0,
2021-02-10,0.0,0.003041262,,-10.76992379,5.603,0.514099891,0.53124051,0.0,Mature,0.0,18.41,0.164,0.0,0.0,Mature,0.0,
2021-02-11,0.0,0.070483621,,-10.7824854,5.603,0.514099891,0.527812387,0.0,Mature,0.0,18.41,0.164,0.0,0.0,Mature,0.0,
2021-02-12,0.0,0.0,,-10.79504701,5.603,0.514099891,0.524384263,0.0,Mature,0.0,18.41,0.164,0.0,0.0,Mature,0.0,
2021-02-13,0.0,0.002987479,,-10.80760862,5.603,0.514099891,0.520956139,0.0,Mature,0.0,19.81,0.159,0.0,0.0,Mature,0.0,
2021-02-14,0.0,0.0,0.557066261,-10.82017023,5.603,0.557066261,0.523666068,0.0,Mature,0.0,19.81,0.159,0.04296637,0.0,Mature,0.0,
2021-02-15,0.0,0.0,,-10.89100257,5.603,0.557066261,0.526375997,0.0,Mature,0.0,19.81,0.159,0.0,0.0,Mature,0.0,
2021-02-16,0.0,0.113589938,,-10.9618349,5.603,0.557066261,0.53251405,0.0,Mature,0.0,19.81,0.159,0.0,0.0,Mature,0.0,
2021-02-17,1.665470651,0.22911762,,-11.03266724,5.603,0.557066261,0.538652103,0.0,Mature,0.0,19.81,0.159,0.0,0.0,Mature,0.0,
2021-02-18,0.147886508,0.220849744,,-11.10349957,5.603,0.557066261,0.544790156,0.0,Mature,0.0,21.85,0.157,0.0,0.0,Mature,0.0,
2021-02-19,0.815391989,1.605627194,0.574741162,-11.17433191,5.603,0.574741162,0.553453194,0.0,Mature,0.0,21.85,0.157,0.017674901,0.0,Mature,0.0,
2021-02-20,0.020000342,0.091069838,,-11.20174318,5.603,0.574741162,0.562116233,0.0,Mature,0.0,21.85,0.157,0.0,0.0,Mature,0.0,
2021-02-21,0.0,0.0,,-11.22915446,5.603,0.574741162,0.564641219,0.0,Mature,0.0,21.85,0.157,0.0,0.0,Mature,0.0,
2021-02-22,0.0,0.0,,-11.25656574,5.603,0.574741162,0.567166205,0.0,Mature,0.0,21.85,0.157,0.0,0.0,Mature,0.0,
2021-02-23,0.0,0.15846258,,-11.28397702,5.603,0.574741162,0.569691191,0.0,Mature,0.0,21.46,0.155,0.0,0.0,Mature,0.0,
2021-02-24,0.0,0.009209887,0.631185885,-11.31138829,5.603,0.631185885,0.580279708,0.0,Mature,0.0,21.46,0.155,0.056444723,0.0,Growing,0.0,
2021-02-25,0.0,0.0,,-11.39102583,5.603,0.631185885,0.590868226,0.0,Mature,0.0,21.46,0.155,0.0,0.0,Growing,0.0,
2021-02-26,0.0,0.0,,-11.47066336,5.603,0.631185885,0.598931758,0.0,Mature,0.0,21.46,0.155,0.0,0.0,Growing,0.0,
2021-02-27,0.0,0.0,,-11.5503009,5.603,0.631185885,0.60699529,0.0,Growing,0.0,21.46,0.155,0.0,0.0,Growing,0.0,
2021-02-28,0.0,0.0,,-11.62993843,5.603,0.631185885,0.615058821,0.0,Growing,0.0,23.85,0.156,0.0,0.0,Growing,0.0,
2021-03-01,0.0,0.0,0.662143356,-11.70957596,5.603,0.662143356,0.627544849,0.0,Growing,0.0,23.85,0.156,0.030957471,0.0,Growing,0.0,
2021-03-02,0.0,0.0,,-11.78326194,5.603,0.662143356,0.640030877,0.0,Growing,0.0,23.85,0.156,0.0,0.0,Growing,0.0,
2021-03-03,0.0,0.0,,-11.85694792,5.603,0.662143356,0.644453373,0.0,Growing,0.0,23.85,0.156,0.0,0.0,Growing,0.0,
2021-03-04,0.0,0.0,,-11.9306339,5.603,0.662143356,0.648875869,0.0,Growing,0.0,23.85,0.156,0.0,0.0,Growing,0.0,
2021-03-05,0.0,14.36782923,,-12.00431988,5.603,0.662143356,0.653298365,0.0,Growing,0.0,23.71,0.172,0.0,0.0,Growing,0.0,
2021-03-06,0.0,0.005798415,0.668124869,-12.07800585,5.603,0.668124869,0.658575362,0.0,Growing,0.0,23.71,0.172,0.005981512,0.0,Growing,0.0,
2021-03-07,0.0,0.088934358,,-12.08880091,5.603,0.668124869,0.66385236,0.0,Growing,0.0,23.71,0.172,0.0,0.0,Growing,0.0,
2021-03-08,8.647541722,2.004284695,,-12.09959597,5.603,0.668124869,0.664706862,0.0,Growing,0.0,23.71,0.172,0.0,0.0,Growing,0.0,
2021-03-09,0.482919853,11.09680243,,-12.11039103,5.603,0.668124869,0.665561363,0.0,Growing,0.0,23.71,0.172,0.0,0.0,Growing,0.0,
2021-03-10,3.216106697,2.451394196,,-12.12118609,5.603,0.668124869,0.666415865,0.0,Growing,0.0,22.83,0.344,0.0,0.0,Growing,0.0,
2021-03-11,1.393242686,0.782428843,0.668865268,-12.13198115,5.603,0.668865268,0.667376138,0.0,Growing,0.0,22.83,0.344,0.0007404,0.0,Growing,0.0,
2021-03-12,0.0,0.0,,-12.14691724,5.603,0.668865268,0.668336411,0.0,Growing,0.0,22.83,0.344,0.0,0.0,Growing,0.0,
2021-03-13,0.0,0.88935508,,-12.16185333,5.603,0.668865268,0.668442183,0.0,Growing,0.0,22.83,0.344,0.0,0.0,Growing,0.0,
2021-03-14,0.0,0.459135451,,-12.17678942,5.603,0.668865268,0.668547954,0.0,Growing,0.0,22.83,0.344,0.0,0.0,Growing,0.0,
2021-03-15,0.0,0.0,,-12.19172551,5.603,0.668865268,0.668653725,0.0,Growing,0.0,23.33,0.233,0.0,0.0,Growing,0.0,
2021-03-16,0.0,0.0,0.670291095,-12.2066616,5.603,0.670291095,0.668963186,0.0,Growing,0.0,23.33,0.233,0.001425827,0.0,Growing,0.0,
2021-03-17,0.0,0.0,,-12.14803362,5.603,0.670291095,0.669272647,0.0,Growing,0.0,23.33,0.233,0.0,0.0,Growing,0.0,
2021-03-18,0.0,0.0,,-12.08940564,5.603,0.670291095,0.669476337,0.0,Growing,0.0,23.33,0.233,0.0,0.0,Growing,0.0,
2021-03-19,0.582753386,0.120406811,,-12.03077767,5.603,0.670291095,0.669680027,0.0,Growing,0.0,23.33,0.233,0.0,0.0,Growing,0.0,
2021-03-20,0.0,0.133805847,,-11.97214969,5.603,0.670291095,0.669883716,0.0,Growing,0.0,25.43,0.181,0.0,0.0,Growing,0.0,
2021-03-21,0.0,0.074481396,0.667370238,-11.91352171,5.603,0.667370238,0.66967014,0.0,Growing,0.0,25.43,0.181,-0.002920857,0.0,Growing,0.0,
2021-03-22,0.0,0.021839965,,-11.81122269,5.603,0.667370238,0.669456565,0.0,Growing,0.0,25.43,0.181,0.0,0.0,Growing,0.0,
2021-03-23,0.0,0.0,,-11.70892367,5.603,0.667370238,0.6690393,0.0,Growing,0.0,25.43,0.181,0.0,0.0,Growing,0.0,
2021-03-24,0.0,0.001470044,,-11.60662465,5.603,0.667370238,0.668622034,0.0,Growing,0.0,25.43,0.181,0.0,0.0,Growing,0.0,
2021-03-25,0.0,0.000488558,,-11.50432563,5.603,0.667370238,0.668204769,0.0,Growing,0.0,26.15,0.163,0.0,0.0,Growing,0.0,
2021-03-26,0.0,0.0,0.660767164,-11.4020266,5.603,0.660767164,0.666844207,0.0,Growing,0.0,26.15,0.163,-0.006603074,0.0,Growing,0.0,
2021-03-27,0.0,0.0,,-11.34797007,5.603,0.660767164,0.665483646,0.0,Growing,0.0,26.15,0.163,0.0,0.0,Growing,0.0,
2021-03-28,0.0,0.0,,-11.29391353,5.603,0.660767164,0.664540349,0.0,Growing,0.0,26.15,0.163,0.0,0.0,Growing,0.0,
2021-03-29,49.8350945,9.385954099,,-11.23985699,5.603,0.660767164,0.663597053,0.0,Growing,0.0,26.15,0.163,0.0,0.0,Growing,0.0,
2021-03-30,2.99593759,12.59615305,,-11.18580045,5.603,0.660767164,0.662653757,0.0,Growing,0.0,22.21,0.379,0.0,0.0,Growing,0.0,
2021-03-31,1.324604378,5.323977057,0.668610911,-11.13174392,5.603,0.668610911,0.662830996,0.0,Growing,0.0,22.21,0.379,0.007843747,0.0,Growing,0.0,
2021-04-01,0.044142561,2.301214055,,-11.01618306,5.603,0.668610911,0.663008235,0.0,Growing,0.0,22.21,0.379,0.0,0.0,Growing,0.0,
2021-04-02,0.0,0.263597465,,-10.9006222,5.603,0.668610911,0.66412877,0.0,Growing,0.0,22.21,0.379,0.0,0.0,Growing,0.0,
2021-04-03,0.0,0.0,,-10.78506134,5.603,0.668610911,0.665249305,0.0,Growing,0.0,22.21,0.379,0.0,0.0,Growing,0.0,
2021-04-04,0.082587346,0.265374108,,-10.66950048,5.603,0.668610911,0.66636984,0.0,Growing,0.0,25.17,0.333,0.0,0.0,Growing,0.0,
2021-04-05,0.0,0.006861508,0.661360495,-10.55393963,5.603,0.661360495,0.666454602,0.0,Growing,0.0,25.17,0.333,-0.007250416,0.0,Growing,0.0,
2021-04-06,0.0,0.0,,-10.54864816,5.603,0.661360495,0.666539363,0.0,Growing,0.0,25.17,0.333,0.0,0.0,Growing,0.0,
2021-04-07,0.0,0.005919738,,-10.5433567,5.603,0.661360495,0.66550359,0.0,Growing,0.0,25.17,0.333,0.0,0.0,Growing,0.0,
2021-04-08,13.21326768,11.63666664,,-10.53806524,5.603,0.661360495,0.664467816,0.0,Growing,0.0,25.17,0.333,0.0,0.0,Growing,0.0,
2021-04-09,0.044443826,0.074668886,,-10.53277378,5.603,0.661360495,0.663432042,0.0,Growing,0.0,25.0,0.368,0.0,0.0,Growing,0.0,
2021-04-10,0.594216443,1.343426038,0.575872507,-10.52748231,5.603,0.575872507,0.650183699,0.0,Growing,0.0,25.0,0.368,-0.085487987,0.0,Mature,0.0,
2021-04-11,0.291412365,0.763974173,,-10.41231293,5.603,0.575872507,0.636935356,0.0,Growing,0.0,25.0,0.368,0.0,0.0,Mature,0.0,
2021-04-12,0.0,0.101156519,,-10.29714355,5.603,0.575872507,0.624722786,0.0,Growing,0.0,25.0,0.368,0.0,0.0,Mature,0.0,
2021-04-13,1.169161875,4.632418813,,-10.18197416,5.603,0.575872507,0.612510216,0.0,Growing,0.0,25.0,0.368,0.0,0.0,Mature,0.0,
2021-04-14,7.273937868,12.29152308,,-10.06680478,5.603,0.575872507,0.600297647,0.0,Growing,0.0,27.32,0.278,0.0,0.0,Mature,0.0,
2021-04-15,5.237197943,12.02819064,0.576472605,-9.951635399,5.603,0.576472605,0.588170805,0.0,Mature,0.0,27.32,0.278,0.000600097,0.0,Mature,0.0,
2021-04-16,40.71109154,45.3116394,,-9.929722541,5.603,0.576472605,0.576043964,0.0,Mature,0.0,27.32,0.278,0.0,0.0,Mature,0.0,
2021-04-17,0.050540269,0.901628676,,-9.907809683,5.603,0.576472605,0.576129692,0.0,Mature,0.0,27.32,0.278,0.0,0.0,Mature,0.0,
2021-04-18,7.51399044,18.09564964,,-9.885896825,5.603,0.576472605,0.57621542,0.0,Mature,0.0,27.32,0.278,0.0,0.0,Mature,0.0,
2021-04-19,0.529511951,1.697884388,,-9.863983967,5.603,0.576472605,0.576301148,0.0,Mature,0.0,25.53,0.358,0.0,0.0,Mature,0.0,
2021-04-20,12.39943266,7.560986887,0.52450555,-9.842071109,5.603,0.52450555,0.568963012,0.0,Mature,0.0,25.53,0.358,-0.051967054,0.0,Mature,0.0,
2021-04-21,1.818944798,2.625400529,,-9.792228767,5.603,0.52450555,0.561624875,0.0,Mature,0.0,25.53,0.358,0.0,0.0,Mature,0.0,
2021-04-22,0.042077857,0.571832288,,-9.742386426,5.603,0.52450555,0.55420101,0.0,Mature,0.0,25.53,0.358,0.0,0.0,Mature,0.0,
2021-04-23,0.119489228,0.091710653,,-9.692544084,5.603,0.52450555,0.546777145,0.0,Mature,0.0,25.53,0.358,0.0,0.0,Mature,0.0,
2021-04-24,0.000495761,0.0,,-9.642701742,5.603,0.52450555,0.53935328,0.0,Mature,0.0,26.51,0.291,0.0,0.0,Mature,0.0,
2021-04-25,0.0,0.0,0.493950933,-9.5928594,5.603,0.493950933,0.52756447,0.0,Mature,0.0,26.51,0.291,-0.030554618,0.0,Mature,0.0,
2021-04-26,0.0,0.000212821,,-9.504240389,5.603,0.493950933,0.515775659,0.0,Mature,0.0,26.51,0.291,0.0,0.0,Mature,0.0,
2021-04-27,0.204706831,0.749475266,,-9.415621377,5.603,0.493950933,0.511410714,0.0,Mature,0.0,26.51,0.291,0.0,0.0,Mature,0.0,
2021-04-28,0.330140263,0.273321145,,-9.327002366,5.603,0.493950933,0.507045769,0.0,Mature,0.0,26.51,0.291,0.0,0.0,Mature,0.0,
2021-04-29,0.0,0.005664146,,-9.238383354,5.603,0.493950933,0.502680823,0.0,Mature,0.0,29.07,0.241,0.0,0.0,Mature,0.0,
2021-04-30,9.643650908,0.505817737,0.441375383,-9.149764343,5.603,0.441375383,0.490805085,0.0,Mature,0.0,29.07,0.241,-0.052575549,0.0,Mature,0.0,
2021-05-01,0.017817751,0.125543942,,-9.152271118,5.603,0.441375383,0.478929347,0.0,Mature,0.0,29.07,0.241,0.0,0.0,Mature,0.0,
2021-05-02,13.12866015,37.07542796,,-9.154777892,5.603,0.441375383,0.471418554,0.0,Mature,0.0,29.07,0.241,0.0,0.0,Mature,0.0,
2021-05-03,14.66231441,9.967054637,,-9.157284667,5.603,0.441375383,0.463907762,0.0,Mature,0.0,29.07,0.241,0.0,0.0,Mature,0.0,
2021-05-04,3.905681594,10.7152746,,-9.159791442,5.603,0.441375383,0.456396969,0.0,Mature,0.0,24.32,0.4,0.0,0.0,Mature,0.0,
2021-05-05,19.51357453,28.22260107,0.397719252,-9.162298216,5.603,0.397719252,0.442649586,0.0,Mature,0.0,24.32,0.4,-0.043656131,0.0,Mature,0.0,
2021-05-06,0.513381084,2.385671314,,-9.120908097,5.603,0.397719252,0.428902203,0.0,Mature,0.0,24.32,0.4,0.0,0.0,Mature,0.0,
2021-05-07,11.90935547,30.71339738,,-9.079517977,5.603,0.397719252,0.422665613,0.0,Mature,0.0,24.32,0.4,0.0,0.0,Mature,0.0,
2021-05-08,3.119183855,2.645538177,,-9.038127858,5.603,0.397719252,0.416429023,0.0,Mature,0.0,24.32,0.4,0.0,0.0,Mature,0.0,
2021-05-09,3.028264447,4.027281644,,-8.996737738,5.603,0.397719252,0.410192433,0.0,Mature,0.0,26.18,0.395,0.0,0.0,Mature,0.0,
2021-05-10,15.69184629,2.311661405,0.419061904,-8.955347619,5.603,0.419061904,0.407004793,0.0,Mature,0.0,26.18,0.395,0.021342652,0.0,Mature,0.0,
2021-05-11,2.341759769,3.102323089,,-9.000824947,5.603,0.419061904,0.403817153,0.0,Mature,0.0,26.18,0.395,0.0,0.0,Mature,0.0,
2021-05-12,8.245269161,12.82487222,,-9.046302275,5.603,0.419061904,0.406866103,0.0,Mature,0.0,26.18,0.395,0.0,0.0,Mature,0.0,
2021-05-13,7.299394094,7.269299989,,-9.091779603,5.603,0.419061904,0.409915053,0.0,Mature,0.0,26.18,0.395,0.0,0.0,Mature,0.0,
2021-05-14,4.347084669,0.506174768,,-9.137256932,5.603,0.419061904,0.412964003,0.0,Mature,0.0,24.83,0.422,0.0,0.0,Mature,0.0,
2021-05-15,0.970912742,0.870356005,0.330545599,-9.18273426,6.279,0.330545599,0.403367767,0.0,Mature,0.0,24.83,0.422,-0.088516305,0.0,Mature,0.0,
2021-05-16,1.017081744,0.055550289,,-9.256013592,6.279,0.330545599,0.393771531,0.0,Mature,0.0,24.83,0.422,0.0,0.0,Mature,0.0,
2021-05-17,4.028551159,1.52184204,,-9.329292924,6.279,0.330545599,0.381126345,0.0,Mature,0.0,24.83,0.422,0.0,0.0,Mature,0.0,
2021-05-18,27.51879139,34.41635335,,-9.402572256,6.279,0.330545599,0.368481158,0.0,Mature,0.0,24.83,0.422,0.0,0.0,Mature,0.0,
2021-05-19,6.69925519,2.920774269,,-9.475851588,6.279,0.330545599,0.355835972,0.0,Mature,0.0,26.3,0.43,0.0,0.0,Mature,0.0,
2021-05-20,34.58780967,33.02347759,0.315724942,-9.54913092,6.279,0.315724942,0.341073549,0.0,Mature,0.0,26.3,0.43,-0.014820657,0.0,Mature,0.0,
2021-05-21,2.996649497,7.67939713,,-9.879727757,6.279,0.315724942,0.326311126,0.0,Mature,0.0,26.3,0.43,0.0,0.0,Mature,0.0,
2021-05-22,0.610196313,0.48712884,,-10.21032459,6.279,0.315724942,0.324193889,0.0,Mature,0.0,26.3,0.43,0.0,0.0,Mature,0.0,
2021-05-23,0.347112433,1.391406904,,-10.54092143,6.279,0.315724942,0.322076652,0.0,Mature,0.0,26.3,0.43,0.0,0.0,Mature,0.0,
2021-05-24,41.84517187,15.82843768,,-10.87151827,6.279,0.315724942,0.319959416,0.0,Mature,0.0,30.38,0.385,0.0,0.0,Mature,0.0,
2021-05-25,6.647955696,2.886832141,0.278497746,-11.2021151,6.279,0.278497746,0.312524008,0.0,Mature,0.0,30.38,0.385,-0.037227196,0.0,Post_Harvest,0.0,
2021-05-26,2.408185761,1.757681851,,-11.39064812,6.279,0.278497746,0.3050886,0.0,Mature,0.0,30.38,0.385,0.0,0.0,Post_Harvest,0.0,
2021-05-27,0.423222771,0.052681182,,-11.57918113,6.279,0.278497746,0.29977043,0.0,Post-Harvest,0.0,30.38,0.385,0.0,0.0,Post_Harvest,0.0,
2021-05-28,0.089163754,0.140790647,,-11.76771414,6.279,0.278497746,0.294452259,0.0,Post-Harvest,0.0,30.38,0.385,0.0,0.0,Post_Harvest,0.0,
2021-05-29,7.166516431,0.284750101,,-11.95624716,6.279,0.278497746,0.289134088,0.0,Post-Harvest,0.0,28.8,0.383,0.0,0.0,Post_Harvest,0.0,
2021-05-30,63.81228831,46.89431734,0.203877561,-12.14478017,6.279,0.203877561,0.273155891,0.0,Post-Harvest,0.0,28.8,0.383,-0.074620185,0.0,Post_Harvest,0.0,
2021-05-31,71.67082971,72.53635304,,-12.30951187,6.279,0.203877561,0.257177693,0.0,Post-Harvest,0.0,28.8,0.383,0.0,0.0,Post_Harvest,0.0,
2021-06-01,5.276568737,3.472088814,,-12.47424358,6.279,0.203877561,0.246517667,0.0,Post-Harvest,0.0,28.8,0.383,0.0,0.0,Post_Harvest,0.0,
2021-06-02,5.924489667,1.233303064,,-12.63897528,6.279,0.203877561,0.235857641,0.0,Post-Harvest,0.0,28.8,0.383,0.0,0.0,Post_Harvest,0.0,
2021-06-03,3.353919417,11.02963553,,-12.80370699,6.279,0.203877561,0.225197614,0.0,Post-Harvest,0.0,26.82,0.43,0.0,0.0,Growing,0.0,
2021-06-04,99.70478917,49.44171568,0.203312534,-12.96843869,6.279,0.203312534,0.21445687,1.0,Post-Harvest,3.0,26.82,0.43,-0.000565027,0.0,Growing,0.0,
2021-06-05,27.06870374,11.68417464,,-13.07834924,6.279,0.203312534,0.203716125,1.0,Post-Harvest,3.0,26.82,0.43,0.0,0.0,Growing,0.0,
2021-06-06,13.85269561,7.000294667,,-13.18825979,6.279,0.203312534,0.203635407,1.0,Post-Harvest,3.0,26.82,0.43,0.0,0.0,Growing,0.0,
2021-06-07,1.830312154,60.47054062,,-13.29817035,6.279,0.203312534,0.203554689,1.0,Post-Harvest,3.0,26.82,0.43,0.0,0.0,Growing,0.0,
2021-06-08,0.580825624,0.040414001,,-13.4080809,6.279,0.203312534,0.20347397,1.0,Post-Harvest,3.0,25.83,0.43,0.0,0.0,Growing,0.0,
2021-06-09,6.736579323,4.098786646,0.232500411,-13.51799145,6.279,0.232500411,0.207562949,1.0,Post-Harvest,3.0,25.83,0.43,0.029187877,0.0,Growing,0.0,
2021-06-10,16.06472455,21.02786667,,-13.65474443,6.279,0.232500411,0.211651927,1.0,Post-Harvest,3.0,25.83,0.43,0.0,0.0,Growing,0.0,
2021-06-11,31.59687793,73.20085805,,-13.7914974,7.125,0.232500411,0.215821624,1.0,Post-Harvest,3.0,25.83,0.43,0.0,0.0,Growing,0.0,
2021-06-12,15.1599662,9.849719057,,-13.92825038,7.125,0.232500411,0.219991321,1.0,Post-Harvest,3.0,25.83,0.43,0.0,0.0,Growing,0.0,
2021-06-13,7.78495672,11.52123133,,-14.06500335,7.125,0.232500411,0.224161017,1.0,Post-Harvest,3.0,29.23,0.423,0.0,0.0,Growing,0.0,
2021-06-14,12.80877634,7.6410072,0.221505491,-14.20175633,7.125,0.221505491,0.226760011,1.0,Post-Harvest,3.0,29.23,0.423,-0.01099492,0.0,Growing,0.0,
2021-06-15,22.64167004,7.686331206,,-14.51803485,7.125,0.221505491,0.229359005,1.0,Post-Harvest,3.0,29.23,0.423,0.0,0.0,Growing,0.0,
2021-06-16,1.550917965,0.483875818,,-14.83431338,7.125,0.221505491,0.227788302,1.0,Post-Harvest,3.0,29.23,0.423,0.0,0.0,Growing,0.0,
2021-06-17,6.192858208,3.670920865,,-15.1505919,7.125,0.221505491,0.226217599,1.0,Post-Harvest,3.0,29.23,0.423,0.0,0.0,Growing,0.0,
2021-06-18,13.08026255,2.478190606,,-15.46687043,7.125,0.221505491,0.224646896,1.0,Post-Harvest,3.0,25.85,0.432,0.0,0.0,Growing,0.0,
2021-06-19,16.6935913,5.249249471,0.156400749,-15.78314895,7.125,0.156400749,0.213775516,1.0,Post-Harvest,3.0,25.85,0.432,-0.065104742,0.0,Growing,0.0,
2021-06-20,11.58823382,1.847853222,,-15.91239386,7.125,0.156400749,0.202904136,1.0,Post-Harvest,3.0,25.85,0.432,0.0,0.0,Growing,0.0,
2021-06-21,5.572748997,1.322076478,,-16.04163876,7.125,0.156400749,0.193603458,1.0,Post-Harvest,3.0,25.85,0.432,0.0,1.0,Growing,1.0,
2021-06-22,4.482093525,0.043840696,,-16.17088367,7.125,0.156400749,0.184302781,1.0,Post-Harvest,3.0,25.85,0.432,0.0,1.0,Growing,1.0,
2021-06-23,7.078450178,20.42080763,,-16.30012857,7.125,0.156400749,0.175002104,1.0,Post-Harvest,3.0,27.84,0.425,0.0,1.0,Growing,1.0,
2021-06-24,10.73693817,3.633911413,0.143003908,-16.42937348,7.125,0.143003908,0.163787592,1.0,Post-Harvest,3.0,27.84,0.425,-0.013396841,1.0,Growing,1.0,
2021-06-25,7.820790363,27.48734025,,-16.54575697,7.125,0.143003908,0.15257308,1.0,Post-Harvest,3.0,27.84,0.425,0.0,1.0,Growing,1.0,
2021-06-26,32.83958775,22.07450649,,-16.66214046,7.125,0.143003908,0.150659246,1.0,Post-Harvest,3.0,27.84,0.425,0.0,1.0,Growing,1.0,
2021-06-27,66.28759094,57.24604725,,-16.77852395,7.125,0.143003908,0.148745411,1.0,Post-Harvest,3.0,27.84,0.425,0.0,1.0,Growing,1.0,
2021-06-28,198.0401482,169.8602264,,-16.89490744,7.125,0.143003908,0.146831577,1.0,Post-Harvest,3.0,26.43,0.432,0.0,1.0,Growing,1.0,
2021-06-29,114.0361179,120.025226,0.059582767,-17.01129093,7.125,0.059582767,0.133000436,1.0,Post-Harvest,3.0,26.43,0.432,-0.08342114,1.0,Growing,1.0,
2021-06-30,95.6849594,51.19524029,,-17.03770487,7.125,0.059582767,0.119169296,1.0,Post-Harvest,3.0,26.43,0.432,0.0,1.0,Growing,1.0,
2021-07-01,5.300715931,0.312863332,,-17.06411881,7.125,0.059582767,0.10725199,1.0,Post-Harvest,3.0,26.43,0.432,0.0,1.0,Growing,1.0,
2021-07-02,9.766272484,4.595548565,,-17.09053276,7.125,0.059582767,0.095334685,1.0,Post-Harvest,3.0,26.43,0.432,0.0,1.0,Growing,1.0,
2021-07-03,5.602865239,50.28412625,,-17.1169467,7.125,0.059582767,0.083417379,1.0,Post-Harvest,3.0,24.63,0.433,0.0,1.0,Growing,1.0,
2021-07-04,2.562218878,1.80566123,0.123120047,-17.14336064,7.125,0.123120047,0.080576827,1.0,Post-Harvest,3.0,24.63,0.433,0.06353728,1.0,Growing,1.0,
2021-07-05,3.452304968,3.295528829,,-16.9181278,7.125,0.123120047,0.077736276,1.0,Post-Harvest,3.0,24.63,0.433,0.0,1.0,Growing,1.0,
2021-07-06,57.04439335,56.00605745,,-16.69289496,7.125,0.123120047,0.08681303,1.0,Post-Harvest,3.0,24.63,0.433,0.0,1.0,Growing,1.0,
2021-07-07,149.5292706,147.3657551,,-16.46766212,7.125,0.123120047,0.095889784,1.0,Post-Harvest,3.0,24.63,0.433,0.0,1.0,Growing,1.0,
2021-07-08,22.3661687,1.496862209,,-16.24242928,8.314,0.123120047,0.104966539,1.0,Post-Harvest,3.0,27.77,0.417,0.0,1.0,Growing,1.0,
2021-07-09,19.87119656,21.22504569,0.13566657,-16.01719644,8.314,0.13566657,0.115835653,1.0,Post-Harvest,3.0,27.77,0.417,0.012546523,1.0,Growing,1.0,
2021-07-10,12.62516621,8.303659275,,-16.04244909,8.314,0.13566657,0.126704768,1.0,Post-Harvest,3.0,27.77,0.417,0.0,1.0,Growing,1.0,
2021-07-11,17.76445401,8.994495717,,-16.06770175,8.314,0.13566657,0.128497129,1.0,Post-Harvest,3.0,27.77,0.417,0.0,1.0,Growing,1.0,
2021-07-12,31.11915561,13.35675961,,-16.0929544,8.314,0.13566657,0.130289489,1.0,Post-Harvest,3.0,27.77,0.417,0.0,1.0,Growing,1.0,
2021-07-13,52.72807995,35.76667761,,-16.11820706,8.314,0.13566657,0.132081849,1.0,Post-Harvest,3.0,27.37,0.435,0.0,1.0,Growing,1.0,
2021-07-14,21.42355613,20.92311881,0.146932541,-16.14345971,8.314,0.146932541,0.135483634,1.0,Post-Harvest,3.0,27.37,0.435,0.011265971,1.0,Growing,1.0,
2021-07-15,5.468473339,0.374255539,,-15.91782654,8.314,0.146932541,0.138885419,1.0,Post-Harvest,3.0,27.37,0.435,0.0,0.0,Growing,0.0,
2021-07-16,32.09000621,33.95423749,,-15.69219337,8.314,0.146932541,0.140494844,1.0,Post-Harvest,3.0,27.37,0.435,0.0,0.0,Growing,0.0,
2021-07-17,22.4187404,0.514775359,,-15.4665602,8.314,0.146932541,0.142104268,1.0,Post-Harvest,3.0,27.37,0.435,0.0,0.0,Growing,0.0,
2021-07-18,22.21221244,9.107882665,,-15.24092702,8.314,0.146932541,0.143713693,1.0,Post-Harvest,3.0,27.93,0.427,0.0,0.0,Growing,0.0,
2021-07-19,11.94462971,11.94867757,0.221444468,-15.01529385,8.314,0.221444468,0.155967678,1.0,Post-Harvest,3.0,27.93,0.427,0.074511926,0.0,Growing,0.0,
2021-07-20,4.262711385,3.36841967,,-15.03386453,8.314,0.221444468,0.168221663,1.0,Post-Harvest,3.0,27.93,0.427,0.0,0.0,Growing,0.0,
2021-07-21,2.548019737,9.242914773,,-15.0524352,8.314,0.221444468,0.178866224,1.0,Post-Harvest,3.0,27.93,0.427,0.0,0.0,Growing,0.0,
2021-07-22,26.76724581,1.571797907,,-15.07100588,8.314,0.221444468,0.189510785,1.0,Post-Harvest,3.0,27.93,0.427,0.0,0.0,Growing,0.0,
2021-07-23,12.79373086,10.15048511,,-15.08957655,8.314,0.221444468,0.200155346,1.0,Post-Harvest,3.0,27.44,0.428,0.0,0.0,Growing,0.0,
2021-07-24,2.52752719,0.277459022,0.204771465,-15.10814723,8.314,0.204771465,0.208418049,1.0,Post-Harvest,3.0,27.44,0.428,-0.016673003,0.0,Growing,0.0,
2021-07-25,0.753665041,0.001026426,,-15.1811821,8.314,0.204771465,0.216680753,1.0,Post-Harvest,3.0,27.44,0.428,0.0,0.0,Growing,0.0,
2021-07-26,7.876503646,3.833075865,,-15.25421698,8.314,0.204771465,0.214298895,1.0,Post-Harvest,3.0,27.44,0.428,0.0,0.0,Growing,0.0,
2021-07-27,16.11302428,0.592492972,,-15.32725185,8.314,0.204771465,0.211917037,1.0,Post-Harvest,3.0,27.44,0.428,0.0,0.0,Growing,0.0,
2021-07-28,6.501505677,3.338204355,,-15.40028672,8.314,0.204771465,0.20953518,1.0,Post-Harvest,3.0,27.36,0.432,0.0,0.0,Growing,0.0,
2021-07-29,2.426050687,1.938167357,0.203118412,-15.47332159,8.314,0.203118412,0.206917172,1.0,Post-Harvest,3.0,27.36,0.432,-0.001653053,0.0,Growing,0.0,
2021-07-30,2.986433472,13.19735344,,-15.49516612,8.314,0.203118412,0.204299164,1.0,Post-Harvest,3.0,27.36,0.432,0.0,0.0,Growing,0.0,
2021-07-31,9.806162868,1.35498899,,-15.51701065,8.314,0.203118412,0.204063014,1.0,Post-Harvest,3.0,27.36,0.432,0.0,0.0,Growing,0.0,
2021-08-01,54.29403251,2.857947925,,-15.53885519,8.314,0.203118412,0.203826863,1.0,Post-Harvest,3.0,27.36,0.432,0.0,0.0,Growing,0.0,
2021-08-02,16.88331076,1.010777311,,-15.56069972,8.314,0.203118412,0.203590713,1.0,Post-Harvest,3.0,26.55,0.42,0.0,0.0,Growing,0.0,
2021-08-03,11.20604428,16.85548961,0.198724816,-15.58254425,8.314,0.198724816,0.202726906,0.0,Post-Harvest,0.0,26.55,0.42,-0.004393596,0.0,Growing,0.0,
2021-08-04,3.566118459,2.594071526,,-15.65714021,6.838,0.198724816,0.201863099,0.0,Post-Harvest,0.0,26.55,0.42,0.0,0.0,Growing,0.0,
2021-08-05,1.329973405,4.112115463,,-15.73173617,6.838,0.198724816,0.201235442,0.0,Post-Harvest,0.0,26.55,0.42,0.0,0.0,Growing,0.0,
2021-08-06,37.75056972,35.30738029,,-15.80633213,6.838,0.198724816,0.200607786,0.0,Post-Harvest,0.0,26.55,0.42,0.0,0.0,Growing,0.0,
2021-08-07,26.28007752,9.883824609,,-15.88092809,6.838,0.198724816,0.199980129,0.0,Post-Harvest,0.0,26.02,0.434,0.0,0.0,Growing,0.0,
2021-08-08,4.110347764,5.683605803,0.076037535,-15.95552405,6.838,0.076037535,0.181825718,0.0,Post-Harvest,0.0,26.02,0.434,-0.122687281,0.0,Growing,0.0,
2021-08-09,96.26252484,39.30382594,,-15.99623938,6.838,0.076037535,0.163671307,0.0,Post-Harvest,0.0,26.02,0.434,0.0,0.0,Growing,0.0,
2021-08-10,62.07620743,40.54048887,,-16.03695472,6.838,0.076037535,0.146144553,0.0,Post-Harvest,0.0,26.02,0.434,0.0,0.0,Growing,0.0,
2021-08-11,86.9412707,87.04656344,,-16.07767005,6.838,0.076037535,0.128617798,0.0,Post-Harvest,0.0,26.02,0.434,0.0,0.0,Growing,0.0,
2021-08-12,121.1070499,93.79283466,,-16.11838539,6.838,0.076037535,0.111091044,0.0,Post-Harvest,0.0,26.53,0.432,0.0,0.0,Growing,0.0,
2021-08-13,63.9561861,86.68370808,0.037983751,-16.15910072,6.838,0.037983751,0.088128035,0.0,Post-Harvest,0.0,26.53,0.432,-0.038053784,0.0,Growing,0.0,
2021-08-14,78.14564572,80.49431122,,-16.1548807,6.838,0.037983751,0.065165025,0.0,Post-Harvest,0.0,26.53,0.432,0.0,0.0,Growing,0.0,
2021-08-15,44.42287648,29.40058928,,-16.15066067,6.838,0.037983751,0.05972877,0.0,Post-Harvest,0.0,26.53,0.432,0.0,0.0,Growing,0.0,
2021-08-16,22.947804,2.6224436,,-16.14644065,6.838,0.037983751,0.054292516,0.0,Post-Harvest,0.0,26.53,0.432,0.0,0.0,Growing,0.0,
2021-08-17,3.525986483,9.507662949,,-16.14222062,6.838,0.037983751,0.048856261,0.0,Post-Harvest,0.0,25.62,0.435,0.0,0.0,Growing,0.0,
2021-08-18,9.151503933,3.198782034,0.226950953,-16.1380006,6.838,0.226950953,0.07041532,0.0,Post-Harvest,0.0,25.62,0.435,0.188967202,0.0,Growing,0.0,
2021-08-19,4.367065805,1.725953353,,-16.13898049,6.838,0.226950953,0.09197438,0.0,Post-Harvest,0.0,25.62,0.435,0.0,0.0,Growing,0.0,
2021-08-20,3.394369119,0.222683029,,-16.13996039,6.838,0.226950953,0.118969695,0.0,Post-Harvest,0.0,25.62,0.435,0.0,0.0,Growing,0.0,
2021-08-21,8.392078961,0.330383613,,-16.14094029,6.838,0.226950953,0.145965009,0.0,Post-Harvest,0.0,25.62,0.435,0.0,0.0,Growing,0.0,
2021-08-22,40.07357033,45.48867653,,-16.14192019,6.838,0.226950953,0.172960324,0.0,Post-Harvest,0.0,27.59,0.426,0.0,0.0,Growing,0.0,
2021-08-23,105.7698914,113.8861415,0.306033206,-16.14290009,6.838,0.306033206,0.211253103,0.0,Post-Harvest,0.0,27.59,0.426,0.079082254,0.0,Mature,0.0,
2021-08-24,3.730532395,3.370316415,,-16.04443615,6.838,0.306033206,0.249545882,1.0,Post-Harvest,3.0,27.59,0.426,0.0,0.0,Mature,0.0,
2021-08-25,57.81691204,82.06940288,,-15.94597222,6.838,0.306033206,0.260843347,1.0,Post-Harvest,3.0,27.59,0.426,0.0,0.0,Mature,0.0,
2021-08-26,21.34098785,48.15574889,,-15.84750828,6.838,0.306033206,0.272140812,1.0,Post-Harvest,3.0,27.59,0.426,0.0,0.0,Mature,0.0,
2021-08-27,7.047746221,14.15605242,,-15.74904435,6.838,0.306033206,0.283438277,1.0,Post-Harvest,3.0,27.42,0.42,0.0,0.0,Mature,0.0,
2021-08-28,5.356104843,0.194216204,0.330067521,-15.65058041,6.838,0.330067521,0.298169215,1.0,Post-Harvest,3.0,27.42,0.42,0.024034315,0.0,Mature,0.0,
2021-08-29,19.11483421,17.11085713,,-15.57288463,6.838,0.330067521,0.312900153,1.0,Mature,2.0,27.42,0.42,0.0,0.0,Mature,0.0,
2021-08-30,7.315590397,6.556430442,,-15.49518884,6.838,0.330067521,0.316333627,1.0,Mature,2.0,27.42,0.42,0.0,0.0,Mature,0.0,
2021-08-31,7.50591595,5.109068174,,-15.41749306,7.826,0.330067521,0.319767101,1.0,Mature,2.0,27.42,0.42,0.0,0.0,Mature,0.0,
2021-09-01,10.56547721,19.70977819,,-15.33979728,7.826,0.330067521,0.323200574,1.0,Mature,2.0,27.29,0.43,0.0,0.0,Mature,0.0,
2021-09-02,4.829156197,3.006133902,0.327724779,-15.26210149,7.826,0.327724779,0.32629937,1.0,Mature,2.0,27.29,0.43,-0.002342742,0.0,Mature,0.0,
2021-09-03,1.116715384,0.608112075,,-15.10684729,7.826,0.327724779,0.329398166,1.0,Mature,2.0,27.29,0.43,0.0,0.0,Mature,0.0,
2021-09-04,1.862067851,0.529560509,,-14.95159308,7.826,0.327724779,0.329063489,1.0,Mature,2.0,27.29,0.43,0.0,0.0,Mature,0.0,
2021-09-05,4.501400047,1.45048108,,-14.79633888,7.826,0.327724779,0.328728812,1.0,Mature,2.0,27.29,0.43,0.0,0.0,Mature,0.0,
2021-09-06,41.14680187,38.34587583,,-14.64108467,7.826,0.327724779,0.328394134,1.0,Mature,2.0,28.05,0.427,0.0,0.0,Mature,0.0,
2021-09-07,5.460072878,1.427823942,0.414112971,-14.48583047,7.826,0.414112971,0.340400627,1.0,Mature,2.0,28.05,0.427,0.086388192,0.0,Mature,0.0,
2021-09-08,3.000398366,4.300268102,,-14.5108039,7.826,0.414112971,0.35240712,1.0,Mature,2.0,28.05,0.427,0.0,0.0,Mature,0.0,
2021-09-09,1.800392506,4.684610082,,-14.53577732,7.826,0.414112971,0.36474829,1.0,Mature,2.0,28.05,0.427,0.0,0.0,Mature,0.0,
2021-09-10,3.37437485,6.784739581,,-14.56075075,7.826,0.414112971,0.37708946,1.0,Mature,2.0,28.05,0.427,0.0,0.0,Mature,0.0,
2021-09-11,2.694147196,1.18160143,,-14.58572418,7.826,0.414112971,0.389430631,1.0,Mature,2.0,29.73,0.389,0.0,0.0,Mature,0.0,
2021-09-12,21.69206966,1.501404271,0.392176861,-14.61069761,7.826,0.392176861,0.398638071,1.0,Mature,2.0,29.73,0.389,-0.021936111,0.0,Mature,0.0,
2021-09-13,19.17827964,19.32841604,,-14.51591494,7.826,0.392176861,0.407845511,1.0,Mature,2.0,29.73,0.389,0.0,0.0,Mature,0.0,
2021-09-14,2.571317304,1.595408924,,-14.42113227,7.826,0.392176861,0.404711781,1.0,Mature,2.0,29.73,0.389,0.0,0.0,Mature,0.0,
2021-09-15,25.47460972,36.28934401,,-14.3263496,7.826,0.392176861,0.401578051,1.0,Mature,2.0,29.73,0.389,0.0,0.0,Mature,0.0,
2021-09-16,18.13747823,7.604164021,,-14.23156693,7.826,0.392176861,0.398444321,1.0,Mature,2.0,27.24,0.431,0.0,0.0,Mature,0.0,
2021-09-17,16.10155565,6.803455376,0.391379339,-14.13678426,7.826,0.391379339,0.395196659,1.0,Mature,2.0,27.24,0.431,-0.000797522,0.0,Mature,0.0,
2021-09-18,13.54550086,7.457944891,,-14.2697483,7.826,0.391379339,0.391948997,1.0,Mature,2.0,27.24,0.431,0.0,0.0,Mature,0.0,
2021-09-19,0.071091547,0.000942055,,-14.40271233,7.826,0.391379339,0.391835066,1.0,Mature,2.0,27.24,0.431,0.0,0.0,Mature,0.0,
2021-09-20,4.620934702,5.866769686,,-14.53567637,7.826,0.391379339,0.391721134,1.0,Mature,2.0,27.24,0.431,0.0,0.0,Mature,0.0,
2021-09-21,2.078858138,2.176535695,,-14.6686404,7.826,0.391379339,0.391607202,1.0,Mature,2.0,25.92,0.414,0.0,0.0,Mature,0.0,
2021-09-22,1.397856033,0.065877765,0.446584516,-14.80160444,7.826,0.446584516,0.399379724,1.0,Mature,2.0,25.92,0.414,0.055205177,0.0,Mature,0.0,
2021-09-23,1.021619325,0.058130404,,-14.83523334,7.826,0.446584516,0.407152247,1.0,Mature,2.0,25.92,0.414,0.0,0.0,Mature,0.0,
2021-09-24,1.511660133,1.857314291,,-14.86886223,7.826,0.446584516,0.4150387,1.0,Mature,2.0,25.92,0.414,0.0,0.0,Mature,0.0,
2021-09-25,0.967599084,6.499827355,,-14.90249113,7.826,0.446584516,0.422925154,1.0,Mature,2.0,25.92,0.414,0.0,0.0,Mature,0.0,
2021-09-26,1.103183213,0.638684627,,-14.93612003,7.826,0.446584516,0.430811608,1.0,Mature,2.0,29.59,0.352,0.0,0.0,Mature,0.0,
2021-09-27,1.068376256,8.374983384,0.425040915,-14.96974893,7.826,0.425040915,0.435620405,1.0,Mature,2.0,29.59,0.352,-0.021543601,0.0,Mature,0.0,
2021-09-28,33.37271149,13.98694417,,-14.90015545,7.826,0.425040915,0.440429201,1.0,Mature,2.0,29.59,0.352,0.0,0.0,Mature,0.0,
2021-09-29,1.539483455,1.880699373,,-14.83056198,7.826,0.425040915,0.437351544,1.0,Mature,2.0,29.59,0.352,0.0,0.0,Mature,0.0,
2021-09-30,1.34154503,1.647515456,,-14.7609685,7.826,0.425040915,0.434273887,1.0,Mature,2.0,29.59,0.352,0.0,0.0,Mature,0.0,
2021-10-01,9.541819096,3.110884419,,-14.69137502,7.826,0.425040915,0.43119623,1.0,Mature,2.0,28.6,0.375,0.0,0.0,Mature,0.0,
2021-10-02,26.77160938,8.989430462,0.434029279,-14.62178154,7.826,0.434029279,0.429402624,1.0,Mature,2.0,28.6,0.375,0.008988363,0.0,Mature,0.0,
2021-10-03,48.35065257,31.99644155,,-14.6514183,7.826,0.434029279,0.427609019,1.0,Mature,2.0,28.6,0.375,0.0,0.0,Mature,0.0,
2021-10-04,84.82779144,48.12851729,,-14.68105506,7.826,0.434029279,0.428893071,1.0,Mature,2.0,28.6,0.375,0.0,0.0,Mature,0.0,
2021-10-05,5.259428493,6.22989891,,-14.71069182,7.826,0.434029279,0.430177123,1.0,Mature,2.0,28.6,0.375,0.0,0.0,Mature,0.0,
2021-10-06,1.043029444,0.0,,-14.74032857,7.826,0.434029279,0.431461175,1.0,Mature,2.0,27.35,0.401,0.0,0.0,Mature,0.0,
2021-10-07,0.046669161,0.0,0.438559726,-14.76996533,7.826,0.438559726,0.433392434,1.0,Mature,2.0,27.35,0.401,0.004530447,0.0,Mature,0.0,
2021-10-08,0.316137786,0.0,,-14.66388385,7.826,0.438559726,0.435323692,1.0,Mature,2.0,27.35,0.401,0.0,0.0,Mature,0.0,
2021-10-09,0.516085126,2.14917806,,-14.55780236,7.826,0.438559726,0.435970899,1.0,Mature,2.0,27.35,0.401,0.0,0.0,Mature,0.0,
2021-10-10,0.207699772,0.014978187,,-14.45172088,7.826,0.438559726,0.436618106,1.0,Mature,2.0,27.35,0.401,0.0,0.0,Mature,0.0,
2021-10-11,0.266371738,0.004303795,,-14.34563939,7.826,0.438559726,0.437265312,1.0,Mature,2.0,28.91,0.356,0.0,0.0,Mature,0.0,
2021-10-12,0.160899962,0.009219358,0.437562155,-14.23955791,7.826,0.437562155,0.437770009,1.0,Mature,2.0,28.91,0.356,-0.000997571,0.0,Mature,0.0,
2021-10-13,2.751580576,2.12343021,,-14.23628938,7.826,0.437562155,0.438274705,1.0,Mature,2.0,28.91,0.356,0.0,0.0,Mature,0.0,
2021-10-14,0.067565815,0.022798856,,-14.23302085,7.826,0.437562155,0.438132195,1.0,Mature,2.0,28.91,0.356,0.0,0.0,Mature,0.0,
2021-10-15,2.758845518,0.693030602,,-14.22975233,7.826,0.437562155,0.437989685,1.0,Mature,2.0,28.91,0.356,0.0,0.0,Mature,0.0,
2021-10-16,1.326177043,0.00022121,,-14.2264838,7.826,0.437562155,0.437847175,1.0,Mature,2.0,29.3,0.307,0.0,0.0,Mature,0.0,
2021-10-17,1.718138704,0.336478671,0.442850384,-14.22321527,7.826,0.442850384,0.438460126,1.0,Mature,2.0,29.3,0.307,0.005288229,0.0,Mature,0.0,
2021-10-18,14.58056445,2.348928245,,-14.17723275,7.826,0.442850384,0.439073077,1.0,Mature,2.0,29.3,0.307,0.0,0.0,Mature,0.0,
2021-10-19,8.744982413,11.50285715,,-14.13125022,7.826,0.442850384,0.439828539,1.0,Mature,2.0,29.3,0.307,0.0,0.0,Mature,0.0,
2021-10-20,32.41701061,33.89056186,,-14.0852677,7.826,0.442850384,0.440584,1.0,Mature,2.0,29.3,0.307,0.0,0.0,Mature,0.0,
2021-10-21,0.244859259,0.094360716,,-14.03928517,7.826,0.442850384,0.441339461,1.0,Mature,2.0,25.19,0.42,0.0,0.0,Mature,0.0,
2021-10-22,0.000491009,0.0,0.442442318,-13.99330265,7.826,0.442442318,0.442036627,1.0,Mature,2.0,25.19,0.42,-0.000408066,0.0,Mature,0.0,
2021-10-23,0.035253905,0.0,,-13.9227009,7.826,0.442442318,0.442733794,0.0,Mature,0.0,25.19,0.42,0.0,0.0,Mature,0.0,
2021-10-24,0.067183272,0.0,,-13.85209914,6.874,0.442442318,0.442675498,0.0,Mature,0.0,25.19,0.42,0.0,0.0,Mature,0.0,
2021-10-25,0.168718415,0.0,,-13.78149739,6.874,0.442442318,0.442617203,0.0,Mature,0.0,25.19,0.42,0.0,0.0,Mature,0.0,
2021-10-26,0.040073718,0.003041703,,-13.71089564,6.874,0.442442318,0.442558908,0.0,Mature,0.0,24.81,0.348,0.0,0.0,Mature,0.0,
2021-10-27,0.288735881,0.005397127,0.459241598,-13.64029389,6.874,0.459241598,0.44490051,0.0,Mature,0.0,24.81,0.348,0.016799281,0.0,Mature,0.0,
2021-10-28,0.016769745,0.000232208,,-13.64020325,6.874,0.459241598,0.447242112,0.0,Mature,0.0,24.81,0.348,0.0,0.0,Mature,0.0,
2021-10-29,0.0,0.0,,-13.64011261,6.874,0.459241598,0.449642009,0.0,Mature,0.0,24.81,0.348,0.0,0.0,Mature,0.0,
2021-10-30,0.0,0.0,,-13.64002197,6.874,0.459241598,0.452041907,0.0,Mature,0.0,24.81,0.348,0.0,0.0,Mature,0.0,
2021-10-31,0.0,0.0,,-13.63993133,6.874,0.459241598,0.454441804,0.0,Mature,0.0,23.98,0.301,0.0,0.0,Mature,0.0,
2021-11-01,0.035755266,0.0,0.433596102,-13.63984069,6.874,0.433596102,0.453178059,0.0,Mature,0.0,23.98,0.301,-0.025645496,0.0,Mature,0.0,
2021-11-02,0.002140781,0.0,,-13.55643184,6.874,0.433596102,0.451914314,0.0,Mature,0.0,23.98,0.301,0.0,0.0,Mature,0.0,
2021-11-03,0.0,0.0,,-13.47302299,6.874,0.433596102,0.448250671,0.0,Mature,0.0,23.98,0.301,0.0,0.0,Mature,0.0,
2021-11-04,0.0,0.0,,-13.38961415,6.874,0.433596102,0.444587029,0.0,Mature,0.0,23.98,0.301,0.0,0.0,Mature,0.0,
2021-11-05,0.0,0.0,,-13.3062053,6.874,0.433596102,0.440923387,0.0,Mature,0.0,22.29,0.261,0.0,0.0,Mature,0.0,
2021-11-06,0.0,0.0,0.438044505,-13.22279645,6.874,0.438044505,0.437895231,0.0,Mature,0.0,22.29,0.261,0.004448403,0.0,Mature,0.0,
2021-11-07,0.0,0.0,,-13.25435937,6.874,0.438044505,0.434867075,0.0,Mature,0.0,22.29,0.261,0.0,0.0,Mature,0.0,
2021-11-08,0.0,0.0,,-13.28592229,6.874,0.438044505,0.435502561,0.0,Mature,0.0,22.29,0.261,0.0,0.0,Mature,0.0,
2021-11-09,0.015704274,0.0,,-13.31748521,6.874,0.438044505,0.436138047,0.0,Mature,0.0,22.29,0.261,0.0,0.0,Mature,0.0,
2021-11-10,0.000940265,0.0,,-13.34904813,6.874,0.438044505,0.436773533,0.0,Mature,0.0,23.75,0.228,0.0,0.0,Mature,0.0,
2021-11-11,0.004302784,0.000884742,0.438872011,-13.38061105,6.874,0.438872011,0.437527234,0.0,Mature,0.0,23.75,0.228,0.000827506,0.0,Mature,0.0,
2021-11-12,0.0,0.100849318,,-13.3180084,6.874,0.438872011,0.438280935,0.0,Mature,0.0,23.75,0.228,0.0,0.0,Mature,0.0,
2021-11-13,0.012754457,0.000301854,,-13.25540575,6.874,0.438872011,0.43839915,0.0,Mature,0.0,23.75,0.228,0.0,0.0,Mature,0.0,
2021-11-14,0.0,0.0,,-13.19280309,6.874,0.438872011,0.438517366,0.0,Mature,0.0,23.75,0.228,0.0,0.0,Mature,0.0,
2021-11-15,0.0,0.0,,-13.13020044,6.874,0.438872011,0.438635581,0.0,Mature,0.0,23.04,0.207,0.0,0.0,Mature,0.0,
2021-11-16,0.0,0.0,0.430141137,-13.06759779,6.874,0.430141137,0.437506528,0.0,Mature,0.0,23.04,0.207,-0.008730873,0.0,Mature,0.0,
2021-11-17,0.0,0.0,,-12.98760579,6.874,0.430141137,0.436377476,0.0,Mature,0.0,23.04,0.207,0.0,0.0,Mature,0.0,
2021-11-18,0.0,0.0,,-12.9076138,6.874,0.430141137,0.435130208,0.0,Mature,0.0,23.04,0.207,0.0,0.0,Mature,0.0,
2021-11-19,0.107632916,0.005221738,,-12.8276218,6.874,0.430141137,0.43388294,0.0,Mature,0.0,23.04,0.207,0.0,0.0,Mature,0.0,
2021-11-20,0.626869286,0.054384719,,-12.74762981,6.124,0.430141137,0.432635673,0.0,Mature,0.0,22.01,0.19,0.0,0.0,Mature,0.0,
2021-11-21,0.061791355,0.0,0.421801852,-12.66763781,6.124,0.421801852,0.430197078,0.0,Mature,0.0,22.01,0.19,-0.008339286,0.0,Mature,0.0,
2021-11-22,0.0,0.0,,-12.66514802,6.124,0.421801852,0.427758484,0.0,Mature,0.0,22.01,0.19,0.0,0.0,Mature,0.0,
2021-11-23,0.0,0.0,,-12.66265824,6.124,0.421801852,0.426567158,0.0,Mature,0.0,22.01,0.19,0.0,0.0,Mature,0.0,
2021-11-24,0.0,0.0,,-12.66016845,6.124,0.421801852,0.425375831,0.0,Mature,0.0,22.01,0.19,0.0,0.0,Mature,0.0,
2021-11-25,0.0,0.000854851,,-12.65767866,6.124,0.421801852,0.424184505,0.0,Mature,0.0,21.16,0.179,0.0,0.0,Mature,0.0,
2021-11-26,0.0,0.002639417,0.437003504,-12.65518887,6.124,0.437003504,0.425164843,0.0,Mature,0.0,21.16,0.179,0.015201653,0.0,Mature,0.0,
2021-11-27,0.0,0.0,,-12.59602949,6.124,0.437003504,0.426145181,0.0,Mature,0.0,21.16,0.179,0.0,0.0,Mature,0.0,
2021-11-28,0.0,0.0,,-12.53687011,6.124,0.437003504,0.428316846,0.0,Mature,0.0,21.16,0.179,0.0,0.0,Mature,0.0,
2021-11-29,0.0,0.0,,-12.47771073,6.124,0.437003504,0.43048851,0.0,Mature,0.0,21.16,0.179,0.0,0.0,Mature,0.0,
2021-11-30,0.0,0.0,,-12.41855135,6.124,0.437003504,0.432660175,0.0,Mature,0.0,21.77,0.171,0.0,0.0,Mature,0.0,
2021-12-01,0.0,0.0,0.415423677,-12.35939197,6.124,0.415423677,0.431749007,0.0,Mature,0.0,21.77,0.171,-0.021579827,0.0,Mature,0.0,
2021-12-02,0.0,0.008936453,,-12.38521744,6.124,0.415423677,0.43083784,0.0,Mature,0.0,21.77,0.171,0.0,0.0,Mature,0.0,
2021-12-03,0.016105717,0.002323611,,-12.41104292,6.124,0.415423677,0.427755007,0.0,Mature,0.0,21.77,0.171,0.0,0.0,Mature,0.0,
2021-12-04,7.708098242,6.927128503,,-12.43686839,6.124,0.415423677,0.424672175,0.0,Mature,0.0,21.77,0.171,0.0,0.0,Mature,0.0,
2021-12-05,32.18215989,17.69372953,,-12.46269386,6.124,0.415423677,0.421589342,0.0,Mature,0.0,21.25,0.181,0.0,0.0,Mature,0.0,
2021-12-06,18.20115884,8.624900823,0.392309155,-12.48851934,6.124,0.392309155,0.415204435,0.0,Mature,0.0,21.25,0.181,-0.023114522,0.0,Mature,0.0,
2021-12-07,0.0,0.000349974,,-12.50535905,6.124,0.392309155,0.408819528,0.0,Mature,0.0,21.25,0.181,0.0,0.0,Mature,0.0,
2021-12-08,0.0,0.0,,-12.52219876,6.124,0.392309155,0.405517454,0.0,Mature,0.0,21.25,0.181,0.0,0.0,Mature,0.0,
2021-12-09,1.570397071,1.471277829,,-12.53903847,6.124,0.392309155,0.402215379,0.0,Mature,0.0,21.25,0.181,0.0,0.0,Mature,0.0,
2021-12-10,0.035743634,0.054635703,,-12.55587819,6.124,0.392309155,0.398913304,0.0,Mature,0.0,20.27,0.341,0.0,0.0,Mature,0.0,
2021-12-11,0.0,0.0,0.398035748,-12.5727179,6.124,0.398035748,0.396429314,0.0,Mature,0.0,20.27,0.341,0.005726593,0.0,Mature,0.0,
2021-12-12,0.0,0.0,,-12.58742541,6.124,0.398035748,0.393945324,0.0,Mature,0.0,20.27,0.341,0.0,0.0,Mature,0.0,
2021-12-13,0.0,0.0,,-12.60213292,6.124,0.398035748,0.394763409,0.0,Mature,0.0,20.27,0.341,0.0,0.0,Mature,0.0,
2021-12-14,0.0,0.0,,-12.61684043,6.124,0.398035748,0.395581494,0.0,Mature,0.0,20.27,0.341,0.0,0.0,Mature,0.0,
2021-12-15,0.0,0.0,,-12.63154794,6.124,0.398035748,0.396399578,0.0,Mature,0.0,18.46,0.294,0.0,0.0,Mature,0.0,
2021-12-16,0.0,0.001231471,0.371375335,-12.64625545,6.124,0.371375335,0.393409033,0.0,Mature,0.0,18.46,0.294,-0.026660413,0.0,Mature,0.0,
2021-12-17,0.0,0.004112365,,-12.61481917,6.411,0.371375335,0.390418487,0.0,Mature,0.0,18.46,0.294,0.0,0.0,Mature,0.0,
2021-12-18,0.0,0.0,,-12.58338289,6.411,0.371375335,0.386609857,0.0,Mature,0.0,18.46,0.294,0.0,0.0,Mature,0.0,
2021-12-19,0.0,0.0,,-12.55194661,6.411,0.371375335,0.382801226,0.0,Mature,0.0,18.46,0.294,0.0,0.0,Mature,0.0,
2021-12-20,0.0,0.0,,-12.52051033,6.411,0.371375335,0.378992596,0.0,Mature,0.0,17.18,0.262,0.0,0.0,Mature,0.0,
2021-12-21,0.0,0.001191192,0.359033633,-12.48907405,6.411,0.359033633,0.373420865,0.0,Mature,0.0,17.18,0.262,-0.012341702,0.0,Mature,0.0,
2021-12-22,37.29764873,7.847801549,,-12.43156857,6.411,0.359033633,0.367849134,0.0,Mature,0.0,17.18,0.262,0.0,0.0,Mature,0.0,
2021-12-23,0.0,0.013197434,,-12.3740631,6.411,0.359033633,0.366086034,0.0,Mature,0.0,17.18,0.262,0.0,0.0,Mature,0.0,
2021-12-24,0.0,0.008800245,,-12.31655762,6.411,0.359033633,0.364322934,0.0,Mature,0.0,17.18,0.262,0.0,0.0,Mature,0.0,
2021-12-25,0.003180958,0.092589844,,-12.25905214,6.411,0.359033633,0.362559834,0.0,Mature,0.0,17.43,0.258,0.0,0.0,Mature,0.0,
2021-12-26,0.10401006,0.192955926,0.354841506,-12.20154666,6.411,0.354841506,0.360197858,0.0,Mature,0.0,17.43,0.258,-0.004192127,0.0,Mature,0.0,
2021-12-27,0.667528576,0.046623976,,-12.1832422,6.411,0.354841506,0.357835882,0.0,Mature,0.0,17.43,0.258,0.0,0.0,Mature,0.0,
2021-12-28,2.438028732,0.601209744,,-12.16493773,6.411,0.354841506,0.357237007,0.0,Mature,0.0,17.43,0.258,0.0,0.0,Mature,0.0,
2021-12-29,14.78723851,0.702924898,,-12.14663327,6.411,0.354841506,0.356638132,0.0,Mature,0.0,17.43,0.258,0.0,0.0,Mature,0.0,
2021-12-30,5.015867477,0.664585581,,-12.12832881,6.411,0.354841506,0.356039256,0.0,Mature,0.0,17.88,0.232,0.0,0.0,Mature,0.0,
2021-12-31,0.0,0.010431197,0.407230039,-12.11002434,6.411,0.407230039,0.362924457,0.0,Mature,0.0,17.88,0.232,0.052388534,0.0,Mature,0.0,
2022-01-01,0.0,0.0,,-11.97802753,6.411,0.407230039,0.369809658,0.0,Mature,0.0,17.88,0.232,0.0,0.0,Mature,0.0,
2022-01-02,0.0,0.003361897,,-11.84603072,6.411,0.407230039,0.377293734,0.0,Mature,0.0,17.88,0.232,0.0,0.0,Mature,0.0,
2022-01-03,0.0,0.005548911,,-11.71403392,6.411,0.407230039,0.384777811,0.0,Mature,0.0,17.88,0.232,0.0,0.0,Mature,0.0,
2022-01-04,0.0,0.0,,-11.58203711,6.411,0.407230039,0.392261887,0.0,Mature,0.0,17.19,0.211,0.0,0.0,Mature,0.0,
2022-01-05,0.0,0.254912534,0.429566298,-11.4500403,6.411,0.429566298,0.402936857,0.0,Mature,0.0,17.19,0.211,0.022336259,0.0,Mature,0.0,
2022-01-06,0.0,0.103345914,,-11.43082996,6.411,0.429566298,0.413611828,0.0,Mature,0.0,17.19,0.211,0.0,0.0,Mature,0.0,
2022-01-07,0.202472701,0.0,,-11.41161963,6.411,0.429566298,0.416802722,0.0,Mature,0.0,17.19,0.211,0.0,0.0,Mature,0.0,
2022-01-08,0.0,0.0,,-11.39240929,6.411,0.429566298,0.419993616,0.0,Mature,0.0,17.19,0.211,0.0,0.0,Mature,0.0,
2022-01-09,0.248665772,0.07015008,,-11.37319895,6.411,0.429566298,0.42318451,0.0,Mature,0.0,19.2,0.194,0.0,0.0,Mature,0.0,
2022-01-10,1.914682736,0.17479799,0.41927602,-11.35398862,6.411,0.41927602,0.424905364,0.0,Mature,0.0,19.2,0.194,-0.010290279,0.0,Mature,0.0,
2022-01-11,10.1273873,7.500120816,,-11.31821497,6.411,0.41927602,0.426626219,0.0,Mature,0.0,19.2,0.194,0.0,0.0,Mature,0.0,
2022-01-12,2.074929009,5.356430046,,-11.28244132,6.411,0.41927602,0.425156179,0.0,Mature,0.0,19.2,0.194,0.0,0.0,Mature,0.0,
2022-01-13,0.143624218,0.0,,-11.24666767,6.382,0.41927602,0.423686139,0.0,Mature,0.0,19.2,0.194,0.0,0.0,Mature,0.0,
2022-01-14,1.357730342,5.814854306,,-11.21089402,6.382,0.41927602,0.422216099,0.0,Mature,0.0,17.56,0.315,0.0,0.0,Mature,0.0,
2022-01-15,0.037446209,0.00542151,0.448023656,-11.17512037,6.382,0.448023656,0.424852865,0.0,Mature,0.0,17.56,0.315,0.028747636,0.0,Mature,0.0,
2022-01-16,0.0,0.00087642,,-11.10283556,6.382,0.448023656,0.42748963,0.0,Mature,0.0,17.56,0.315,0.0,0.0,Mature,0.0,
2022-01-17,0.000152854,0.0,,-11.03055076,6.382,0.448023656,0.431596435,0.0,Mature,0.0,17.56,0.315,0.0,0.0,Mature,0.0,
2022-01-18,0.000676207,0.078450245,,-10.95826596,6.382,0.448023656,0.43570324,0.0,Mature,0.0,17.56,0.315,0.0,0.0,Mature,0.0,
2022-01-19,0.0,0.005007318,,-10.88598115,6.382,0.448023656,0.439810046,0.0,Mature,0.0,18.05,0.257,0.0,0.0,Mature,0.0,
2022-01-20,0.0,0.00681133,0.399028672,-10.81369635,6.382,0.399028672,0.436917567,0.0,Mature,0.0,18.05,0.257,-0.048994984,0.0,Mature,0.0,
2022-01-21,0.0,0.152533321,,-10.80729068,6.382,0.399028672,0.434025089,0.0,Mature,0.0,18.05,0.257,0.0,0.0,Mature,0.0,
2022-01-22,0.060368284,0.083658643,,-10.800885,6.382,0.399028672,0.427025806,0.0,Mature,0.0,18.05,0.257,0.0,0.0,Mature,0.0,
2022-01-23,2.508160907,0.726717419,,-10.79447932,6.382,0.399028672,0.420026522,0.0,Mature,0.0,18.05,0.257,0.0,0.0,Mature,0.0,
2022-01-24,0.0,0.0,,-10.78807365,6.382,0.399028672,0.413027239,0.0,Mature,0.0,17.89,0.246,0.0,0.0,Mature,0.0,
2022-01-25,0.0,0.692836649,0.524329873,-10.78166797,6.382,0.524329873,0.423928127,0.0,Mature,0.0,17.89,0.246,0.125301201,0.0,Mature,0.0,
2022-01-26,0.0,0.0,,-10.76467681,6.382,0.524329873,0.434829015,0.0,Mature,0.0,17.89,0.246,0.0,0.0,Mature,0.0,
2022-01-27,0.0,0.0,,-10.74768564,6.382,0.524329873,0.452729187,0.0,Mature,0.0,17.89,0.246,0.0,0.0,Mature,0.0,
2022-01-28,0.0,0.0,,-10.73069447,6.382,0.524329873,0.470629358,0.0,Mature,0.0,17.89,0.246,0.0,0.0,Mature,0.0,
2022-01-29,0.0,0.0,,-10.71370331,6.382,0.524329873,0.48852953,0.0,Mature,0.0,14.29,0.269,0.0,0.0,Mature,0.0,
2022-01-30,0.0,0.014180515,0.635685823,-10.69671214,6.382,0.635685823,0.522337694,0.0,Mature,0.0,14.29,0.269,0.111355949,0.0,Growing,0.0,
2022-01-31,0.0,0.016233793,,-10.70590352,6.382,0.635685823,0.556145859,0.0,Mature,0.0,14.29,0.269,0.0,0.0,Growing,0.0,
2022-02-01,0.0,0.031352711,,-10.7150949,6.382,0.635685823,0.572053852,0.0,Mature,0.0,14.29,0.269,0.0,0.0,Growing,0.0,
2022-02-02,0.0,0.051778017,,-10.72428628,6.382,0.635685823,0.587961844,0.0,Mature,0.0,14.29,0.269,0.0,0.0,Growing,0.0,
2022-02-03,0.013851855,0.015436637,,-10.73347766,6.382,0.635685823,0.603869837,0.0,Growing,0.0,17.12,0.266,0.0,0.0,Growing,0.0,
2022-02-04,20.29909381,12.66411143,0.637893765,-10.74266904,6.382,0.637893765,0.62009325,0.0,Growing,0.0,17.12,0.266,0.002207943,0.0,Growing,0.0,
2022-02-05,0.122511045,0.0,,-10.75746552,6.382,0.637893765,0.636316664,0.0,Growing,0.0,17.12,0.266,0.0,0.0,Growing,0.0,
2022-02-06,0.0,0.013976163,,-10.772262,6.382,0.637893765,0.636632084,0.0,Growing,0.0,17.12,0.266,0.0,0.0,Growing,0.0,
2022-02-07,0.0,0.044132434,,-10.78705848,6.382,0.637893765,0.636947504,0.0,Growing,0.0,17.12,0.266,0.0,0.0,Growing,0.0,
2022-02-08,0.0,0.006438121,,-10.80185497,6.382,0.637893765,0.637262925,0.0,Growing,0.0,15.39,0.301,0.0,0.0,Growing,0.0,
2022-02-09,0.0,0.208969708,0.652246338,-10.81665145,5.929,0.652246338,0.639628712,0.0,Growing,0.0,15.39,0.301,0.014352572,0.0,Growing,0.0,
2022-02-10,0.0,0.057769405,,-10.87053257,5.929,0.652246338,0.6419945,0.0,Growing,0.0,15.39,0.301,0.0,0.0,Growing,0.0,
2022-02-11,0.0,0.0,,-10.92441369,5.929,0.652246338,0.644044868,0.0,Growing,0.0,15.39,0.301,0.0,0.0,Growing,0.0,
2022-02-12,0.0,0.0,,-10.97829481,5.929,0.652246338,0.646095235,0.0,Growing,0.0,15.39,0.301,0.0,0.0,Growing,0.0,
2022-02-13,0.0,0.0,,-11.03217593,5.929,0.652246338,0.648145603,0.0,Growing,0.0,16.88,0.257,0.0,0.0,Growing,0.0,
2022-02-14,0.0,0.0,0.648647245,-11.08605705,5.929,0.648647245,0.649681814,0.0,Growing,0.0,16.88,0.257,-0.003599092,0.0,Growing,0.0,
2022-02-15,0.0,0.0,,-11.0995132,5.929,0.648647245,0.651218025,0.0,Growing,0.0,16.88,0.257,0.0,0.0,Growing,0.0,
2022-02-16,0.0,0.0,,-11.11296936,5.929,0.648647245,0.650703869,0.0,Growing,0.0,16.88,0.257,0.0,0.0,Growing,0.0,
2022-02-17,0.0,0.0,,-11.12642551,5.929,0.648647245,0.650189713,0.0,Growing,0.0,16.88,0.257,0.0,0.0,Growing,0.0,
2022-02-18,0.0,0.0,,-11.13988167,5.929,0.648647245,0.649675557,0.0,Growing,0.0,18.16,0.214,0.0,0.0,Growing,0.0,
2022-02-19,0.0,0.0,0.65335659,-11.15333782,5.929,0.65335659,0.649834165,0.0,Growing,0.0,18.16,0.214,0.004709345,0.0,Growing,0.0,
2022-02-20,0.234248488,0.061310326,,-11.22099006,5.929,0.65335659,0.649992772,0.0,Growing,0.0,18.16,0.214,0.0,0.0,Growing,0.0,
2022-02-21,0.0,14.31407879,,-11.2886423,5.929,0.65335659,0.650665536,0.0,Growing,0.0,18.16,0.214,0.0,0.0,Growing,0.0,
2022-02-22,0.0,0.0,,-11.35629454,5.929,0.65335659,0.6513383,0.0,Growing,0.0,18.16,0.214,0.0,0.0,Growing,0.0,
2022-02-23,0.0,0.0,,-11.42394678,5.929,0.65335659,0.652011063,0.0,Growing,0.0,19.39,0.22,0.0,0.0,Growing,0.0,
2022-02-24,12.14334932,15.08250867,0.663579261,-11.49159902,5.929,0.663579261,0.654144208,0.0,Growing,0.0,19.39,0.22,0.010222671,0.0,Growing,0.0,
2022-02-25,0.314316093,0.568113953,,-11.5578783,5.929,0.663579261,0.656277353,0.0,Growing,0.0,19.39,0.22,0.0,0.0,Growing,0.0,
2022-02-26,0.0,0.006322908,,-11.62415757,5.929,0.663579261,0.657737735,0.0,Growing,0.0,19.39,0.22,0.0,0.0,Growing,0.0,
2022-02-27,0.0,0.0,,-11.69043685,5.929,0.663579261,0.659198116,0.0,Growing,0.0,19.39,0.22,0.0,0.0,Growing,0.0,
2022-02-28,0.0,0.005710619,,-11.75671612,5.929,0.663579261,0.660658498,0.0,Growing,0.0,20.87,0.274,0.0,0.0,Growing,0.0,
2022-03-01,0.000233335,0.003039777,0.683447755,-11.8229954,5.929,0.683447755,0.664957236,0.0,Growing,0.0,20.87,0.274,0.019868494,0.0,Growing,0.0,
2022-03-02,0.002978577,0.0,,-11.82180239,5.929,0.683447755,0.669255973,0.0,Growing,0.0,20.87,0.274,0.0,0.0,Growing,0.0,
2022-03-03,0.0,0.0,,-11.82060938,5.929,0.683447755,0.67209433,0.0,Growing,0.0,20.87,0.274,0.0,0.0,Growing,0.0,
2022-03-04,0.0,0.0,,-11.81941637,5.929,0.683447755,0.674932686,0.0,Growing,0.0,20.87,0.274,0.0,0.0,Growing,0.0,
2022-03-05,0.0,0.0,,-11.81822336,5.929,0.683447755,0.677771042,0.0,Growing,0.0,21.57,0.207,0.0,0.0,Growing,0.0,
2022-03-06,0.0,0.0,0.682306507,-11.81703035,5.929,0.682306507,0.680446363,0.0,Growing,0.0,21.57,0.207,-0.001141248,0.0,Growing,0.0,
2022-03-07,0.0,0.0,,-11.88590237,5.929,0.682306507,0.683121684,0.0,Growing,0.0,21.57,0.207,0.0,0.0,Growing,0.0,
2022-03-08,0.0,0.0,,-11.95477438,5.895,0.682306507,0.682958649,0.0,Growing,0.0,21.57,0.207,0.0,0.0,Growing,0.0,
2022-03-09,0.0,0.0,,-12.0236464,5.895,0.682306507,0.682795613,0.0,Growing,0.0,21.57,0.207,0.0,0.0,Growing,0.0,
2022-03-10,0.0,0.0,,-12.09251842,5.895,0.682306507,0.682632578,0.0,Growing,0.0,24.68,0.174,0.0,0.0,Growing,0.0,
2022-03-11,0.0,0.001058127,0.684798472,-12.16139043,5.895,0.684798472,0.682825537,0.0,Growing,0.0,24.68,0.174,0.002491965,0.0,Growing,0.0,
2022-03-12,0.140726124,0.034491559,,-12.14717142,5.895,0.684798472,0.683018497,0.0,Growing,0.0,24.68,0.174,0.0,0.0,Growing,0.0,
2022-03-13,0.0,0.0,,-12.13295242,5.895,0.684798472,0.683374492,0.0,Growing,0.0,24.68,0.174,0.0,0.0,Growing,0.0,
2022-03-14,0.0,0.0,,-12.11873341,5.895,0.684798472,0.683730487,0.0,Growing,0.0,24.68,0.174,0.0,0.0,Growing,0.0,
2022-03-15,0.0,0.0,,-12.1045144,5.895,0.684798472,0.684086482,0.0,Growing,0.0,25.8,0.162,0.0,0.0,Growing,0.0,
2022-03-16,0.0,0.0,0.679850605,-12.09029539,5.895,0.679850605,0.683735639,0.0,Growing,0.0,25.8,0.162,-0.004947867,0.0,Growing,0.0,
2022-03-17,0.0,0.0,,-12.02580782,5.895,0.679850605,0.683384796,0.0,Growing,0.0,25.8,0.162,0.0,0.0,Growing,0.0,
2022-03-18,0.0,0.0,,-11.96132025,5.895,0.679850605,0.682677958,0.0,Growing,0.0,25.8,0.162,0.0,0.0,Growing,0.0,
2022-03-19,0.0,0.0,,-11.89683268,5.895,0.679850605,0.68197112,0.0,Growing,0.0,25.8,0.162,0.0,0.0,Growing,0.0,
2022-03-20,0.0,0.0,,-11.83234511,5.895,0.679850605,0.681264282,0.0,Growing,0.0,26.27,0.157,0.0,0.0,Growing,0.0,
2022-03-21,0.0,0.0,0.67344214,-11.76785754,5.895,0.67344214,0.679641948,0.0,Growing,0.0,26.27,0.157,-0.006408465,0.0,Growing,0.0,
2022-03-22,0.0,0.0,,-11.7424786,5.895,0.67344214,0.678019615,0.0,Growing,0.0,26.27,0.157,0.0,0.0,Growing,0.0,
2022-03-23,0.0,2.584273355,,-11.71709966,5.895,0.67344214,0.67710412,0.0,Growing,0.0,26.27,0.157,0.0,0.0,Growing,0.0,
2022-03-24,10.30616187,18.34338319,,-11.69172071,5.895,0.67344214,0.676188625,0.0,Growing,0.0,26.27,0.157,0.0,0.0,Growing,0.0,
2022-03-25,0.367034968,25.06838279,,-11.66634177,5.895,0.67344214,0.67527313,0.0,Growing,0.0,24.09,0.297,0.0,0.0,Growing,0.0,
2022-03-26,4.237395481,13.09319066,0.592946887,-11.64096283,5.895,0.592946887,0.662858313,0.0,Growing,0.0,24.09,0.297,-0.080495254,0.0,Mature,0.0,
2022-03-27,0.0,0.0,,-11.52911351,5.895,0.592946887,0.650443496,0.0,Growing,0.0,24.09,0.297,0.0,0.0,Mature,0.0,
2022-03-28,0.634140509,0.01519262,,-11.41726419,5.895,0.592946887,0.638944174,0.0,Growing,0.0,24.09,0.297,0.0,0.0,Mature,0.0,
2022-03-29,1.026624814,0.027145445,,-11.30541487,5.895,0.592946887,0.627444852,0.0,Growing,0.0,24.09,0.297,0.0,0.0,Mature,0.0,
2022-03-30,3.698086199,0.337099868,,-11.19356555,5.895,0.592946887,0.61594553,0.0,Growing,0.0,23.24,0.316,0.0,0.0,Mature,0.0,
2022-03-31,32.43414947,40.30249134,0.494432613,-11.08171622,5.895,0.494432613,0.590372741,0.0,Mature,0.0,23.24,0.316,-0.098514274,0.0,Mature,0.0,
2022-04-01,16.69996467,56.10165055,,-11.09315845,5.895,0.494432613,0.564799951,0.0,Mature,0.0,23.24,0.316,0.0,0.0,Mature,0.0,
2022-04-02,0.902807524,0.354539666,,-11.10460067,5.895,0.494432613,0.550726483,0.0,Mature,0.0,23.24,0.316,0.0,0.0,Mature,0.0,
2022-04-03,49.31107791,66.16834106,,-11.1160429,5.895,0.494432613,0.536653016,0.0,Mature,0.0,23.24,0.316,0.0,0.0,Mature,0.0,
2022-04-04,13.98765791,87.94911345,,-11.12748512,6.043,0.494432613,0.522579548,0.0,Mature,0.0,25.45,0.4,0.0,0.0,Mature,0.0,
2022-04-05,0.0,0.336711388,0.627981137,-11.13892735,6.043,0.627981137,0.527584441,0.0,Mature,0.0,25.45,0.4,0.133548524,0.0,Growing,0.0,
2022-04-06,0.0,0.0,,-11.03132237,6.043,0.627981137,0.532589334,0.0,Mature,0.0,25.45,0.4,0.0,0.0,Growing,0.0,
2022-04-07,0.0,0.0,,-10.92371739,6.043,0.627981137,0.551667695,0.0,Mature,0.0,25.45,0.4,0.0,0.0,Growing,0.0,
2022-04-08,1.307642453,1.286220691,,-10.81611241,6.043,0.627981137,0.570746055,0.0,Mature,0.0,25.45,0.4,0.0,0.0,Growing,0.0,
2022-04-09,16.83845119,19.7052949,,-10.70850744,6.043,0.627981137,0.589824416,0.0,Mature,0.0,25.16,0.383,0.0,0.0,Growing,0.0,
2022-04-10,96.01020164,21.5752939,0.576298606,-10.60090246,6.043,0.576298606,0.601519558,0.0,Growing,0.0,25.16,0.383,-0.051682531,0.0,Mature,0.0,
2022-04-11,4.469352467,0.231154583,,-10.55551091,6.043,0.576298606,0.6132147,0.0,Growing,0.0,25.16,0.383,0.0,0.0,Mature,0.0,
2022-04-12,18.00518196,25.57857377,,-10.51011936,6.043,0.576298606,0.605831481,0.0,Growing,0.0,25.16,0.383,0.0,0.0,Mature,0.0,
2022-04-13,19.23478745,38.43682189,,-10.46472781,6.043,0.576298606,0.598448262,0.0,Mature,0.0,25.16,0.383,0.0,0.0,Mature,0.0,
2022-04-14,6.899748632,112.3017098,,-10.41933626,6.043,0.576298606,0.591065043,0.0,Mature,0.0,25.97,0.422,0.0,0.0,Mature,0.0,
2022-04-15,8.92772491,50.46546993,0.580945531,-10.37394471,6.043,0.580945531,0.584345671,0.0,Mature,0.0,25.97,0.422,0.004646925,0.0,Mature,0.0,
2022-04-16,40.3698491,107.5603641,,-10.30043109,6.043,0.580945531,0.577626299,0.0,Mature,0.0,25.97,0.422,0.0,0.0,Mature,0.0,
2022-04-17,15.19067277,18.03773518,,-10.22691748,6.043,0.580945531,0.578290145,0.0,Mature,0.0,25.97,0.422,0.0,0.0,Mature,0.0,
2022-04-18,19.90450411,17.31229554,,-10.15340386,6.043,0.580945531,0.578953992,0.0,Mature,0.0,25.97,0.422,0.0,0.0,Mature,0.0,
2022-04-19,108.1068357,78.70429824,,-10.07989025,6.043,0.580945531,0.579617838,0.0,Mature,0.0,25.48,0.421,0.0,0.0,Mature,0.0,
2022-04-20,17.12966516,9.785938017,0.589890776,-10.00637663,6.043,0.589890776,0.581559577,0.0,Mature,0.0,25.48,0.421,0.008945244,0.0,Mature,0.0,
2022-04-21,0.461014081,3.406231397,,-10.04077977,6.043,0.589890776,0.583501315,0.0,Mature,0.0,25.48,0.421,0.0,0.0,Mature,0.0,
2022-04-22,7.004059819,2.720712558,,-10.07518291,6.043,0.589890776,0.584779207,0.0,Mature,0.0,25.48,0.421,0.0,0.0,Mature,0.0,
2022-04-23,27.71602055,2.093396903,,-10.10958605,6.043,0.589890776,0.586057099,0.0,Mature,0.0,25.48,0.421,0.0,0.0,Mature,0.0,
2022-04-24,12.16862113,7.943860506,,-10.14398919,6.043,0.589890776,0.587334991,0.0,Mature,0.0,27.71,0.412,0.0,0.0,Mature,0.0,
2022-04-25,112.5163995,132.7902056,0.473024253,-10.17839233,6.043,0.473024253,0.571917666,0.0,Mature,0.0,27.71,0.412,-0.116866523,0.0,Mature,0.0,
2022-04-26,18.16565669,18.09084447,,-10.29802497,6.043,0.473024253,0.556500341,0.0,Mature,0.0,27.71,0.412,0.0,0.0,Mature,0.0,
2022-04-27,20.66226705,28.07986525,,-10.41765761,6.043,0.473024253,0.539805123,0.0,Mature,0.0,27.71,0.412,0.0,0.0,Mature,0.0,
2022-04-28,0.0,0.196053883,,-10.53729025,6.043,0.473024253,0.523109906,0.0,Mature,0.0,27.71,0.412,0.0,0.0,Mature,0.0,
2022-04-29,56.23987438,60.10336467,,-10.65692289,6.043,0.473024253,0.506414688,0.0,Mature,0.0,26.64,0.407,0.0,0.0,Mature,0.0,
2022-04-30,15.00617448,15.48149998,0.438370388,-10.77655553,6.043,0.438370388,0.484768918,0.0,Mature,0.0,26.64,0.407,-0.034653865,0.0,Mature,0.0,
2022-05-01,7.518697042,5.161808849,,-11.15584695,4.23,0.438370388,0.463123149,0.0,Mature,0.0,26.64,0.407,0.0,0.0,Mature,0.0,
2022-05-02,26.87121278,28.02350512,,-11.53513836,4.27,0.438370388,0.458172597,0.0,Mature,0.0,26.64,0.407,0.0,0.0,Mature,0.0,
2022-05-03,30.28895473,24.15621431,,-11.91442978,4.41,0.438370388,0.453222044,0.0,Mature,0.0,26.64,0.407,0.0,0.0,Mature,0.0,
2022-05-04,14.76300322,2.545635309,,-12.29372119,4.43,0.438370388,0.448271492,0.0,Mature,0.0,25.14,0.404,0.0,0.0,Mature,0.0,
2022-05-05,0.622034008,0.0,0.42577602,-12.67301261,4.37,0.42577602,0.441521745,0.0,Mature,0.0,25.14,0.404,-0.012594368,0.0,Mature,0.0,
2022-05-06,12.50878534,0.671860632,,-13.16419918,4.26,0.42577602,0.434771997,0.0,Mature,0.0,25.14,0.404,0.0,0.0,Mature,0.0,
2022-05-07,0.64867144,0.219329429,,-13.65538576,4.13,0.42577602,0.432972802,0.0,Mature,0.0,25.14,0.404,0.0,0.0,Mature,0.0,
2022-05-08,0.15671882,0.022010058,,-14.14657233,3.98,0.42577602,0.431173606,1.0,Mature,2.0,25.14,0.404,0.0,0.0,Mature,0.0,
2022-05-09,10.45651432,7.536642635,,-14.63775891,3.78,0.42577602,0.429374411,1.0,Mature,2.0,26.32,0.375,0.0,0.0,Mature,0.0,
2022-05-10,10.28802077,8.164712641,0.106800741,-15.12894548,3.75,0.106800741,0.382007318,1.0,Mature,2.0,26.32,0.375,-0.318975279,0.0,Post_Harvest,0.0,
2022-05-11,24.22001181,26.70966531,,-15.63559319,4.21,0.106800741,0.334640226,1.0,Mature,2.0,26.32,0.375,0.0,0.0,Post_Harvest,0.0,
2022-05-12,12.51704504,22.27206326,,-16.1422409,5.68,0.106800741,0.289072329,1.0,Post-Harvest,3.0,26.32,0.375,0.0,0.0,Post_Harvest,0.0,
2022-05-13,17.28658313,71.35173666,,-16.64888861,6.92,0.106800741,0.243504432,1.0,Post-Harvest,3.0,26.32,0.375,0.0,0.0,Post_Harvest,0.0,
2022-05-14,48.99992121,74.36872823,,-17.15553632,6.91,0.106800741,0.197936535,1.0,Post-Harvest,3.0,26.49,0.433,0.0,0.0,Growing,0.0,
2022-05-15,86.47844291,134.7373912,0.083482188,-17.66218403,7.3,0.083482188,0.149037416,1.0,Post-Harvest,3.0,26.49,0.433,-0.023318553,1.0,Growing,1.0,
2022-05-16,107.275031,234.6275862,,-17.67690685,7.66,0.083482188,0.100138297,1.0,Post-Harvest,3.0,26.49,0.433,0.0,1.0,Growing,1.0,
2022-05-17,8.219755946,27.41854578,,-17.69162967,8.08,0.083482188,0.096807075,1.0,Post-Harvest,3.0,26.49,0.433,0.0,1.0,Growing,1.0,
2022-05-18,96.78534321,120.7904328,,-17.70635248,7.99,0.083482188,0.093475853,1.0,Post-Harvest,3.0,26.49,0.433,0.0,1.0,Growing,1.0,
2022-05-19,56.71081142,49.49584804,,-17.7210753,8.0,0.083482188,0.090144631,1.0,Post-Harvest,3.0,25.39,0.427,0.0,1.0,Growing,1.0,
2022-05-20,30.2818341,12.04363472,0.121297116,-17.73579812,7.92,0.121297116,0.092215542,1.0,Post-Harvest,3.0,25.39,0.427,0.037814928,1.0,Growing,1.0,
2022-05-21,20.34524323,9.211489563,,-17.71322608,7.81,0.121297116,0.094286453,1.0,Post-Harvest,3.0,25.39,0.427,0.0,1.0,Growing,1.0,
2022-05-22,14.55304732,6.804816641,,-17.69065404,7.67,0.121297116,0.099688585,1.0,Post-Harvest,3.0,25.39,0.427,0.0,1.0,Growing,1.0,
2022-05-23,26.45570704,0.03550113,,-17.668082,7.54,0.121297116,0.105090718,1.0,Post-Harvest,3.0,25.39,0.427,0.0,1.0,Growing,1.0,
2022-05-24,44.69700305,1.001712251,,-17.64550996,7.4,0.121297116,0.110492851,1.0,Post-Harvest,3.0,28.3,0.4,0.0,1.0,Post_Harvest,1.0,
2022-05-25,2.386711986,0.097689469,0.10423083,-17.62293792,7.25,0.10423083,0.113456942,1.0,Post-Harvest,3.0,28.3,0.4,-0.017066285,1.0,Post_Harvest,1.0,
2022-05-26,5.516321247,0.004723443,,-17.55003544,7.13,0.10423083,0.116421034,1.0,Post-Harvest,3.0,28.3,0.4,0.0,1.0,Post_Harvest,1.0,
2022-05-27,17.34164751,0.11314154,,-17.47713296,7.01,0.10423083,0.113982993,0.0,Post-Harvest,0.0,28.3,0.4,0.0,1.0,Post_Harvest,1.0,
2022-05-28,5.600023683,0.161714411,,-17.40423048,6.91,0.10423083,0.111544953,0.0,Post-Harvest,0.0,28.3,0.4,0.0,0.0,Post_Harvest,0.0,
2022-05-29,6.733659983,4.236320971,,-17.331328,6.82,0.10423083,0.109106912,1.0,Post-Harvest,3.0,27.06,0.419,0.0,0.0,Growing,0.0,
2022-05-30,17.3948377,1.189130388,0.097024211,-17.25842551,6.72,0.097024211,0.105639354,1.0,Post-Harvest,3.0,27.06,0.419,-0.00720662,0.0,Growing,0.0,
2022-05-31,34.51241522,28.40856722,,-17.36457653,6.64,0.097024211,0.102171796,1.0,Post-Harvest,3.0,27.06,0.419,0.0,0.0,Growing,0.0,
2022-06-01,27.49512172,22.68082172,,-17.47072755,6.57,0.097024211,0.101142279,1.0,Post-Harvest,3.0,27.06,0.419,0.0,0.0,Growing,0.0,
2022-06-02,98.56174827,59.16524187,,-17.57687856,6.53,0.097024211,0.100112762,1.0,Post-Harvest,3.0,27.06,0.419,0.0,0.0,Growing,0.0,
2022-06-03,107.9828125,103.7500237,,-17.68302958,6.69,0.097024211,0.099083245,1.0,Post-Harvest,3.0,25.23,0.433,0.0,0.0,Growing,0.0,
2022-06-04,75.25742886,24.35708593,0.1122602,-17.7891806,6.97,0.1122602,0.100230298,1.0,Post-Harvest,3.0,25.23,0.433,0.01523599,0.0,Growing,0.0,
2022-06-05,94.88122499,88.55082974,,-17.89666385,7.03,0.1122602,0.10137735,1.0,Post-Harvest,3.0,25.23,0.433,0.0,1.0,Growing,1.0,
2022-06-06,47.87306111,71.11223989,,-18.00414711,7.28,0.1122602,0.10355392,1.0,Post-Harvest,3.0,25.23,0.433,0.0,1.0,Growing,1.0,
2022-06-07,87.69712643,59.74191877,,-18.11163036,7.36,0.1122602,0.10573049,1.0,Post-Harvest,3.0,25.23,0.433,0.0,1.0,Growing,1.0,
2022-06-08,99.21404234,62.85458153,,-18.21911362,7.34,0.1122602,0.10790706,1.0,Post-Harvest,3.0,27.29,0.421,0.0,1.0,Growing,1.0,
2022-06-09,51.22941114,34.47020384,0.101096925,-18.32659687,7.51,0.101096925,0.108488877,1.0,Post-Harvest,3.0,27.29,0.421,-0.011163275,1.0,Growing,1.0,
2022-06-10,36.08979162,30.27290771,,-18.49862676,7.5,0.101096925,0.109070693,1.0,Post-Harvest,3.0,27.29,0.421,0.0,1.0,Growing,1.0,
2022-06-11,120.75174,70.64374248,,-18.67065664,7.35,0.101096925,0.107475939,1.0,Post-Harvest,3.0,27.29,0.421,0.0,1.0,Growing,1.0,
2022-06-12,93.69988247,165.3041679,,-18.84268652,7.56,0.101096925,0.105881186,1.0,Post-Harvest,3.0,27.29,0.421,0.0,1.0,Growing,1.0,
2022-06-13,64.5625091,63.49773916,,-19.01471641,7.9,0.101096925,0.104286432,1.0,Post-Harvest,3.0,26.54,0.434,0.0,1.0,Growing,1.0,
2022-06-14,56.52420973,180.2526221,0.098349157,-19.18674629,7.72,0.098349157,0.10229914,1.0,Post-Harvest,3.0,26.54,0.434,-0.002747767,1.0,Growing,1.0,
2022-06-15,53.66394955,176.813192,,-19.07593741,8.08,0.098349157,0.100311848,1.0,Post-Harvest,3.0,26.54,0.434,0.0,1.0,Growing,1.0,
2022-06-16,283.8070317,318.0161228,,-18.96512852,8.39,0.098349157,0.09991931,1.0,Post-Harvest,3.0,26.54,0.434,0.0,1.0,Growing,1.0,
2022-06-17,291.1736921,140.5175373,,-18.85431964,8.89,0.098349157,0.099526772,1.0,Post-Harvest,3.0,26.54,0.434,0.0,1.0,Growing,1.0,
2022-06-18,81.77239057,80.24875572,,-18.74351076,8.55,0.098349157,0.099134234,1.0,Post-Harvest,3.0,24.79,0.435,0.0,1.0,Growing,1.0,
2022-06-19,26.5017102,22.31086539,0.10121571,-18.63270187,8.33,0.10121571,0.099151203,1.0,Post-Harvest,3.0,24.79,0.435,0.002866553,1.0,Growing,1.0,
2022-06-20,2.540988193,8.509053423,,-18.67485674,8.18,0.10121571,0.099168172,1.0,Post-Harvest,3.0,24.79,0.435,0.0,1.0,Growing,1.0,
2022-06-21,13.66382528,5.922124473,,-18.71701161,8.05,0.10121571,0.09957768,1.0,Post-Harvest,3.0,24.79,0.435,0.0,1.0,Growing,1.0,
2022-06-22,18.01137115,3.017959267,,-18.75916648,7.91,0.10121571,0.099987188,1.0,Post-Harvest,3.0,24.79,0.435,0.0,1.0,Growing,1.0,
2022-06-23,6.916154807,0.25835921,,-18.80132135,7.78,0.10121571,0.100396695,1.0,Post-Harvest,3.0,26.67,0.422,0.0,1.0,Growing,1.0,
2022-06-24,5.806801931,0.150337778,0.117206253,-18.84347621,7.65,0.117206253,0.103090566,1.0,Post-Harvest,3.0,26.67,0.422,0.015990543,1.0,Growing,1.0,
2022-06-25,4.816691227,0.565167163,,-18.84663934,7.55,0.117206253,0.105784437,1.0,Post-Harvest,3.0,26.67,0.422,0.0,1.0,Growing,1.0,
2022-06-26,44.23012539,17.5154625,,-18.84980247,7.55,0.117206253,0.1080688,1.0,Post-Harvest,3.0,26.67,0.422,0.0,1.0,Growing,1.0,
2022-06-27,46.41739492,27.29878348,,-18.85296559,7.42,0.117206253,0.110353163,1.0,Post-Harvest,3.0,26.67,0.422,0.0,1.0,Growing,1.0,
2022-06-28,121.9190711,79.42639062,,-18.85612872,7.54,0.117206253,0.112637527,1.0,Post-Harvest,3.0,26.82,0.431,0.0,1.0,Growing,1.0,
2022-06-29,44.96208244,20.57118127,0.121714002,-18.85929184,7.68,0.121714002,0.115565854,1.0,Post-Harvest,3.0,26.82,0.431,0.004507749,1.0,Growing,1.0,
2022-06-30,86.16324263,30.30571817,,-18.67897572,7.74,0.121714002,0.118494181,1.0,Post-Harvest,3.0,26.82,0.431,0.0,1.0,Growing,1.0,
2022-07-01,10.50114411,2.637455568,,-18.49865961,7.62,0.121714002,0.119138146,1.0,Post-Harvest,3.0,26.82,0.431,0.0,1.0,Growing,1.0,
2022-07-02,10.13007664,4.870855165,,-18.31834349,7.51,0.121714002,0.11978211,1.0,Post-Harvest,3.0,26.82,0.431,0.0,1.0,Growing,1.0,
2022-07-03,11.59447215,6.781991963,,-18.13802737,7.39,0.121714002,0.120426074,1.0,Post-Harvest,3.0,27.9,0.418,0.0,1.0,Growing,1.0,
2022-07-04,33.59970347,0.039943759,0.099034093,-17.95771125,7.32,0.099034093,0.117830051,1.0,Post-Harvest,3.0,27.9,0.418,-0.022679909,1.0,Growing,1.0,
2022-07-05,51.98321441,38.21647723,,-18.11498476,7.21,0.099034093,0.115234028,1.0,Post-Harvest,3.0,27.9,0.418,0.0,1.0,Growing,1.0,
2022-07-06,32.24667077,15.68521083,,-18.27225828,7.17,0.099034093,0.111994041,1.0,Post-Harvest,3.0,27.9,0.418,0.0,1.0,Growing,1.0,
2022-07-07,9.047740003,3.650180758,,-18.4295318,7.08,0.099034093,0.108754054,1.0,Post-Harvest,3.0,27.9,0.418,0.0,1.0,Growing,1.0,
2022-07-08,23.76652844,1.008446814,,-18.58680532,7.02,0.099034093,0.105514067,0.0,Post-Harvest,0.0,28.47,0.413,0.0,1.0,Growing,1.0,
2022-07-09,14.41070763,11.31318943,0.116138067,-18.74407883,6.93,0.116138067,0.104717505,0.0,Post-Harvest,0.0,28.47,0.413,0.017103974,0.0,Growing,0.0,
2022-07-10,50.32489484,76.22798812,,-18.62741006,6.86,0.116138067,0.103920943,0.0,Post-Harvest,0.0,28.47,0.413,0.0,0.0,Growing,0.0,
2022-07-11,7.26575772,1.993083836,,-18.51074129,6.78,0.116138067,0.106364367,0.0,Post-Harvest,0.0,28.47,0.413,0.0,0.0,Growing,0.0,
2022-07-12,10.57487848,7.27398009,,-18.39407252,6.69,0.116138067,0.108807792,0.0,Post-Harvest,0.0,28.47,0.413,0.0,0.0,Growing,0.0,
2022-07-13,8.042683871,0.523551037,,-18.27740375,6.62,0.116138067,0.111251217,0.0,Post-Harvest,0.0,30.15,0.417,0.0,0.0,Growing,0.0,
2022-07-14,66.12405836,0.994735946,0.075985197,-18.16073498,6.55,0.075985197,0.107958518,0.0,Post-Harvest,0.0,30.15,0.417,-0.04015287,0.0,Growing,0.0,
2022-07-15,33.62403592,26.23916548,,-18.0774387,6.48,0.075985197,0.104665818,0.0,Post-Harvest,0.0,30.15,0.417,0.0,0.0,Growing,0.0,
2022-07-16,128.2289897,145.8790782,,-17.99414242,6.43,0.075985197,0.098929694,0.0,Post-Harvest,0.0,30.15,0.417,0.0,0.0,Growing,0.0,
2022-07-17,15.50649243,8.320720906,,-17.91084614,6.42,0.075985197,0.09319357,0.0,Post-Harvest,0.0,30.15,0.417,0.0,0.0,Growing,0.0,
2022-07-18,23.75164425,1.452730375,,-17.82754985,6.47,0.075985197,0.087457445,0.0,Post-Harvest,0.0,28.09,0.428,0.0,0.0,Growing,0.0,
2022-07-19,50.92256144,20.59198113,0.035124715,-17.74425357,6.61,0.035124715,0.075884109,0.0,Post-Harvest,0.0,28.09,0.428,-0.040860482,0.0,Growing,0.0,
2022-07-20,41.50730525,35.95545421,,-17.68033791,6.59,0.035124715,0.064310773,0.0,Post-Harvest,0.0,28.09,0.428,0.0,0.0,Growing,0.0,
2022-07-21,81.47467411,9.364881814,,-17.61642226,6.56,0.035124715,0.058473562,0.0,Post-Harvest,0.0,28.09,0.428,0.0,0.0,Growing,0.0,
2022-07-22,17.3430368,19.20463006,,-17.5525066,6.49,0.035124715,0.05263635,0.0,Post-Harvest,0.0,28.09,0.428,0.0,0.0,Growing,0.0,
2022-07-23,100.0508641,66.02884297,,-17.48859094,6.39,0.035124715,0.046799139,0.0,Post-Harvest,0.0,28.23,0.431,0.0,0.0,Growing,0.0,
2022-07-24,141.084783,118.50252,0.177362406,-17.42467529,6.5,0.177362406,0.061281597,0.0,Post-Harvest,0.0,28.23,0.431,0.142237691,0.0,Growing,0.0,
2022-07-25,33.05482086,30.57709312,,-17.1962866,6.59,0.177362406,0.075764056,0.0,Post-Harvest,0.0,28.23,0.431,0.0,0.0,Growing,0.0,
2022-07-26,24.08890864,16.2987825,,-16.96789791,6.48,0.177362406,0.096083726,0.0,Post-Harvest,0.0,28.23,0.431,0.0,0.0,Growing,0.0,
2022-07-27,1.879915003,0.645945719,,-16.73950922,6.45,0.177362406,0.116403396,0.0,Post-Harvest,0.0,28.23,0.431,0.0,0.0,Growing,0.0,
2022-07-28,16.19167514,13.7932768,,-16.51112053,6.36,0.177362406,0.136723066,0.0,Post-Harvest,0.0,27.93,0.417,0.0,0.0,Growing,0.0,
2022-07-29,9.23588838,8.27393479,0.187456674,-16.28273184,6.28,0.187456674,0.158484774,0.0,Post-Harvest,0.0,27.93,0.417,0.010094267,0.0,Growing,0.0,
2022-07-30,58.28919489,7.233535334,,-16.30574074,6.24,0.187456674,0.180246483,0.0,Post-Harvest,0.0,27.93,0.417,0.0,0.0,Growing,0.0,
2022-07-31,88.83368744,74.18078196,,-16.32874965,6.45,0.187456674,0.181688521,0.0,Post-Harvest,0.0,27.93,0.417,0.0,0.0,Growing,0.0,
2022-08-01,6.30475923,7.918207617,,-16.35175855,6.46,0.187456674,0.183130559,0.0,Post-Harvest,0.0,27.93,0.417,0.0,0.0,Growing,0.0,
2022-08-02,3.488993934,0.532696177,,-16.37476745,6.35,0.187456674,0.184572597,0.0,Post-Harvest,0.0,27.78,0.433,0.0,0.0,Growing,0.0,
2022-08-03,18.45044575,25.35383705,0.221676276,-16.39777635,6.25,0.221676276,0.19090315,0.0,Post-Harvest,0.0,27.78,0.433,0.034219602,0.0,Growing,0.0,
2022-08-04,40.13665186,29.79396267,,-16.10955968,6.18,0.221676276,0.197233703,0.0,Post-Harvest,0.0,27.78,0.433,0.0,0.0,Growing,0.0,
2022-08-05,18.91042791,19.77844287,,-15.82134301,6.09,0.221676276,0.202122218,0.0,Post-Harvest,0.0,27.78,0.433,0.0,0.0,Growing,0.0,
2022-08-06,8.725834752,4.888141031,,-15.53312634,6.07,0.221676276,0.207010732,0.0,Post-Harvest,0.0,27.78,0.433,0.0,0.0,Growing,0.0,
2022-08-07,41.89298974,25.24928725,,-15.24490967,6.02,0.221676276,0.211899247,0.0,Post-Harvest,0.0,29.66,0.415,0.0,0.0,Growing,0.0,
2022-08-08,8.795508329,4.070488385,0.215769167,-14.956693,6.0,0.215769167,0.215943889,0.0,Post-Harvest,0.0,29.66,0.415,-0.005907109,0.0,Growing,0.0,
2022-08-09,0.892406875,0.125018838,,-15.0677135,5.95,0.215769167,0.219988531,0.0,Post-Harvest,0.0,29.66,0.415,0.0,0.0,Growing,0.0,
2022-08-10,8.665386856,1.375970975,,-15.178734,5.87,0.215769167,0.219144658,0.0,Post-Harvest,0.0,29.66,0.415,0.0,0.0,Growing,0.0,
2022-08-11,1.117841161,0.0,,-15.2897545,5.78,0.215769167,0.218300785,0.0,Post-Harvest,0.0,29.66,0.415,0.0,0.0,Growing,0.0,
2022-08-12,2.424908649,3.568365613,,-15.400775,5.67,0.215769167,0.217456913,0.0,Post-Harvest,0.0,28.7,0.368,0.0,0.0,Post_Harvest,0.0,
2022-08-13,10.44922289,7.401050798,0.192022676,-15.51179551,5.59,0.192022676,0.213220684,0.0,Post-Harvest,0.0,28.7,0.368,-0.023746492,0.0,Post_Harvest,0.0,
2022-08-14,13.57239252,23.11444784,,-15.56978841,5.52,0.192022676,0.208984455,0.0,Post-Harvest,0.0,28.7,0.368,0.0,0.0,Post_Harvest,0.0,
2022-08-15,1.936157485,0.0,,-15.62778132,5.43,0.192022676,0.205592099,0.0,Post-Harvest,0.0,28.7,0.368,0.0,0.0,Post_Harvest,0.0,
2022-08-16,12.83670948,0.005893894,,-15.68577423,5.36,0.192022676,0.202199743,0.0,Post-Harvest,0.0,28.7,0.368,0.0,0.0,Post_Harvest,0.0,
2022-08-17,1.576719949,0.00656793,,-15.74376713,5.32,0.192022676,0.198807387,0.0,Post-Harvest,0.0,29.39,0.388,0.0,0.0,Post_Harvest,0.0,
2022-08-18,11.77556881,0.574354624,0.188823619,-15.80176004,5.24,0.188823619,0.194958023,0.0,Post-Harvest,0.0,29.39,0.388,-0.003199056,0.0,Post_Harvest,0.0,
2022-08-19,2.456321532,2.10609656,,-15.77119104,5.16,0.188823619,0.19110866,0.0,Post-Harvest,0.0,29.39,0.388,0.0,0.0,Post_Harvest,0.0,
2022-08-20,4.064449366,0.225936164,,-15.74062205,5.05,0.188823619,0.190651651,0.0,Post-Harvest,0.0,29.39,0.388,0.0,0.0,Post_Harvest,0.0,
2022-08-21,2.364014597,0.219374299,,-15.71005306,4.95,0.188823619,0.190194643,0.0,Post-Harvest,0.0,29.39,0.388,0.0,0.0,Post_Harvest,0.0,
2022-08-22,90.30401483,95.87711155,,-15.67948406,4.86,0.188823619,0.189737635,0.0,Post-Harvest,0.0,29.13,0.408,0.0,0.0,Growing,0.0,
2022-08-23,69.37498122,16.27733898,0.185374845,-15.64891507,4.85,0.185374845,0.188787945,0.0,Post-Harvest,0.0,29.13,0.408,-0.003448774,0.0,Growing,0.0,
2022-08-24,0.905639153,0.0,,-15.7338086,4.9,0.185374845,0.187838255,0.0,Post-Harvest,0.0,29.13,0.408,0.0,0.0,Growing,0.0,
2022-08-25,3.22089797,0.0,,-15.81870213,4.83,0.185374845,0.187345573,0.0,Post-Harvest,0.0,29.13,0.408,0.0,0.0,Growing,0.0,
2022-08-26,29.10056382,29.26558515,,-15.90359566,4.74,0.185374845,0.186852891,0.0,Post-Harvest,0.0,29.13,0.408,0.0,0.0,Growing,0.0,
2022-08-27,43.61737035,28.15264376,,-15.98848918,4.71,0.185374845,0.186360209,0.0,Post-Harvest,0.0,26.6,0.428,0.0,0.0,Growing,0.0,
2022-08-28,3.517859053,1.228268302,0.176614113,-16.07338271,5.06,0.176614113,0.184615994,0.0,Post-Harvest,0.0,26.6,0.428,-0.008760732,0.0,Growing,0.0,
2022-08-29,6.651886407,0.008980965,,-15.96465561,5.09,0.176614113,0.182871779,0.0,Post-Harvest,0.0,26.6,0.428,0.0,0.0,Growing,0.0,
2022-08-30,46.11815588,11.70881501,,-15.8559285,5.09,0.176614113,0.181620246,0.0,Post-Harvest,0.0,26.6,0.428,0.0,0.0,Growing,0.0,
2022-08-31,100.6470855,8.39566255,,-15.7472014,5.08,0.176614113,0.180368713,0.0,Post-Harvest,0.0,26.6,0.428,0.0,0.0,Growing,0.0,
2022-09-01,31.41619558,6.192886666,,-15.63847429,5.12,0.176614113,0.17911718,0.0,Post-Harvest,0.0,27.01,0.431,0.0,0.0,Growing,0.0,
2022-09-02,34.4274463,66.43732456,0.217042713,-15.52974719,5.2,0.217042713,0.183641161,0.0,Post-Harvest,0.0,27.01,0.431,0.040428599,0.0,Growing,0.0,
2022-09-03,131.6189541,92.85466034,,-15.57114951,5.4,0.217042713,0.188165142,0.0,Post-Harvest,0.0,27.01,0.431,0.0,0.0,Growing,0.0,
2022-09-04,7.93498674,9.975409646,,-15.61255184,5.76,0.217042713,0.193940656,0.0,Post-Harvest,0.0,27.01,0.431,0.0,0.0,Growing,0.0,
2022-09-05,26.92050497,12.91561093,,-15.65395416,5.84,0.217042713,0.19971617,0.0,Post-Harvest,0.0,27.01,0.431,0.0,0.0,Growing,0.0,
2022-09-06,14.91090259,0.581919191,,-15.69535649,5.84,0.217042713,0.205491684,0.0,Post-Harvest,0.0,26.75,0.426,0.0,0.0,Growing,0.0,
2022-09-07,14.71701788,5.04747066,0.218646835,-15.73675881,5.83,0.218646835,0.211496359,0.0,Post-Harvest,0.0,26.75,0.426,0.001604122,0.0,Growing,0.0,
2022-09-08,16.28144425,15.2009371,,-15.7535843,5.76,0.218646835,0.217501033,0.0,Post-Harvest,0.0,26.75,0.426,0.0,0.0,Growing,0.0,
2022-09-09,12.46966092,4.301388426,,-15.77040978,5.69,0.218646835,0.217730194,0.0,Post-Harvest,0.0,26.75,0.426,0.0,0.0,Growing,0.0,
2022-09-10,121.2280574,44.1676069,,-15.78723527,5.59,0.218646835,0.217959354,0.0,Post-Harvest,0.0,26.75,0.426,0.0,0.0,Growing,0.0,
2022-09-11,32.3773878,9.703260918,,-15.80406075,5.57,0.218646835,0.218188514,0.0,Post-Harvest,0.0,26.59,0.43,0.0,0.0,Growing,0.0,
2022-09-12,11.82115254,0.858171014,0.303501711,-15.82088624,5.57,0.303501711,0.2305398,0.0,Post-Harvest,0.0,26.59,0.43,0.084854876,0.0,Mature,0.0,
2022-09-13,25.98779441,13.06720769,,-15.79158018,5.54,0.303501711,0.242891085,0.0,Post-Harvest,0.0,26.59,0.43,0.0,0.0,Mature,0.0,
2022-09-14,42.33122477,21.49343041,,-15.76227413,5.6,0.303501711,0.25501321,0.0,Post-Harvest,0.0,26.59,0.43,0.0,0.0,Mature,0.0,
2022-09-15,55.28631183,57.71608292,,-15.73296808,5.77,0.303501711,0.267135335,0.0,Post-Harvest,0.0,26.59,0.43,0.0,0.0,Mature,0.0,
2022-09-16,11.55965305,0.298047735,,-15.70366202,5.91,0.303501711,0.279257461,0.0,Post-Harvest,0.0,25.32,0.429,0.0,0.0,Mature,0.0,
2022-09-17,3.452820533,1.526640458,0.303509442,-15.67435597,5.87,0.303509442,0.29138069,0.0,Post-Harvest,0.0,25.32,0.429,7.73e-06,0.0,Mature,0.0,
2022-09-18,14.83093229,4.71916266,,-15.68860431,5.79,0.303509442,0.30350392,0.0,Mature,0.0,25.32,0.429,0.0,0.0,Mature,0.0,
2022-09-19,22.22159846,43.49718044,,-15.70285266,5.75,0.303509442,0.303505024,0.0,Mature,0.0,25.32,0.429,0.0,0.0,Mature,0.0,
2022-09-20,3.410005377,7.400826321,,-15.71710101,5.83,0.303509442,0.303506129,0.0,Mature,0.0,25.32,0.429,0.0,0.0,Mature,0.0,
2022-09-21,64.33088824,3.133544147,,-15.73134936,5.73,0.303509442,0.303507233,0.0,Mature,0.0,27.48,0.424,0.0,0.0,Mature,0.0,
2022-09-22,27.48842055,6.882762317,0.338266966,-15.7455977,5.69,0.338266966,0.308473698,0.0,Mature,0.0,27.48,0.424,0.034757524,0.0,Mature,0.0,
2022-09-23,25.69912181,7.361578733,,-15.72391705,5.62,0.338266966,0.313440163,0.0,Mature,0.0,27.48,0.424,0.0,0.0,Mature,0.0,
2022-09-24,8.137887203,4.514802653,,-15.7022364,5.57,0.338266966,0.318405524,0.0,Mature,0.0,27.48,0.424,0.0,0.0,Mature,0.0,
2022-09-25,6.274812484,7.990185661,,-15.68055574,5.46,0.338266966,0.323370884,0.0,Mature,0.0,27.48,0.424,0.0,0.0,Mature,0.0,
2022-09-26,10.63951979,16.15032747,,-15.65887509,5.36,0.338266966,0.328336245,0.0,Mature,0.0,27.62,0.418,0.0,0.0,Mature,0.0,
2022-09-27,9.269766001,5.573868571,0.349880247,-15.63719444,5.25,0.349880247,0.334960646,0.0,Mature,0.0,27.62,0.418,0.011613281,0.0,Mature,0.0,
2022-09-28,4.055399888,1.926388277,,-15.6522293,5.17,0.349880247,0.341585046,0.0,Mature,0.0,27.62,0.418,0.0,0.0,Mature,0.0,
2022-09-29,3.520902839,0.14471755,,-15.66726415,5.08,0.349880247,0.343244087,0.0,Mature,0.0,27.62,0.418,0.0,0.0,Mature,0.0,
2022-09-30,0.819648684,0.639464838,,-15.68229901,4.98,0.349880247,0.344903127,0.0,Mature,0.0,27.62,0.418,0.0,0.0,Mature,0.0,
2022-10-01,60.9112642,48.77671527,,-15.69733387,4.88,0.349880247,0.346562167,0.0,Mature,0.0,29.1,0.395,0.0,0.0,Mature,0.0,
2022-10-02,103.9821053,99.20206804,0.34777866,-15.71236872,4.82,0.34777866,0.34792098,0.0,Mature,0.0,29.1,0.395,-0.002101588,0.0,Mature,0.0,
2022-10-03,5.72824911,11.10381507,,-15.7003491,4.85,0.34777866,0.349279793,0.0,Mature,0.0,29.1,0.395,0.0,0.0,Mature,0.0,
2022-10-04,70.33557936,28.669347,,-15.68832948,4.94,0.34777866,0.348979567,0.0,Mature,0.0,29.1,0.395,0.0,0.0,Mature,0.0,
2022-10-05,5.883411395,0.122040461,,-15.67630985,4.98,0.34777866,0.34867934,0.0,Mature,0.0,29.1,0.395,0.0,0.0,Mature,0.0,
2022-10-06,2.20314414,0.748416155,,-15.66429023,5.02,0.34777866,0.348379113,0.0,Mature,0.0,27.2,0.416,0.0,0.0,Mature,0.0,
2022-10-07,9.781092773,4.638359872,0.365069177,-15.6522706,5.0,0.365069177,0.35054896,0.0,Mature,0.0,27.2,0.416,0.017290517,0.0,Mature,0.0,
2022-10-08,19.13817379,18.5030379,,-15.73614312,4.96,0.365069177,0.352718807,0.0,Mature,0.0,27.2,0.416,0.0,0.0,Mature,0.0,
2022-10-09,20.03753602,7.902076977,,-15.82001563,4.99,0.365069177,0.355188881,0.0,Mature,0.0,27.2,0.416,0.0,0.0,Mature,0.0,
2022-10-10,41.2268027,40.33676244,,-15.90388814,4.99,0.365069177,0.357658955,0.0,Mature,0.0,27.2,0.416,0.0,0.0,Mature,0.0,
2022-10-11,32.75167057,57.77583928,,-15.98776066,5.38,0.365069177,0.360129029,0.0,Mature,0.0,25.8,0.433,0.0,0.0,Mature,0.0,
2022-10-12,21.45151368,19.10426059,0.373930273,-16.07163317,5.57,0.373930273,0.363864974,0.0,Mature,0.0,25.8,0.433,0.008861097,0.0,Mature,0.0,
2022-10-13,6.908457163,0.040926315,,-15.97117505,5.59,0.373930273,0.367600918,0.0,Mature,0.0,25.8,0.433,0.0,0.0,Mature,0.0,
2022-10-14,2.575171281,0.0,,-15.87071694,5.53,0.373930273,0.368866789,0.0,Mature,0.0,25.8,0.433,0.0,0.0,Mature,0.0,
2022-10-15,6.23740744,0.0,,-15.77025882,5.42,0.373930273,0.37013266,0.0,Mature,0.0,25.8,0.433,0.0,0.0,Mature,0.0,
2022-10-16,11.35427472,0.0,,-15.6698007,5.31,0.373930273,0.371398531,0.0,Mature,0.0,26.68,0.373,0.0,0.0,Mature,0.0,
2022-10-17,5.784840687,0.002756884,0.36386354,-15.56934259,5.17,0.36386354,0.371226297,0.0,Mature,0.0,26.68,0.373,-0.010066734,0.0,Mature,0.0,
2022-10-18,3.971085054,0.0,,-15.52482725,5.04,0.36386354,0.371054064,0.0,Mature,0.0,26.68,0.373,0.0,0.0,Mature,0.0,
2022-10-19,0.041435934,0.0,,-15.48031191,4.92,0.36386354,0.369615959,0.0,Mature,0.0,26.68,0.373,0.0,0.0,Mature,0.0,
2022-10-20,0.0,0.0,,-15.43579657,4.77,0.36386354,0.368177854,0.0,Mature,0.0,26.68,0.373,0.0,0.0,Mature,0.0,
2022-10-21,0.040410349,0.0,,-15.39128123,4.65,0.36386354,0.366739749,0.0,Mature,0.0,26.06,0.337,0.0,0.0,Mature,0.0,
2022-10-22,0.121962904,0.0,0.369793006,-15.34676589,4.54,0.369793006,0.366148711,0.0,Mature,0.0,26.06,0.337,0.005929467,0.0,Mature,0.0,
2022-10-23,37.8417561,25.10857786,,-15.31071601,4.45,0.369793006,0.365557673,0.0,Mature,0.0,26.06,0.337,0.0,0.0,Mature,0.0,
2022-10-24,205.0188562,161.1545012,,-15.27466613,4.38,0.369793006,0.36640474,0.0,Mature,0.0,26.06,0.337,0.0,0.0,Mature,0.0,
2022-10-25,12.751261,2.518400898,,-15.23861625,4.92,0.369793006,0.367251806,0.0,Mature,0.0,26.06,0.337,0.0,0.0,Mature,0.0,
2022-10-26,0.0,0.0,,-15.20256637,5.01,0.369793006,0.368098873,0.0,Mature,0.0,22.62,0.407,0.0,0.0,Mature,0.0,
2022-10-27,0.0,0.0,0.329671357,-15.16651648,4.93,0.329671357,0.363214275,0.0,Mature,0.0,22.62,0.407,-0.040121649,0.0,Mature,0.0,
2022-10-28,0.0,0.0,,-14.99423409,4.83,0.329671357,0.358329678,0.0,Mature,0.0,22.62,0.407,0.0,0.0,Mature,0.0,
2022-10-29,0.0,0.0,,-14.82195169,4.73,0.329671357,0.352598014,0.0,Mature,0.0,22.62,0.407,0.0,0.0,Mature,0.0,
2022-10-30,2.042146626,0.0,,-14.64966929,4.63,0.329671357,0.34686635,0.0,Mature,0.0,22.62,0.407,0.0,0.0,Mature,0.0,
2022-10-31,0.0,0.0,,-14.47738689,4.53,0.329671357,0.341134685,0.0,Mature,0.0,25.82,0.343,0.0,0.0,Mature,0.0,
2022-11-01,0.00025826,0.0,0.308291328,-14.30510449,4.53,0.308291328,0.332348731,0.0,Mature,0.0,25.82,0.343,-0.021380029,0.0,Mature,0.0,
2022-11-02,0.195216476,0.0,,-14.3352115,4.53,0.308291328,0.323562777,0.0,Mature,0.0,25.82,0.343,0.0,0.0,Mature,0.0,
2022-11-03,0.0,0.0,,-14.36531852,4.53,0.308291328,0.320508487,0.0,Mature,0.0,25.82,0.343,0.0,0.0,Mature,0.0,
2022-11-04,0.0,0.0,,-14.39542553,4.53,0.308291328,0.317454198,0.0,Mature,0.0,25.82,0.343,0.0,0.0,Mature,0.0,
2022-11-05,0.0,0.006560846,,-14.42553254,4.53,0.308291328,0.314399908,0.0,Mature,0.0,24.94,0.31,0.0,0.0,Mature,0.0,
2022-11-06,0.0,0.0,0.307193698,-14.45563955,6.282,0.307193698,0.311188813,0.0,Mature,0.0,24.94,0.31,-0.00109763,0.0,Mature,0.0,
2022-11-07,0.0,0.003705316,,-14.35545444,6.282,0.307193698,0.307977719,0.0,Mature,0.0,24.94,0.31,0.0,0.0,Mature,0.0,
2022-11-08,0.0,1.11e-06,,-14.25526933,6.282,0.307193698,0.307820915,0.0,Mature,0.0,24.94,0.31,0.0,0.0,Mature,0.0,
2022-11-09,0.0,0.0,,-14.15508421,6.282,0.307193698,0.307664111,0.0,Mature,0.0,24.94,0.31,0.0,0.0,Mature,0.0,
2022-11-10,0.0,0.0,,-14.0548991,6.282,0.307193698,0.307507306,0.0,Mature,0.0,22.44,0.272,0.0,0.0,Mature,0.0,
2022-11-11,0.0,0.0,0.318586137,-13.95471399,6.282,0.318586137,0.308977993,0.0,Mature,0.0,22.44,0.272,0.01139244,0.0,Mature,0.0,
2022-11-12,0.0,0.0,,-13.88513494,6.282,0.318586137,0.31044868,0.0,Mature,0.0,22.44,0.272,0.0,0.0,Mature,0.0,
2022-11-13,0.019512561,0.0,,-13.8155559,6.282,0.318586137,0.312076172,0.0,Mature,0.0,22.44,0.272,0.0,0.0,Mature,0.0,
2022-11-14,0.0,0.0,,-13.74597685,6.282,0.318586137,0.313703663,0.0,Mature,0.0,22.44,0.272,0.0,0.0,Mature,0.0,
2022-11-15,0.0,0.0,,-13.6763978,6.282,0.318586137,0.315331154,0.0,Mature,0.0,21.97,0.241,0.0,0.0,Mature,0.0,
2022-11-16,0.242617881,0.0,0.3652658,-13.60681876,6.282,0.3652658,0.323627169,0.0,Mature,0.0,21.97,0.241,0.046679663,0.0,Mature,0.0,
2022-11-17,0.0,0.0,,-13.58746252,6.282,0.3652658,0.331923184,0.0,Mature,0.0,21.97,0.241,0.0,0.0,Mature,0.0,
2022-11-18,0.0,0.0,,-13.56810628,6.282,0.3652658,0.338591707,0.0,Mature,0.0,21.97,0.241,0.0,0.0,Mature,0.0,
2022-11-19,0.0,0.0,,-13.54875003,6.282,0.3652658,0.34526023,0.0,Mature,0.0,21.97,0.241,0.0,0.0,Mature,0.0,
2022-11-20,0.0,0.0,,-13.52939379,6.282,0.3652658,0.351928753,0.0,Mature,0.0,22.54,0.216,0.0,0.0,Mature,0.0,
2022-11-21,0.0,0.0,0.377209615,-13.51003755,6.282,0.377209615,0.360303536,0.0,Mature,0.0,22.54,0.216,0.011943815,0.0,Mature,0.0,
2022-11-22,0.0,0.0,,-13.38808267,6.282,0.377209615,0.368678318,0.0,Mature,0.0,22.54,0.216,0.0,0.0,Mature,0.0,
2022-11-23,0.0,0.0,,-13.26612778,6.282,0.377209615,0.370384578,0.0,Mature,0.0,22.54,0.216,0.0,0.0,Mature,0.0,
2022-11-24,0.0,0.0,,-13.1441729,6.282,0.377209615,0.372090837,0.0,Mature,0.0,22.54,0.216,0.0,0.0,Mature,0.0,
2022-11-25,0.0,0.0,,-13.02221802,6.282,0.377209615,0.373797096,0.0,Mature,0.0,21.76,0.197,0.0,0.0,Mature,0.0,
2022-11-26,0.0,0.0,0.374648907,-12.90026313,6.282,0.374648907,0.37513754,0.0,Mature,0.0,21.76,0.197,-0.002560708,0.0,Mature,0.0,
2022-11-27,0.0,0.0,,-12.9317943,6.282,0.374648907,0.376477984,0.0,Mature,0.0,21.76,0.197,0.0,0.0,Mature,0.0,
2022-11-28,0.0,0.0,,-12.96332547,6.282,0.374648907,0.376112169,0.0,Mature,0.0,21.76,0.197,0.0,0.0,Mature,0.0,
2022-11-29,0.0,0.0,,-12.99485663,6.282,0.374648907,0.375746353,0.0,Mature,0.0,21.76,0.197,0.0,0.0,Mature,0.0,
2022-11-30,0.0,0.0,,-13.0263878,6.282,0.374648907,0.375380538,0.0,Mature,0.0,23.69,0.187,0.0,0.0,Mature,0.0,
2022-12-01,0.0,0.0,0.365767101,-13.05791897,6.282,0.365767101,0.373745893,0.0,Mature,0.0,23.69,0.187,-0.008881806,0.0,Mature,0.0,
2022-12-02,0.0,0.0,,-12.99227841,6.282,0.365767101,0.372111248,0.0,Mature,0.0,23.69,0.187,0.0,0.0,Mature,0.0,
2022-12-03,0.0,0.0,,-12.92663786,6.033,0.365767101,0.370842419,0.0,Mature,0.0,23.69,0.187,0.0,0.0,Mature,0.0,
2022-12-04,0.0,0.0,,-12.8609973,6.033,0.365767101,0.369573589,0.0,Mature,0.0,23.69,0.187,0.0,0.0,Mature,0.0,
2022-12-05,0.0,0.0,,-12.79535675,6.033,0.365767101,0.36830476,0.0,Mature,0.0,21.28,0.177,0.0,0.0,Mature,0.0,
2022-12-06,0.0,0.0,0.343990922,-12.7297162,6.033,0.343990922,0.363925048,0.0,Mature,0.0,21.28,0.177,-0.02177618,0.0,Mature,0.0,
2022-12-07,0.0,0.0,,-12.74499201,6.033,0.343990922,0.359545336,0.0,Mature,0.0,21.28,0.177,0.0,0.0,Mature,0.0,
2022-12-08,0.0,0.0,,-12.76026782,6.033,0.343990922,0.356434453,0.0,Mature,0.0,21.28,0.177,0.0,0.0,Mature,0.0,
2022-12-09,0.0,0.0,,-12.77554363,6.033,0.343990922,0.35332357,0.0,Mature,0.0,21.28,0.177,0.0,0.0,Mature,0.0,
2022-12-10,0.0,0.0,,-12.79081945,6.033,0.343990922,0.350212687,0.0,Mature,0.0,20.24,0.17,0.0,0.0,Mature,0.0,
2022-12-11,0.0,0.0,0.348134673,-12.80609526,6.033,0.348134673,0.347693769,0.0,Mature,0.0,20.24,0.17,0.004143751,0.0,Mature,0.0,
2022-12-12,0.0,0.0,,-12.79005999,6.033,0.348134673,0.345174851,0.0,Mature,0.0,20.24,0.17,0.0,0.0,Mature,0.0,
2022-12-13,0.0,0.0,,-12.77402472,6.033,0.348134673,0.345766815,0.0,Mature,0.0,20.24,0.17,0.0,0.0,Mature,0.0,
2022-12-14,0.0,0.0,,-12.75798946,6.033,0.348134673,0.346358779,0.0,Mature,0.0,20.24,0.17,0.0,0.0,Mature,0.0,
2022-12-15,0.0,0.0,,-12.74195419,6.033,0.348134673,0.346950744,0.0,Mature,0.0,19.68,0.175,0.0,0.0,Mature,0.0,
2022-12-16,0.0,0.0,0.35393729,-12.72591892,6.033,0.35393729,0.348371654,0.0,Mature,0.0,19.68,0.175,0.005802617,0.0,Mature,0.0,
2022-12-17,0.0,0.0,,-12.65081444,6.033,0.35393729,0.349792563,0.0,Mature,0.0,19.68,0.175,0.0,0.0,Mature,0.0,
2022-12-18,0.0,0.0,,-12.57570997,6.033,0.35393729,0.350621509,0.0,Mature,0.0,19.68,0.175,0.0,0.0,Mature,0.0,
2022-12-19,0.012452171,0.0,,-12.50060549,6.033,0.35393729,0.351450454,0.0,Mature,0.0,19.68,0.175,0.0,0.0,Mature,0.0,
2022-12-20,0.0,0.0,,-12.42550102,6.033,0.35393729,0.352279399,0.0,Mature,0.0,19.79,0.173,0.0,0.0,Mature,0.0,
2022-12-21,0.0,0.0,0.331613432,-12.35039654,6.033,0.331613432,0.349919222,0.0,Mature,0.0,19.79,0.173,-0.022323858,0.0,Mature,0.0,
2022-12-22,0.0,0.0,,-12.33603933,6.033,0.331613432,0.347559045,0.0,Mature,0.0,19.79,0.173,0.0,0.0,Mature,0.0,
2022-12-23,0.0,0.0,,-12.32168211,6.033,0.331613432,0.344369922,0.0,Mature,0.0,19.79,0.173,0.0,0.0,Mature,0.0,
2022-12-24,0.0,0.0,,-12.3073249,6.033,0.331613432,0.341180799,0.0,Mature,0.0,19.79,0.173,0.0,0.0,Mature,0.0,
2022-12-25,0.007049172,0.0,,-12.29296769,6.033,0.331613432,0.337991677,0.0,Mature,0.0,19.35,0.17,0.0,0.0,Mature,0.0,
2022-12-26,2.311767146,4.146349722,0.35507746,-12.27861048,6.033,0.35507746,0.338154558,0.0,Mature,0.0,19.35,0.17,0.023464028,0.0,Mature,0.0,
2022-12-27,0.0,0.0,,-12.18373532,6.033,0.35507746,0.33831744,0.0,Mature,0.0,19.35,0.17,0.0,0.0,Mature,0.0,
2022-12-28,0.0,0.0,,-12.08886017,6.033,0.35507746,0.341669444,0.0,Mature,0.0,19.35,0.17,0.0,0.0,Mature,0.0,
2022-12-29,0.00434648,0.0,,-11.99398501,6.033,0.35507746,0.345021448,0.0,Mature,0.0,19.35,0.17,0.0,0.0,Mature,0.0,
2022-12-30,7.09e-08,0.0,,-11.89910986,6.962,0.35507746,0.348373452,0.0,Mature,0.0,17.07,0.19,0.0,0.0,Mature,0.0,
2022-12-31,0.000230811,0.0,0.357629316,-11.8042347,6.962,0.357629316,0.352090006,0.0,Mature,0.0,17.07,0.19,0.002551856,0.0,Mature,0.0,
2023-01-01,0.0,0.0,,-11.80594206,6.962,0.357629316,0.355806561,0.0,Mature,0.0,17.07,0.19,0.0,0.0,Mature,0.0,
2023-01-02,0.0,0.0,,-11.80764942,6.962,0.357629316,0.356171112,0.0,Mature,0.0,17.07,0.19,0.0,0.0,Mature,0.0,
2023-01-03,0.0,0.0,,-11.80935678,6.962,0.357629316,0.356535663,0.0,Mature,0.0,17.07,0.19,0.0,0.0,Mature,0.0,
2023-01-04,0.0,0.0,,-11.81106413,6.962,0.357629316,0.356900214,0.0,Mature,0.0,16.74,0.178,0.0,0.0,Mature,0.0,
2023-01-05,0.0,0.0,0.36794632,-11.81277149,6.962,0.36794632,0.358738622,0.0,Mature,0.0,16.74,0.178,0.010317004,0.0,Mature,0.0,
2023-01-06,0.0,0.0,,-11.7581505,6.962,0.36794632,0.360577031,0.0,Mature,0.0,16.74,0.178,0.0,0.0,Mature,0.0,
2023-01-07,0.0,0.0,,-11.7035295,6.962,0.36794632,0.362050889,0.0,Mature,0.0,16.74,0.178,0.0,0.0,Mature,0.0,
2023-01-08,0.0,0.0,,-11.6489085,6.962,0.36794632,0.363524746,0.0,Mature,0.0,16.74,0.178,0.0,0.0,Mature,0.0,
2023-01-09,0.0,0.0,,-11.59428751,6.962,0.36794632,0.364998604,0.0,Mature,0.0,18.99,0.169,0.0,0.0,Mature,0.0,
2023-01-10,0.0,0.0,0.374967671,-11.53966651,6.962,0.374967671,0.367475512,0.0,Mature,0.0,18.99,0.169,0.007021351,0.0,Mature,0.0,
2023-01-11,0.0,0.0,,-11.46433045,6.962,0.374967671,0.36995242,0.0,Mature,0.0,18.99,0.169,0.0,0.0,Mature,0.0,
2023-01-12,0.0,0.0,,-11.38899439,6.962,0.374967671,0.37095547,0.0,Mature,0.0,18.99,0.169,0.0,0.0,Mature,0.0,
2023-01-13,0.0,0.0,,-11.31365833,6.962,0.374967671,0.37195852,0.0,Mature,0.0,18.99,0.169,0.0,0.0,Mature,0.0,
2023-01-14,0.0,0.0,,-11.23832227,6.962,0.374967671,0.372961571,0.0,Mature,0.0,18.39,0.165,0.0,0.0,Mature,0.0,
2023-01-15,0.0,0.0,0.420159237,-11.1629862,6.962,0.420159237,0.380420559,0.0,Mature,0.0,18.39,0.165,0.045191566,0.0,Mature,0.0,
2023-01-16,0.0,0.0,,-11.1328133,6.962,0.420159237,0.387879547,0.0,Mature,0.0,18.39,0.165,0.0,0.0,Mature,0.0,
2023-01-17,0.0,0.0,,-11.1026404,6.962,0.420159237,0.394335485,0.0,Mature,0.0,18.39,0.165,0.0,0.0,Mature,0.0,
2023-01-18,0.0,0.0,,-11.0724675,6.962,0.420159237,0.400791423,0.0,Mature,0.0,18.39,0.165,0.0,0.0,Mature,0.0,
2023-01-19,0.0,0.0,,-11.0422946,6.962,0.420159237,0.407247361,0.0,Mature,0.0,15.69,0.164,0.0,0.0,Mature,0.0,
2023-01-20,0.0,0.0,0.420915783,-11.0121217,6.962,0.420915783,0.413811377,0.0,Mature,0.0,15.69,0.164,0.000756546,0.0,Mature,0.0,
2023-01-21,0.0,0.0,,-10.95275222,6.962,0.420915783,0.420375393,0.0,Mature,0.0,15.69,0.164,0.0,0.0,Mature,0.0,
2023-01-22,0.0,0.0,,-10.89338275,6.962,0.420915783,0.420483471,0.0,Mature,0.0,15.69,0.164,0.0,0.0,Mature,0.0,
2023-01-23,0.0,0.0,,-10.83401327,6.962,0.420915783,0.420591549,0.0,Mature,0.0,15.69,0.164,0.0,0.0,Mature,0.0,
2023-01-24,0.0,0.0,,-10.77464379,6.962,0.420915783,0.420699627,0.0,Mature,0.0,18.76,0.161,0.0,0.0,Mature,0.0,
2023-01-25,0.0,0.0,0.466096361,-10.71527431,6.962,0.466096361,0.427262073,0.0,Mature,0.0,18.76,0.161,0.045180579,0.0,Mature,0.0,
2023-01-26,0.0,0.0,,-10.72039714,6.057,0.466096361,0.433824519,0.0,Mature,0.0,18.76,0.161,0.0,0.0,Mature,0.0,
2023-01-27,0.0,0.0,,-10.72551997,6.057,0.466096361,0.440278888,0.0,Mature,0.0,18.76,0.161,0.0,0.0,Mature,0.0,
2023-01-28,0.0,0.0,,-10.7306428,6.057,0.466096361,0.446733256,0.0,Mature,0.0,18.76,0.161,0.0,0.0,Mature,0.0,
2023-01-29,0.0,0.0,,-10.73576563,6.057,0.466096361,0.453187625,0.0,Mature,0.0,19.78,0.158,0.0,0.0,Mature,0.0,
2023-01-30,0.0,0.0,0.552846754,-10.74088846,6.057,0.552846754,0.472034906,0.0,Mature,0.0,19.78,0.158,0.086750392,0.0,Mature,0.0,
2023-01-31,0.003268609,0.0,,-10.72134145,6.057,0.552846754,0.490882188,0.0,Mature,0.0,19.78,0.158,0.0,0.0,Mature,0.0,
2023-02-01,0.0,0.0,,-10.70179443,6.057,0.552846754,0.503275101,0.0,Mature,0.0,19.78,0.158,0.0,0.0,Mature,0.0,
2023-02-02,0.0,0.0,,-10.68224741,6.057,0.552846754,0.515668014,0.0,Mature,0.0,19.78,0.158,0.0,0.0,Mature,0.0,
2023-02-03,0.0,0.0,,-10.66270039,6.057,0.552846754,0.528060927,0.0,Mature,0.0,19.47,0.157,0.0,0.0,Mature,0.0,
2023-02-04,0.0,0.0,0.561296622,-10.64315338,6.057,0.561296622,0.541660965,0.0,Mature,0.0,19.47,0.157,0.008449869,0.0,Mature,0.0,
2023-02-05,0.0,0.0,,-10.69214202,6.057,0.561296622,0.555261002,0.0,Mature,0.0,19.47,0.157,0.0,0.0,Mature,0.0,
2023-02-06,0.0,0.0,,-10.74113066,6.057,0.561296622,0.556468126,0.0,Mature,0.0,19.47,0.157,0.0,0.0,Mature,0.0,
2023-02-07,0.0,0.0,,-10.79011931,6.057,0.561296622,0.55767525,0.0,Mature,0.0,19.47,0.157,0.0,0.0,Mature,0.0,
2023-02-08,0.0,0.0,,-10.83910795,6.057,0.561296622,0.558882374,0.0,Mature,0.0,20.23,0.161,0.0,0.0,Mature,0.0,
2023-02-09,0.0,0.0,0.643261765,-10.8880966,6.057,0.643261765,0.571798804,0.0,Mature,0.0,20.23,0.161,0.081965142,0.0,Growing,0.0,
2023-02-10,0.0,0.0,,-10.88475647,6.057,0.643261765,0.584715235,0.0,Mature,0.0,20.23,0.161,0.0,0.0,Growing,0.0,
2023-02-11,0.0,0.0,,-10.88141634,6.057,0.643261765,0.596424541,0.0,Mature,0.0,20.23,0.161,0.0,0.0,Growing,0.0,
2023-02-12,0.0,0.0,,-10.87807621,6.057,0.643261765,0.608133847,0.0,Growing,0.0,20.23,0.161,0.0,0.0,Growing,0.0,
2023-02-13,0.0,0.0,,-10.87473608,6.057,0.643261765,0.619843153,0.0,Growing,0.0,18.34,0.163,0.0,0.0,Growing,0.0,
2023-02-14,0.0,0.0,0.652475059,-10.87139595,6.057,0.652475059,0.632868644,0.0,Growing,0.0,18.34,0.163,0.009213294,0.0,Growing,0.0,
2023-02-15,0.0,0.0,,-10.95970062,6.057,0.652475059,0.645894134,0.0,Growing,0.0,18.34,0.163,0.0,0.0,Growing,0.0,
2023-02-16,0.0,0.0,,-11.0480053,6.057,0.652475059,0.647210319,0.0,Growing,0.0,18.34,0.163,0.0,0.0,Growing,0.0,
2023-02-17,0.0,1.245714947,,-11.13630998,6.057,0.652475059,0.648526504,0.0,Growing,0.0,18.34,0.163,0.0,0.0,Growing,0.0,
2023-02-18,0.0,0.003216911,,-11.22461465,6.057,0.652475059,0.649842689,0.0,Growing,0.0,21.69,0.159,0.0,0.0,Growing,0.0,
2023-02-19,0.0,0.0,0.673949796,-11.31291933,6.057,0.673949796,0.654226693,0.0,Growing,0.0,21.69,0.159,0.021474737,0.0,Growing,0.0,
2023-02-20,0.0,0.0,,-11.38580506,6.057,0.673949796,0.658610698,0.0,Growing,0.0,21.69,0.159,0.0,0.0,Growing,0.0,
2023-02-21,0.0,0.0,,-11.4586908,6.057,0.673949796,0.661678517,0.0,Growing,0.0,21.69,0.159,0.0,0.0,Growing,0.0,
2023-02-22,2.996508336,2.11491874,,-11.53157653,6.057,0.673949796,0.664746337,0.0,Growing,0.0,21.69,0.159,0.0,0.0,Growing,0.0,
2023-02-23,0.0,0.0,,-11.60446226,6.057,0.673949796,0.667814157,0.0,Growing,0.0,22.3,0.251,0.0,0.0,Growing,0.0,
2023-02-24,0.0,0.0,0.682704603,-11.677348,6.057,0.682704603,0.672132663,0.0,Growing,0.0,22.3,0.251,0.008754807,0.0,Growing,0.0,
2023-02-25,0.0,0.0,,-11.63792475,6.057,0.682704603,0.676451169,0.0,Growing,0.0,22.3,0.251,0.0,0.0,Growing,0.0,
2023-02-26,0.0,0.0,,-11.5985015,6.057,0.682704603,0.677701856,0.0,Growing,0.0,22.3,0.251,0.0,0.0,Growing,0.0,
2023-02-27,0.0,0.000735131,,-11.55907825,6.057,0.682704603,0.678952543,0.0,Growing,0.0,22.3,0.251,0.0,0.0,Growing,0.0,
2023-02-28,0.0,0.000114474,,-11.519655,6.057,0.682704603,0.680203229,0.0,Growing,0.0,22.21,0.188,0.0,0.0,Growing,0.0,
2023-03-01,0.0,0.0,0.677026545,-11.48023176,6.057,0.677026545,0.680642765,0.0,Growing,0.0,22.21,0.188,-0.005678058,0.0,Growing,0.0,
2023-03-02,0.0,0.0,,-11.51654938,6.057,0.677026545,0.681082301,0.0,Growing,0.0,22.21,0.188,0.0,0.0,Growing,0.0,
2023-03-03,0.0,0.0,,-11.552867,6.057,0.677026545,0.680271149,0.0,Growing,0.0,22.21,0.188,0.0,0.0,Growing,0.0,
2023-03-04,0.0,0.0,,-11.58918461,6.057,0.677026545,0.679459998,0.0,Growing,0.0,22.21,0.188,0.0,0.0,Growing,0.0,
2023-03-05,0.0,0.0,,-11.62550223,6.057,0.677026545,0.678648847,0.0,Growing,0.0,24.6,0.168,0.0,0.0,Growing,0.0,
2023-03-06,0.0,0.0,0.701281567,-11.66181985,6.057,0.701281567,0.681302699,0.0,Growing,0.0,24.6,0.168,0.024255022,0.0,Growing,0.0,
2023-03-07,0.0,0.0,,-11.57501493,6.057,0.701281567,0.683956551,0.0,Growing,0.0,24.6,0.168,0.0,0.0,Growing,0.0,
2023-03-08,0.0,5.89e-05,,-11.48821001,6.057,0.701281567,0.687421554,0.0,Growing,0.0,24.6,0.168,0.0,0.0,Growing,0.0,
2023-03-09,0.0,0.002897891,,-11.40140509,6.057,0.701281567,0.690886557,0.0,Growing,0.0,24.6,0.168,0.0,0.0,Growing,0.0,
2023-03-10,1.091622259,1.342068892,,-11.31460017,6.057,0.701281567,0.69435156,0.0,Growing,0.0,24.2,0.159,0.0,0.0,Growing,0.0,
2023-03-11,0.0,0.0,0.713976632,-11.22779525,6.057,0.713976632,0.699630144,0.0,Growing,0.0,24.2,0.159,0.012695065,0.0,Growing,0.0,
2023-03-12,0.0,0.0,,-11.15125317,6.057,0.713976632,0.704908728,0.0,Growing,0.0,24.2,0.159,0.0,0.0,Growing,0.0,
2023-03-13,0.0,0.0,,-11.07471109,6.057,0.713976632,0.706722309,0.0,Growing,0.0,24.2,0.159,0.0,0.0,Growing,0.0,
2023-03-14,24.97733947,14.76666108,,-10.99816901,6.057,0.713976632,0.70853589,0.0,Growing,0.0,24.2,0.159,0.0,0.0,Growing,0.0,
2023-03-15,5.683376195,3.907744713,,-10.92162693,6.057,0.713976632,0.71034947,0.0,Growing,0.0,21.93,0.262,0.0,0.0,Growing,0.0,
2023-03-16,3.772254209,10.07406359,0.697018465,-10.84508484,6.057,0.697018465,0.709740456,0.0,Growing,0.0,21.93,0.262,-0.016958167,0.0,Growing,0.0,
2023-03-17,5.377967536,13.1048543,,-10.84004671,6.057,0.697018465,0.709131441,0.0,Growing,0.0,21.93,0.262,0.0,0.0,Growing,0.0,
2023-03-18,11.63449974,11.25345194,,-10.83500858,6.057,0.697018465,0.706708846,0.0,Growing,0.0,21.93,0.262,0.0,0.0,Growing,0.0,
2023-03-19,40.75433972,55.9496168,,-10.82997044,6.057,0.697018465,0.704286251,0.0,Growing,0.0,21.93,0.262,0.0,0.0,Growing,0.0,
2023-03-20,4.071316347,18.11933265,,-10.82493231,6.057,0.697018465,0.701863655,0.0,Growing,0.0,20.71,0.419,0.0,0.0,Growing,0.0,
2023-03-21,1.09794224,6.387389481,0.711928821,-10.81989417,6.068,0.711928821,0.701571111,0.0,Growing,0.0,20.71,0.419,0.014910356,0.0,Growing,0.0,
2023-03-22,2.38446074,7.327097916,,-10.76402617,6.068,0.711928821,0.701278566,0.0,Growing,0.0,20.71,0.419,0.0,0.0,Growing,0.0,
2023-03-23,0.0,0.021595558,,-10.70815817,6.068,0.711928821,0.703408617,0.0,Growing,0.0,20.71,0.419,0.0,0.0,Growing,0.0,
2023-03-24,0.0,0.0,,-10.65229017,6.068,0.711928821,0.705538668,0.0,Growing,0.0,20.71,0.419,0.0,0.0,Growing,0.0,
2023-03-25,0.0,0.0,,-10.59642217,6.068,0.711928821,0.707668719,0.0,Growing,0.0,23.39,0.382,0.0,0.0,Growing,0.0,
2023-03-26,48.2673495,0.372785224,0.699872048,-10.54055416,6.068,0.699872048,0.708076374,0.0,Growing,0.0,23.39,0.382,-0.012056773,0.0,Growing,0.0,
2023-03-27,0.008734433,0.035370821,,-10.55561583,6.068,0.699872048,0.708484028,0.0,Growing,0.0,23.39,0.382,0.0,0.0,Growing,0.0,
2023-03-28,4.857512936,2.55786973,,-10.5706775,6.068,0.699872048,0.706761632,0.0,Growing,0.0,23.39,0.382,0.0,0.0,Growing,0.0,
2023-03-29,0.390659362,0.27096462,,-10.58573917,6.068,0.699872048,0.705039236,0.0,Growing,0.0,23.39,0.382,0.0,0.0,Growing,0.0,
2023-03-30,51.84362069,20.8811109,,-10.60080084,6.068,0.699872048,0.70331684,0.0,Growing,0.0,22.96,0.394,0.0,0.0,Growing,0.0,
2023-03-31,4.630957279,1.556951257,0.675669929,-10.61586251,6.068,0.675669929,0.698136999,0.0,Growing,0.0,22.96,0.394,-0.024202119,0.0,Growing,0.0,
2023-04-01,9.778126873,3.961233352,,-10.58309932,6.068,0.675669929,0.692957157,0.0,Growing,0.0,22.96,0.394,0.0,0.0,Growing,0.0,
2023-04-02,0.0,0.008448712,,-10.55033612,6.068,0.675669929,0.689499711,0.0,Growing,0.0,22.96,0.394,0.0,0.0,Growing,0.0,
2023-04-03,0.0,0.0,,-10.51757292,6.068,0.675669929,0.686042266,0.0,Growing,0.0,22.96,0.394,0.0,0.0,Growing,0.0,
2023-04-04,46.58006878,0.246586337,,-10.48480973,6.068,0.675669929,0.68258482,0.0,Growing,0.0,24.0,0.401,0.0,0.0,Growing,0.0,
2023-04-05,0.234190201,0.001637237,0.653360051,-10.45204653,6.068,0.653360051,0.675940249,0.0,Growing,0.0,24.0,0.401,-0.022309879,0.0,Growing,0.0,
2023-04-06,0.0,0.0,,-10.45599945,6.068,0.653360051,0.669295678,0.0,Growing,0.0,24.0,0.401,0.0,0.0,Growing,0.0,
2023-04-07,0.0,0.0,,-10.45995237,6.068,0.653360051,0.666108553,0.0,Growing,0.0,24.0,0.401,0.0,0.0,Growing,0.0,
2023-04-08,0.0,0.0,,-10.46390529,6.068,0.653360051,0.662921427,0.0,Growing,0.0,24.0,0.401,0.0,0.0,Growing,0.0,
2023-04-09,0.0,0.0,,-10.46785822,6.068,0.653360051,0.659734302,0.0,Growing,0.0,25.78,0.332,0.0,0.0,Growing,0.0,
2023-04-10,0.0,0.0,0.637065038,-10.47181114,6.068,0.637065038,0.654219317,0.0,Growing,0.0,25.78,0.332,-0.016295013,0.0,Growing,0.0,
2023-04-11,0.0,0.0,,-10.40194912,6.068,0.637065038,0.648704333,0.0,Growing,0.0,25.78,0.332,0.0,0.0,Growing,0.0,
2023-04-12,0.0,0.0,,-10.3320871,6.068,0.637065038,0.646376474,0.0,Growing,0.0,25.78,0.332,0.0,0.0,Growing,0.0,
2023-04-13,0.0,0.0,,-10.26222508,6.068,0.637065038,0.644048615,0.0,Growing,0.0,25.78,0.332,0.0,0.0,Growing,0.0,
2023-04-14,0.519880074,3.43e-05,,-10.19236306,6.068,0.637065038,0.641720756,0.0,Growing,0.0,27.9,0.254,0.0,0.0,Growing,0.0,
2023-04-15,0.559784134,0.534802154,0.585951082,-10.12250105,6.068,0.585951082,0.632090903,0.0,Growing,0.0,27.9,0.254,-0.051113956,0.0,Mature,0.0,
2023-04-16,0.0,0.0,,-10.03790246,6.068,0.585951082,0.62246105,0.0,Growing,0.0,27.9,0.254,0.0,0.0,Mature,0.0,
2023-04-17,1.978634788,6.704137738,,-9.953303877,5.394,0.585951082,0.615159057,0.0,Growing,0.0,27.9,0.254,0.0,0.0,Mature,0.0,
2023-04-18,4.729771846,3.255026839,,-9.868705293,5.394,0.585951082,0.607857063,0.0,Growing,0.0,27.9,0.254,0.0,0.0,Mature,0.0,
2023-04-19,0.718810538,28.88918723,,-9.784106708,5.394,0.585951082,0.600555069,0.0,Growing,0.0,28.93,0.343,0.0,0.0,Mature,0.0,
2023-04-20,150.5699213,66.06017472,0.518121677,-9.699508123,5.394,0.518121677,0.58356316,0.0,Mature,0.0,28.93,0.343,-0.067829405,0.0,Mature,0.0,
2023-04-21,0.373935111,13.53036961,,-9.690202088,5.394,0.518121677,0.566571252,0.0,Mature,0.0,28.93,0.343,0.0,0.0,Mature,0.0,
2023-04-22,0.008366863,0.005688852,,-9.680896053,5.394,0.518121677,0.556881337,0.0,Mature,0.0,28.93,0.343,0.0,0.0,Mature,0.0,
2023-04-23,6.273888732,9.228619466,,-9.671590018,5.394,0.518121677,0.547191422,0.0,Mature,0.0,28.93,0.343,0.0,0.0,Mature,0.0,
2023-04-24,0.0,0.0,,-9.662283983,5.394,0.518121677,0.537501507,0.0,Mature,0.0,26.19,0.335,0.0,0.0,Mature,0.0,
2023-04-25,0.0,0.0,0.445720591,-9.652977948,5.394,0.445720591,0.51746858,0.0,Mature,0.0,26.19,0.335,-0.072401086,0.0,Mature,0.0,
2023-04-26,0.117435487,0.037575438,,-9.545575557,5.394,0.445720591,0.497435653,0.0,Mature,0.0,26.19,0.335,0.0,0.0,Mature,0.0,
2023-04-27,5.872961199,30.7782214,,-9.438173166,5.394,0.445720591,0.48709264,0.0,Mature,0.0,26.19,0.335,0.0,0.0,Mature,0.0,
2023-04-28,0.044386689,0.564757912,,-9.330770775,5.394,0.445720591,0.476749628,0.0,Mature,0.0,26.19,0.335,0.0,0.0,Mature,0.0,
2023-04-29,58.68213313,74.7478775,,-9.223368384,5.394,0.445720591,0.466406616,0.0,Mature,0.0,27.78,0.257,0.0,0.0,Mature,0.0,
2023-04-30,0.332498639,0.342997477,0.460717545,-9.115965993,5.394,0.460717545,0.458206026,0.0,Mature,0.0,27.78,0.257,0.014996954,0.0,Mature,0.0,
2023-05-01,2.849219444,0.343471117,,-9.120971908,1.15,0.460717545,0.450005435,0.0,Mature,0.0,27.78,0.257,0.0,0.0,Mature,0.0,
2023-05-02,0.087948281,0.085610559,,-9.125977824,1.08,0.460717545,0.452147857,0.0,Mature,0.0,27.78,0.257,0.0,0.0,Mature,0.0,
2023-05-03,0.00050958,0.289064721,,-9.13098374,1.04,0.460717545,0.454290279,0.0,Mature,0.0,27.78,0.257,0.0,0.0,Mature,0.0,
2023-05-04,0.922866047,1.758834464,,-9.135989656,1.14,0.460717545,0.456432701,0.0,Mature,0.0,25.14,0.396,0.0,0.0,Mature,0.0,
2023-05-05,0.0,0.0,0.454785666,-9.140995572,1.24,0.454785666,0.457727712,0.0,Mature,0.0,25.14,0.396,-0.005931879,0.0,Mature,0.0,
2023-05-06,0.446691518,3.14033669,,-9.123354928,1.38,0.454785666,0.459022723,0.0,Mature,0.0,25.14,0.396,0.0,0.0,Mature,0.0,
2023-05-07,0.0,0.0,,-9.105714285,1.47,0.454785666,0.458175311,0.0,Mature,0.0,25.14,0.396,0.0,0.0,Mature,0.0,
2023-05-08,0.0,0.0,,-9.088073641,1.49,0.454785666,0.4573279,0.0,Mature,0.0,25.14,0.396,0.0,0.0,Mature,0.0,
2023-05-09,0.0,0.0,,-9.070432998,1.48,0.454785666,0.456480489,0.0,Mature,0.0,29.61,0.299,0.0,0.0,Mature,0.0,
2023-05-10,27.31081312,35.1136786,0.474719388,-9.052792355,1.45,0.474719388,0.458480752,0.0,Mature,0.0,29.61,0.299,0.019933722,0.0,Mature,0.0,
2023-05-11,20.87028492,19.21162819,,-9.065865583,1.42,0.474719388,0.460481015,0.0,Mature,0.0,29.61,0.299,0.0,0.0,Mature,0.0,
2023-05-12,8.169062544,5.654343658,,-9.078938811,1.41,0.474719388,0.46332869,0.0,Mature,0.0,29.61,0.299,0.0,0.0,Mature,0.0,
2023-05-13,9.175235625,15.88494884,,-9.09201204,1.39,0.474719388,0.466176365,0.0,Mature,0.0,29.61,0.299,0.0,0.0,Mature,0.0,
2023-05-14,15.46382711,8.737673311,,-9.105085268,1.4,0.474719388,0.469024039,0.0,Mature,0.0,26.28,0.264,0.0,0.0,Mature,0.0,
2023-05-15,1.899837983,2.119455784,0.456989652,-9.118158497,1.33,0.456989652,0.469338894,0.0,Mature,0.0,26.28,0.264,-0.017729737,0.0,Mature,0.0,
2023-05-16,24.94509486,2.148895923,,-9.154046214,1.52,0.456989652,0.469653749,0.0,Mature,0.0,26.28,0.264,0.0,0.0,Mature,0.0,
2023-05-17,2.585576728,1.227760887,,-9.189933931,1.92,0.456989652,0.46712093,0.0,Mature,0.0,26.28,0.264,0.0,0.0,Mature,0.0,
2023-05-18,1.300513966,0.013400141,,-9.225821649,2.09,0.456989652,0.46458811,0.0,Mature,0.0,26.28,0.264,0.0,0.0,Mature,0.0,
2023-05-19,8.997338237,0.590679727,,-9.261709366,2.2,0.456989652,0.462055291,0.0,Mature,0.0,24.66,0.433,0.0,0.0,Mature,0.0,
2023-05-20,5.533168741,0.184824021,0.460754522,-9.297597083,2.26,0.460754522,0.46006031,0.0,Mature,0.0,24.66,0.433,0.003764871,0.0,Mature,0.0,
2023-05-21,83.68508043,28.13008019,,-9.294926148,2.42,0.460754522,0.458065329,0.0,Mature,0.0,24.66,0.433,0.0,0.0,Mature,0.0,
2023-05-22,0.512485466,0.222073632,,-9.292255212,2.7,0.460754522,0.458603168,0.0,Mature,0.0,24.66,0.433,0.0,0.0,Mature,0.0,
2023-05-23,15.28503734,2.960821393,,-9.289584277,2.76,0.460754522,0.459141006,0.0,Mature,0.0,24.66,0.433,0.0,0.0,Mature,0.0,
2023-05-24,0.0,0.0,,-9.286913341,2.74,0.460754522,0.459678845,0.0,Mature,0.0,24.38,0.421,0.0,0.0,Mature,0.0,
2023-05-25,42.49754397,55.169322,0.460681713,-9.284242406,2.64,0.460681713,0.460206282,0.0,Mature,0.0,24.38,0.421,-7.28e-05,0.0,Mature,0.0,
2023-05-26,0.751973528,0.542195069,,-9.312699509,2.61,0.460681713,0.46073372,0.0,Mature,0.0,24.38,0.421,0.0,0.0,Mature,0.0,
2023-05-27,1.385988706,0.943413093,,-9.341156613,2.75,0.460681713,0.460723318,0.0,Mature,0.0,24.38,0.421,0.0,0.0,Mature,0.0,
2023-05-28,0.0,0.0,,-9.369613717,2.91,0.460681713,0.460712917,0.0,Mature,0.0,24.38,0.421,0.0,0.0,Mature,0.0,
2023-05-29,0.0,0.0,,-9.398070821,2.89,0.460681713,0.460702515,0.0,Mature,0.0,28.51,0.379,0.0,0.0,Mature,0.0,
2023-05-30,0.001405748,0.0,0.430651421,-9.426527925,2.79,0.430651421,0.456402072,0.0,Mature,0.0,28.51,0.379,-0.030030292,0.0,Mature,0.0,
2023-05-31,0.0230865,0.693127604,,-9.812936335,2.64,0.430651421,0.452101629,0.0,Mature,0.0,28.51,0.379,0.0,0.0,Mature,0.0,
2023-06-01,34.20375488,10.40464855,,-10.19934475,2.35,0.430651421,0.447811588,0.0,Mature,0.0,28.51,0.379,0.0,0.0,Mature,0.0,
2023-06-02,6.517520963,2.05546154,,-10.58575316,2.31,0.430651421,0.443521546,0.0,Mature,0.0,28.51,0.379,0.0,0.0,Mature,0.0,
2023-06-03,10.63691106,9.310105325,,-10.97216157,2.31,0.430651421,0.439231504,0.0,Mature,0.0,28.87,0.361,0.0,0.0,Mature,0.0,
2023-06-04,0.230972646,0.44792931,0.422301849,-11.35856998,2.29,0.422301849,0.433748667,0.0,Mature,0.0,28.87,0.361,-0.008349572,0.0,Mature,0.0,
2023-06-05,0.0,0.0,,-12.220535,2.2,0.422301849,0.428265829,0.0,Mature,0.0,28.87,0.361,0.0,0.0,Mature,0.0,
2023-06-06,0.000480568,0.021054556,,-13.08250003,2.16,0.422301849,0.427073033,0.0,Mature,0.0,28.87,0.361,0.0,0.0,Mature,0.0,
2023-06-07,0.001119695,0.0,,-13.94446505,2.11,0.422301849,0.425880237,0.0,Mature,0.0,28.87,0.361,0.0,0.0,Mature,0.0,
2023-06-08,36.87649497,29.14178655,,-14.80643008,2.01,0.422301849,0.424687441,0.0,Mature,0.0,29.67,0.324,0.0,0.0,Mature,0.0,
2023-06-09,18.16826206,67.19419662,0.229792013,-15.6683951,1.99,0.229792013,0.39599324,0.0,Mature,0.0,29.67,0.324,-0.192509836,0.0,Post_Harvest,0.0,
2023-06-10,36.3230794,37.07264295,,-15.90125908,2.11,0.229792013,0.367299039,0.0,Mature,0.0,29.67,0.324,0.0,0.0,Post_Harvest,0.0,
2023-06-11,2.01049997,24.25231808,,-16.13412306,2.48,0.229792013,0.339797634,1.0,Mature,2.0,29.67,0.324,0.0,0.0,Post_Harvest,0.0,
2023-06-12,0.282290551,0.001162966,,-16.36698703,3.42,0.229792013,0.312296229,1.0,Mature,2.0,29.67,0.324,0.0,0.0,Post_Harvest,0.0,
2023-06-13,65.89157167,135.3548197,,-16.59985101,3.91,0.229792013,0.284794824,1.0,Post-Harvest,3.0,27.83,0.424,0.0,0.0,Growing,0.0,
2023-06-14,413.4972377,298.6962785,0.101388737,-16.83271499,5.14,0.101388737,0.238950093,1.0,Post-Harvest,3.0,27.83,0.424,-0.128403276,0.0,Growing,0.0,
2023-06-15,224.8460193,224.7495304,,-17.0628196,6.26,0.101388737,0.193105363,1.0,Post-Harvest,3.0,27.83,0.424,0.0,0.0,Growing,0.0,
2023-06-16,102.5888913,101.0638648,,-17.29292422,6.58,0.101388737,0.174762038,1.0,Post-Harvest,3.0,27.83,0.424,0.0,0.0,Growing,0.0,
2023-06-17,59.54320235,139.134763,,-17.52302883,6.87,0.101388737,0.156418713,1.0,Post-Harvest,3.0,27.83,0.424,0.0,0.0,Growing,0.0,
2023-06-18,35.62975723,26.99801318,,-17.75313345,7.05,0.101388737,0.138075388,1.0,Post-Harvest,3.0,26.78,0.433,0.0,1.0,Growing,1.0,
2023-06-19,86.56568647,101.591585,0.093578061,-17.98323806,7.2,0.093578061,0.118616252,1.0,Post-Harvest,3.0,26.78,0.433,-0.007810676,1.0,Growing,1.0,
2023-06-20,17.7944774,28.06620194,,-18.01674226,7.29,0.093578061,0.099157116,1.0,Post-Harvest,3.0,26.78,0.433,0.0,1.0,Growing,1.0,
2023-06-21,12.36244464,67.68335738,,-18.05024646,7.37,0.093578061,0.098041305,1.0,Post-Harvest,3.0,26.78,0.433,0.0,1.0,Growing,1.0,
2023-06-22,21.93530803,38.1658402,,-18.08375065,7.52,0.093578061,0.096925494,1.0,Post-Harvest,3.0,26.78,0.433,0.0,1.0,Growing,1.0,
2023-06-23,0.010841663,1.5e-06,,-18.11725485,7.43,0.093578061,0.095809683,1.0,Post-Harvest,3.0,27.93,0.424,0.0,1.0,Growing,1.0,
2023-06-24,0.102276247,0.0,0.095338134,-18.15075904,7.29,0.095338134,0.094945311,1.0,Post-Harvest,3.0,27.93,0.424,0.001760073,1.0,Growing,1.0,
2023-06-25,9.323529714,5.298926284,,-18.04134525,7.15,0.095338134,0.094080939,1.0,Post-Harvest,3.0,27.93,0.424,0.0,1.0,Growing,1.0,
2023-06-26,1.051712932,4.963018783,,-17.93193146,7.01,0.095338134,0.094332378,1.0,Post-Harvest,3.0,27.93,0.424,0.0,1.0,Growing,1.0,
2023-06-27,1.267351173,1.707388187,,-17.82251767,6.91,0.095338134,0.094583817,1.0,Post-Harvest,3.0,27.93,0.424,0.0,0.0,Growing,0.0,
2023-06-28,32.73533719,28.72207175,,-17.71310388,6.95,0.095338134,0.094835256,1.0,Post-Harvest,3.0,25.91,0.431,0.0,0.0,Growing,0.0,
2023-06-29,77.01607318,34.11982448,0.025832958,-17.60369008,7.28,0.025832958,0.085157384,1.0,Post-Harvest,3.0,25.91,0.431,-0.069505176,1.0,Growing,1.0,
2023-06-30,111.7065224,96.24758217,,-17.7388325,7.46,0.025832958,0.075479512,1.0,Post-Harvest,3.0,25.91,0.431,0.0,1.0,Growing,1.0,
2023-07-01,82.44827171,69.69550355,,-17.87397492,7.52,0.025832958,0.065550201,1.0,Post-Harvest,3.0,25.91,0.431,0.0,1.0,Growing,1.0,
2023-07-02,284.1789475,264.3971369,,-18.00911733,7.74,0.025832958,0.055620891,1.0,Post-Harvest,3.0,25.91,0.431,0.0,1.0,Growing,1.0,
2023-07-03,31.07220791,38.69553125,,-18.14425975,7.95,0.025832958,0.04569158,1.0,Post-Harvest,3.0,27.22,0.43,0.0,1.0,Growing,1.0,
2023-07-04,33.28736134,8.045380289,0.151886939,-18.27940217,7.83,0.151886939,0.05376998,1.0,Post-Harvest,3.0,27.22,0.43,0.126053981,1.0,Growing,1.0,
2023-07-05,23.39141019,36.27334317,,-18.0680487,7.65,0.151886939,0.061848381,1.0,Post-Harvest,3.0,27.22,0.43,0.0,1.0,Growing,1.0,
2023-07-06,9.0472131,1.967303038,,-17.85669524,7.5,0.151886939,0.079856093,1.0,Post-Harvest,3.0,27.22,0.43,0.0,1.0,Growing,1.0,
2023-07-07,5.975347464,0.261759871,,-17.64534178,7.46,0.151886939,0.097863804,1.0,Post-Harvest,3.0,27.22,0.43,0.0,1.0,Growing,1.0,
2023-07-08,0.415787646,0.003436228,,-17.43398832,7.38,0.151886939,0.115871516,1.0,Post-Harvest,3.0,27.93,0.427,0.0,1.0,Growing,1.0,
2023-07-09,17.39945301,3.891893935,0.19805972,-17.22263486,7.27,0.19805972,0.140475339,1.0,Post-Harvest,3.0,27.93,0.427,0.046172781,1.0,Growing,1.0,
2023-07-10,65.58750596,10.8065779,,-17.2171123,7.37,0.19805972,0.165079162,1.0,Post-Harvest,3.0,27.93,0.427,0.0,1.0,Growing,1.0,
2023-07-11,39.63262343,136.3553657,,-17.21158974,7.51,0.19805972,0.171675274,1.0,Post-Harvest,3.0,27.93,0.427,0.0,1.0,Growing,1.0,
2023-07-12,10.26601797,33.60882295,,-17.20606718,7.74,0.19805972,0.178271385,1.0,Post-Harvest,3.0,27.93,0.427,0.0,1.0,Growing,1.0,
2023-07-13,106.7778334,60.89620111,,-17.20054463,7.83,0.19805972,0.184867497,1.0,Post-Harvest,3.0,27.62,0.429,0.0,1.0,Growing,1.0,
2023-07-14,3.223327179,4.30822586,0.194659922,-17.19502207,7.71,0.194659922,0.190977923,1.0,Post-Harvest,3.0,27.62,0.429,-0.003399798,1.0,Growing,1.0,
2023-07-15,1.109601718,0.010836683,,-17.130404,7.51,0.194659922,0.197088349,1.0,Post-Harvest,3.0,27.62,0.429,0.0,1.0,Growing,1.0,
2023-07-16,4.762900828,5.418746006,,-17.06578594,7.32,0.194659922,0.196602664,1.0,Post-Harvest,3.0,27.62,0.429,0.0,1.0,Growing,1.0,
2023-07-17,2.574282127,0.382856993,,-17.00116788,7.14,0.194659922,0.196116979,0.0,Post-Harvest,0.0,27.62,0.429,0.0,1.0,Growing,1.0,
2023-07-18,10.48128353,0.139218715,,-16.93654981,6.96,0.194659922,0.195631293,0.0,Post-Harvest,0.0,29.64,0.416,0.0,0.0,Growing,0.0,
2023-07-19,2.133051383,4.881004795,0.201168829,-16.87193175,6.82,0.201168829,0.196075452,0.0,Post-Harvest,0.0,29.64,0.416,0.006508907,0.0,Growing,0.0,
2023-07-20,6.747360206,16.45064699,,-16.7188083,6.69,0.201168829,0.19651961,0.0,Post-Harvest,0.0,29.64,0.416,0.0,0.0,Growing,0.0,
2023-07-21,10.49450686,12.07333137,,-16.56568486,6.57,0.201168829,0.197449454,0.0,Post-Harvest,0.0,29.64,0.416,0.0,0.0,Growing,0.0,
2023-07-22,122.776394,17.72527505,,-16.41256142,6.46,0.201168829,0.198379298,0.0,Post-Harvest,0.0,29.64,0.416,0.0,0.0,Growing,0.0,
2023-07-23,21.57440724,27.47158238,,-16.25943798,6.38,0.201168829,0.199309142,0.0,Post-Harvest,0.0,29.05,0.427,0.0,0.0,Growing,0.0,
2023-07-24,5.795501996,10.6045003,0.163171201,-16.10631453,6.27,0.163171201,0.194810753,0.0,Post-Harvest,0.0,29.05,0.427,-0.037997629,0.0,Growing,0.0,
2023-07-25,21.06109163,25.65181241,,-16.16503294,6.15,0.163171201,0.190312364,0.0,Post-Harvest,0.0,29.05,0.427,0.0,0.0,Growing,0.0,
2023-07-26,68.62576421,22.50712461,,-16.22375135,6.09,0.163171201,0.184884131,0.0,Post-Harvest,0.0,29.05,0.427,0.0,0.0,Growing,0.0,
2023-07-27,100.0153697,63.01943759,,-16.28246975,6.1,0.163171201,0.179455899,0.0,Post-Harvest,0.0,29.05,0.427,0.0,0.0,Growing,0.0,
2023-07-28,29.60321781,67.97855957,,-16.34118816,6.26,0.163171201,0.174027666,0.0,Post-Harvest,0.0,27.65,0.431,0.0,0.0,Growing,0.0,
2023-07-29,1.743052125,2.401739694,0.143169806,-16.39990657,6.26,0.143169806,0.165742091,0.0,Post-Harvest,0.0,27.65,0.431,-0.020001395,0.0,Growing,0.0,
2023-07-30,16.10101925,20.19014061,,-16.28002708,6.15,0.143169806,0.157456517,0.0,Post-Harvest,0.0,27.65,0.431,0.0,0.0,Growing,0.0,
2023-07-31,11.01473899,19.25224889,,-16.16014759,6.02,0.143169806,0.154599174,0.0,Post-Harvest,0.0,27.65,0.431,0.0,0.0,Growing,0.0,
2023-08-01,0.912063848,4.530215067,,-16.0402681,5.9,0.143169806,0.151741832,0.0,Post-Harvest,0.0,27.65,0.431,0.0,0.0,Growing,0.0,
2023-08-02,15.39670792,23.21007164,,-15.9203886,5.76,0.143169806,0.14888449,0.0,Post-Harvest,0.0,28.16,0.425,0.0,0.0,Growing,0.0,
2023-08-03,5.138125125,11.90867862,0.045270472,-15.80050911,5.65,0.045270472,0.132041529,0.0,Post-Harvest,0.0,28.16,0.425,-0.097899334,0.0,Growing,0.0,
2023-08-04,14.09207289,13.79802771,,-15.83925918,5.62,0.045270472,0.115198568,0.0,Post-Harvest,0.0,28.16,0.425,0.0,0.0,Growing,0.0,
2023-08-05,52.04369384,12.64194534,,-15.87800926,5.72,0.045270472,0.101212949,0.0,Post-Harvest,0.0,28.16,0.425,0.0,0.0,Growing,0.0,
2023-08-06,52.49912258,90.1182713,,-15.91675933,6.09,0.045270472,0.087227329,1.0,Post-Harvest,3.0,28.16,0.425,0.0,0.0,Growing,0.0,
2023-08-07,20.68040566,17.7678127,,-15.9555094,6.42,0.045270472,0.07324171,1.0,Post-Harvest,3.0,26.18,0.435,0.0,0.0,Growing,0.0,
2023-08-08,15.17253952,21.55116,0.047594158,-15.99425947,6.5,0.047594158,0.059588046,1.0,Post-Harvest,3.0,26.18,0.435,0.002323686,0.0,Growing,0.0,
2023-08-09,36.12163089,17.73222325,,-15.98002186,6.65,0.047594158,0.045934382,1.0,Post-Harvest,3.0,26.18,0.435,0.0,0.0,Growing,0.0,
2023-08-10,2.995598386,1.103488908,,-15.96578425,6.62,0.047594158,0.046266338,1.0,Post-Harvest,3.0,26.18,0.435,0.0,0.0,Growing,0.0,
2023-08-11,7.953553643,1.726795255,,-15.95154663,6.57,0.047594158,0.046598293,1.0,Post-Harvest,3.0,26.18,0.435,0.0,0.0,Growing,0.0,
2023-08-12,104.3848299,51.08087375,,-15.93730902,6.67,0.047594158,0.046930248,1.0,Post-Harvest,3.0,27.07,0.433,0.0,0.0,Growing,0.0,
2023-08-13,11.54775433,1.426229319,0.201994284,-15.92307141,7.13,0.201994284,0.069319364,0.0,Post-Harvest,0.0,27.07,0.433,0.154400126,0.0,Growing,0.0,
2023-08-14,1.333090011,1.099863886,,-15.95880499,6.95,0.201994284,0.09170848,0.0,Post-Harvest,0.0,27.07,0.433,0.0,0.0,Growing,0.0,
2023-08-15,3.398001472,0.881105241,,-15.99453857,6.8,0.201994284,0.113765641,0.0,Post-Harvest,0.0,27.07,0.433,0.0,0.0,Growing,0.0,
2023-08-16,1.592257691,0.001651017,,-16.03027215,6.67,0.201994284,0.135822802,0.0,Post-Harvest,0.0,27.07,0.433,0.0,0.0,Growing,0.0,
2023-08-17,35.47650135,19.65436836,,-16.06600573,6.53,0.201994284,0.157879962,0.0,Post-Harvest,0.0,29.73,0.416,0.0,0.0,Growing,0.0,
2023-08-18,19.10727777,12.83688651,0.220655858,-16.10173931,6.48,0.220655858,0.182603062,0.0,Post-Harvest,0.0,29.73,0.416,0.018661574,0.0,Growing,0.0,
2023-08-19,3.548136697,0.746646489,,-16.11805178,6.38,0.220655858,0.207326162,0.0,Post-Harvest,0.0,29.73,0.416,0.0,0.0,Growing,0.0,
2023-08-20,5.622248647,5.090678641,,-16.13436425,6.32,0.220655858,0.209992101,0.0,Post-Harvest,0.0,29.73,0.416,0.0,0.0,Growing,0.0,
2023-08-21,15.32041779,4.670298815,,-16.15067672,6.22,0.220655858,0.21265804,1.0,Post-Harvest,3.0,29.73,0.416,0.0,0.0,Growing,0.0,
2023-08-22,11.05154113,18.5517709,,-16.16698919,6.21,0.220655858,0.21532398,1.0,Post-Harvest,3.0,25.94,0.435,0.0,0.0,Growing,0.0,
2023-08-23,24.56328984,1.670413773,0.226083204,-16.18330166,6.19,0.226083204,0.218765254,1.0,Post-Harvest,3.0,25.94,0.435,0.005427347,0.0,Growing,0.0,
2023-08-24,35.32492112,6.436334914,,-16.19130709,6.26,0.226083204,0.222206528,1.0,Post-Harvest,3.0,25.94,0.435,0.0,0.0,Growing,0.0,
2023-08-25,14.43832357,1.30142901,,-16.19931253,6.33,0.226083204,0.222981863,1.0,Post-Harvest,3.0,25.94,0.435,0.0,0.0,Growing,0.0,
2023-08-26,47.69400556,165.605796,,-16.20731797,6.36,0.226083204,0.223757199,1.0,Post-Harvest,3.0,25.94,0.435,0.0,0.0,Growing,0.0,
2023-08-27,349.7458779,302.5748779,,-16.2153234,6.96,0.226083204,0.224532534,1.0,Post-Harvest,3.0,26.24,0.435,0.0,0.0,Growing,0.0,
2023-08-28,19.3155966,0.747715863,0.315694738,-16.22332884,7.16,0.315694738,0.238109517,1.0,Post-Harvest,3.0,26.24,0.435,0.089611534,1.0,Mature,2.0,
2023-08-29,7.728624647,0.0,,-16.19608184,7.01,0.315694738,0.2516865,0.0,Post-Harvest,0.0,26.24,0.435,0.0,1.0,Mature,2.0,
2023-08-30,19.72055856,0.030397936,,-16.16883484,6.92,0.315694738,0.264488147,0.0,Post-Harvest,0.0,26.24,0.435,0.0,0.0,Mature,0.0,
2023-08-31,19.81299076,2.276795541,,-16.14158785,6.77,0.315694738,0.277289795,0.0,Post-Harvest,0.0,26.24,0.435,0.0,0.0,Mature,0.0,
2023-09-01,4.936614583,6.60295498,,-16.11434085,6.69,0.315694738,0.290091443,0.0,Post-Harvest,0.0,28.67,0.409,0.0,0.0,Mature,0.0,
2023-09-02,1.027411209,0.002169734,0.314729243,-16.08709385,6.58,0.314729243,0.302755163,0.0,Mature,0.0,28.67,0.409,-0.000965495,0.0,Mature,0.0,
2023-09-03,15.52293825,2.102646993,,-15.9488408,6.48,0.314729243,0.315418883,0.0,Mature,0.0,28.67,0.409,0.0,0.0,Mature,0.0,
2023-09-04,8.301611101,5.235757146,,-15.81058775,6.43,0.314729243,0.315280955,0.0,Mature,0.0,28.67,0.409,0.0,0.0,Mature,0.0,
2023-09-05,12.73300939,8.391182874,,-15.6723347,6.32,0.314729243,0.315143027,0.0,Mature,0.0,28.67,0.409,0.0,0.0,Mature,0.0,
2023-09-06,28.98177204,9.216859124,,-15.53408166,6.2,0.314729243,0.315005099,0.0,Mature,0.0,29.84,0.399,0.0,0.0,Mature,0.0,
2023-09-07,36.0742456,74.91566278,0.332138665,-15.39582861,6.11,0.332138665,0.317354231,0.0,Mature,0.0,29.84,0.399,0.017409422,0.0,Mature,0.0,
2023-09-08,21.59690329,4.276731902,,-15.43277398,6.02,0.332138665,0.319703364,0.0,Mature,0.0,29.84,0.399,0.0,0.0,Mature,0.0,
2023-09-09,3.617447495,6.410526467,,-15.46971935,5.95,0.332138665,0.322190424,0.0,Mature,0.0,29.84,0.399,0.0,0.0,Mature,0.0,
2023-09-10,31.64230169,72.26718283,,-15.50666472,5.85,0.332138665,0.324677484,0.0,Mature,0.0,29.84,0.399,0.0,0.0,Mature,0.0,
2023-09-11,49.93871377,24.95327406,,-15.54361009,5.77,0.332138665,0.327164545,0.0,Mature,0.0,28.77,0.424,0.0,0.0,Mature,0.0,
2023-09-12,21.30793817,13.93116707,0.399006233,-15.58055546,5.72,0.399006233,0.339204115,0.0,Mature,0.0,28.77,0.424,0.066867568,0.0,Mature,0.0,
2023-09-13,62.28118376,9.302300659,,-15.54130689,5.67,0.399006233,0.351243685,0.0,Mature,0.0,28.77,0.424,0.0,0.0,Mature,0.0,
2023-09-14,5.279269337,6.145278505,,-15.50205831,5.64,0.399006233,0.360796194,0.0,Mature,0.0,28.77,0.424,0.0,0.0,Mature,0.0,
2023-09-15,0.626767071,0.009420305,,-15.46280973,5.58,0.399006233,0.370348704,0.0,Mature,0.0,28.77,0.424,0.0,0.0,Mature,0.0,
2023-09-16,4.315792175,0.144885914,,-15.42356116,5.49,0.399006233,0.379901214,0.0,Mature,0.0,29.27,0.403,0.0,0.0,Mature,0.0,
2023-09-17,23.22670868,5.050288519,0.380560179,-15.38431258,5.39,0.380560179,0.386818573,0.0,Mature,0.0,29.27,0.403,-0.018446054,0.0,Mature,0.0,
2023-09-18,165.7471926,58.26222986,,-15.35168255,5.33,0.380560179,0.393735932,0.0,Mature,0.0,29.27,0.403,0.0,0.0,Mature,0.0,
2023-09-19,14.62935181,25.44856406,,-15.31905251,5.39,0.380560179,0.391100781,0.0,Mature,0.0,29.27,0.403,0.0,0.0,Mature,0.0,
2023-09-20,27.9959342,21.37640075,,-15.28642248,5.34,0.380560179,0.388465631,0.0,Mature,0.0,29.27,0.403,0.0,0.0,Mature,0.0,
2023-09-21,28.24550224,3.575876342,,-15.25379244,5.39,0.380560179,0.38583048,0.0,Mature,0.0,26.82,0.432,0.0,0.0,Mature,0.0,
2023-09-22,15.0088062,2.197642969,0.38394547,-15.22116241,5.57,0.38394547,0.383678943,0.0,Mature,0.0,26.82,0.432,0.003385291,0.0,Mature,0.0,
2023-09-23,22.52069042,0.959940407,,-15.26593068,5.67,0.38394547,0.381527405,0.0,Mature,0.0,26.82,0.432,0.0,0.0,Mature,0.0,
2023-09-24,8.233606419,1.531724867,,-15.31069894,5.67,0.38394547,0.382011018,0.0,Mature,0.0,26.82,0.432,0.0,0.0,Mature,0.0,
2023-09-25,1.246973381,1.244966188,,-15.35546721,5.65,0.38394547,0.382494631,0.0,Mature,0.0,26.82,0.432,0.0,0.0,Mature,0.0,
2023-09-26,1.554454152,0.003226773,,-15.40023548,5.56,0.38394547,0.382978244,0.0,Mature,0.0,28.52,0.411,0.0,0.0,Mature,0.0,
2023-09-27,0.623923289,7.127230008,0.381559829,-15.44500375,5.45,0.381559829,0.383121051,0.0,Mature,0.0,28.52,0.411,-0.002385641,0.0,Mature,0.0,
2023-09-28,3.587433659,1.318193915,,-15.32771934,5.35,0.381559829,0.383263858,0.0,Mature,0.0,28.52,0.411,0.0,0.0,Mature,0.0,
2023-09-29,2.027891653,12.45831915,,-15.21043493,5.24,0.381559829,0.382923052,0.0,Mature,0.0,28.52,0.411,0.0,0.0,Mature,0.0,
2023-09-30,19.55307839,15.8696011,,-15.09315053,5.15,0.381559829,0.382582247,0.0,Mature,0.0,28.52,0.411,0.0,0.0,Mature,0.0,
2023-10-01,174.7921276,98.26804298,,-14.97586612,5.11,0.381559829,0.382241441,0.0,Mature,0.0,28.42,0.411,0.0,0.0,Mature,0.0,
2023-10-02,51.70637855,94.34470277,0.342075154,-14.85858171,5.24,0.342075154,0.376259967,0.0,Mature,0.0,28.42,0.411,-0.039484675,0.0,Mature,0.0,
2023-10-03,3.968543335,3.612844005,,-14.97519143,5.36,0.342075154,0.370278493,0.0,Mature,0.0,28.42,0.411,0.0,0.0,Mature,0.0,
2023-10-04,15.35104788,16.68021637,,-15.09180115,5.36,0.342075154,0.364637826,0.0,Mature,0.0,28.42,0.411,0.0,0.0,Mature,0.0,
2023-10-05,249.0947711,131.9552611,,-15.20841087,5.35,0.342075154,0.358997158,0.0,Mature,0.0,28.42,0.411,0.0,0.0,Mature,0.0,
2023-10-06,129.4836941,85.61264693,,-15.32502059,5.76,0.342075154,0.35335649,0.0,Mature,0.0,24.27,0.442,0.0,0.0,Mature,0.0,
2023-10-07,0.815391106,1.928745998,0.339049428,-15.44163031,6.18,0.339049428,0.347283576,0.0,Mature,0.0,24.27,0.442,-0.003025726,0.0,Mature,0.0,
2023-10-08,6.133162836,33.05374898,,-15.43119423,6.47,0.339049428,0.341210661,0.0,Mature,0.0,24.27,0.442,0.0,0.0,Mature,0.0,
2023-10-09,1.155245756,0.002639659,,-15.42075815,6.59,0.339049428,0.340778414,0.0,Mature,0.0,24.27,0.442,0.0,0.0,Mature,0.0,
2023-10-10,6.381528408,0.0,,-15.41032206,6.52,0.339049428,0.340346168,0.0,Mature,0.0,24.27,0.442,0.0,0.0,Mature,0.0,
2023-10-11,5.668835768,0.108370621,,-15.39988598,6.42,0.339049428,0.339913921,0.0,Mature,0.0,26.97,0.408,0.0,0.0,Mature,0.0,
2023-10-12,7.124577952,0.001235899,0.336508678,-15.3894499,6.32,0.336508678,0.33911871,0.0,Mature,0.0,26.97,0.408,-0.00254075,0.0,Mature,0.0,
2023-10-13,16.77554683,0.0,,-15.37224664,6.2,0.336508678,0.338323499,0.0,Mature,0.0,26.97,0.408,0.0,0.0,Mature,0.0,
2023-10-14,0.037869316,0.0,,-15.35504338,6.07,0.336508678,0.337960535,0.0,Mature,0.0,26.97,0.408,0.0,0.0,Mature,0.0,
2023-10-15,0.0,0.0,,-15.33784011,5.95,0.336508678,0.337597571,0.0,Mature,0.0,26.97,0.408,0.0,0.0,Mature,0.0,
2023-10-16,0.0,0.0,,-15.32063685,5.8,0.336508678,0.337234606,0.0,Mature,0.0,26.0,0.356,0.0,0.0,Mature,0.0,
2023-10-17,0.584536474,0.0,0.365145835,-15.30343359,5.65,0.365145835,0.340962664,0.0,Mature,0.0,26.0,0.356,0.028637158,0.0,Mature,0.0,
2023-10-18,24.16460276,0.0,,-15.26991221,5.51,0.365145835,0.344690723,0.0,Mature,0.0,26.0,0.356,0.0,0.0,Mature,0.0,
2023-10-19,0.0,0.003522692,,-15.23639084,5.38,0.365145835,0.348781745,0.0,Mature,0.0,26.0,0.356,0.0,0.0,Mature,0.0,
2023-10-20,0.083436026,0.003606734,,-15.20286946,5.25,0.365145835,0.352872768,0.0,Mature,0.0,26.0,0.356,0.0,0.0,Mature,0.0,
2023-10-21,0.0,0.0,,-15.16934808,5.11,0.365145835,0.35696379,0.0,Mature,0.0,25.49,0.3,0.0,0.0,Mature,0.0,
2023-10-22,0.35574626,0.0,0.346134076,-15.1358267,4.96,0.346134076,0.358338847,0.0,Mature,0.0,25.49,0.3,-0.019011759,0.0,Mature,0.0,
2023-10-23,4.896079182,1.535017593,,-14.96848245,4.84,0.346134076,0.359713904,0.0,Mature,0.0,25.49,0.3,0.0,0.0,Mature,0.0,
2023-10-24,8.01575628,7.82627426,,-14.80113819,4.74,0.346134076,0.356997938,0.0,Mature,0.0,25.49,0.3,0.0,0.0,Mature,0.0,
2023-10-25,2.122637002,0.0,,-14.63379393,4.65,0.346134076,0.354281973,0.0,Mature,0.0,25.49,0.3,0.0,0.0,Mature,0.0,
2023-10-26,0.066145594,0.0,,-14.46644967,4.56,0.346134076,0.351566007,0.0,Mature,0.0,24.98,0.325,0.0,0.0,Mature,0.0,
2023-10-27,0.034491562,0.0,0.341151375,-14.29910541,4.48,0.341151375,0.348138227,0.0,Mature,0.0,24.98,0.325,-0.004982701,0.0,Mature,0.0,
2023-10-28,0.0,0.0,,-14.25626613,4.4,0.341151375,0.344710447,0.0,Mature,0.0,24.98,0.325,0.0,0.0,Mature,0.0,
2023-10-29,0.0,0.0,,-14.21342685,4.33,0.341151375,0.343998633,0.0,Mature,0.0,24.98,0.325,0.0,0.0,Mature,0.0,
2023-10-30,0.0,0.0,,-14.17058758,4.25,0.341151375,0.343286818,0.0,Mature,0.0,24.98,0.325,0.0,0.0,Mature,0.0,
2023-10-31,0.0,0.0,,-14.1277483,4.19,0.341151375,0.342575004,0.0,Mature,0.0,26.33,0.272,0.0,0.0,Mature,0.0,
2023-11-01,0.067778699,0.0,0.433534118,-14.08490902,4.19,0.433534118,0.355060724,0.0,Mature,0.0,26.33,0.272,0.092382743,0.0,Mature,0.0,
2023-11-02,0.048621917,0.0,,-14.0020136,4.19,0.433534118,0.367546444,0.0,Mature,0.0,26.33,0.272,0.0,0.0,Mature,0.0,
2023-11-03,0.0,0.0,,-13.91911818,4.19,0.433534118,0.380743979,0.0,Mature,0.0,26.33,0.272,0.0,0.0,Mature,0.0,
2023-11-04,0.006601316,0.0,,-13.83622276,4.19,0.433534118,0.393941514,0.0,Mature,0.0,26.33,0.272,0.0,0.0,Mature,0.0,
2023-11-05,0.187673106,0.0,,-13.75332735,4.19,0.433534118,0.407139049,0.0,Mature,0.0,24.51,0.231,0.0,0.0,Mature,0.0,
2023-11-06,0.0,0.0,0.406914136,-13.67043193,4.19,0.406914136,0.416533729,0.0,Mature,0.0,24.51,0.231,-0.026619982,0.0,Mature,0.0,
2023-11-07,0.0,0.0,,-13.62869135,4.19,0.406914136,0.425928409,0.0,Mature,0.0,24.51,0.231,0.0,0.0,Mature,0.0,
2023-11-08,0.0,0.0,,-13.58695078,4.19,0.406914136,0.422125554,0.0,Mature,0.0,24.51,0.231,0.0,0.0,Mature,0.0,
2023-11-09,0.0,0.0,,-13.5452102,4.19,0.406914136,0.4183227,0.0,Mature,0.0,24.51,0.231,0.0,0.0,Mature,0.0,
2023-11-10,0.0,0.0,,-13.50346962,4.19,0.406914136,0.414519845,0.0,Mature,0.0,23.97,0.205,0.0,0.0,Mature,0.0,
2023-11-11,0.0,0.0,0.412646609,-13.46172905,4.19,0.412646609,0.411535915,0.0,Mature,0.0,23.97,0.205,0.005732473,0.0,Mature,0.0,
2023-11-12,0.0,0.0,,-13.48899261,4.19,0.412646609,0.408551986,0.0,Mature,0.0,23.97,0.205,0.0,0.0,Mature,0.0,
2023-11-13,0.0,0.0,,-13.51625617,4.19,0.412646609,0.40937091,0.0,Mature,0.0,23.97,0.205,0.0,0.0,Mature,0.0,
2023-11-14,0.939961858,0.812626322,,-13.54351974,4.19,0.412646609,0.410189835,0.0,Mature,0.0,23.97,0.205,0.0,0.0,Mature,0.0,
2023-11-15,0.492191289,0.614627069,,-13.5707833,4.19,0.412646609,0.41100876,0.0,Mature,0.0,25.29,0.184,0.0,0.0,Mature,0.0,
2023-11-16,15.75878063,4.762085075,0.424778999,-13.59804686,4.19,0.424778999,0.413560883,0.0,Mature,0.0,25.29,0.184,0.01213239,0.0,Mature,0.0,
2023-11-17,32.503857,38.81957924,,-13.50336613,4.19,0.424778999,0.416113006,0.0,Mature,0.0,25.29,0.184,0.0,0.0,Mature,0.0,
2023-11-18,0.281646532,0.0,,-13.40868539,4.19,0.424778999,0.417846205,0.0,Mature,0.0,25.29,0.184,0.0,0.0,Mature,0.0,
2023-11-19,1.354040803,0.0,,-13.31400466,5.579,0.424778999,0.419579403,0.0,Mature,0.0,25.29,0.184,0.0,0.0,Mature,0.0,
2023-11-20,0.039919902,0.01530005,,-13.21932392,5.579,0.424778999,0.421312602,0.0,Mature,0.0,23.32,0.358,0.0,0.0,Mature,0.0,
2023-11-21,0.06101837,0.118736343,0.383321798,-13.12464319,5.579,0.383321798,0.417123343,0.0,Mature,0.0,23.32,0.358,-0.041457201,0.0,Mature,0.0,
2023-11-22,3.45e-05,0.0,,-13.12962516,5.579,0.383321798,0.412934084,0.0,Mature,0.0,23.32,0.358,0.0,0.0,Mature,0.0,
2023-11-23,0.0,0.0,,-13.13460713,5.579,0.383321798,0.407011627,0.0,Mature,0.0,23.32,0.358,0.0,0.0,Mature,0.0,
2023-11-24,0.033414659,0.0,,-13.1395891,5.579,0.383321798,0.40108917,0.0,Mature,0.0,23.32,0.358,0.0,0.0,Mature,0.0,
2023-11-25,0.45446375,0.0,,-13.14457107,5.579,0.383321798,0.395166712,0.0,Mature,0.0,21.03,0.312,0.0,0.0,Mature,0.0,
2023-11-26,0.0,0.0,0.366630457,-13.14955304,5.579,0.366630457,0.386859778,0.0,Mature,0.0,21.03,0.312,-0.016691341,0.0,Mature,0.0,
2023-11-27,0.0,0.014062826,,-13.0823347,5.579,0.366630457,0.378552843,0.0,Mature,0.0,21.03,0.312,0.0,0.0,Mature,0.0,
2023-11-28,0.184999152,0.0,,-13.01511637,5.579,0.366630457,0.376168366,0.0,Mature,0.0,21.03,0.312,0.0,0.0,Mature,0.0,
2023-11-29,0.361455545,1.034554743,,-12.94789803,5.579,0.366630457,0.373783888,0.0,Mature,0.0,21.03,0.312,0.0,0.0,Mature,0.0,
2023-11-30,0.0,0.0,,-12.8806797,5.579,0.366630457,0.371399411,0.0,Mature,0.0,22.13,0.272,0.0,0.0,Mature,0.0,
2023-12-01,1.261797463,0.0,0.399501023,-12.81346136,5.579,0.399501023,0.373710729,0.0,Mature,0.0,22.13,0.272,0.032870567,0.0,Mature,0.0,
2023-12-02,0.304321956,0.0,,-12.81736522,5.579,0.399501023,0.376022047,0.0,Mature,0.0,22.13,0.272,0.0,0.0,Mature,0.0,
2023-12-03,0.0,0.621781295,,-12.82126908,5.579,0.399501023,0.380717842,0.0,Mature,0.0,22.13,0.272,0.0,0.0,Mature,0.0,
2023-12-04,1.499247337,5.186210622,,-12.82517293,5.579,0.399501023,0.385413638,0.0,Mature,0.0,22.13,0.272,0.0,0.0,Mature,0.0,
2023-12-05,4.0434449,10.79121326,,-12.82907679,5.579,0.399501023,0.390109433,0.0,Mature,0.0,22.05,0.247,0.0,0.0,Mature,0.0,
2023-12-06,5.433275208,2.68984333,0.377183177,-12.83298065,5.579,0.377183177,0.391616964,0.0,Mature,0.0,22.05,0.247,-0.022317846,0.0,Mature,0.0,
2023-12-07,40.72227385,35.51763791,,-12.86316352,5.579,0.377183177,0.393124496,0.0,Mature,0.0,22.05,0.247,0.0,0.0,Mature,0.0,
2023-12-08,0.398673511,0.0,,-12.8933464,5.579,0.377183177,0.389936232,0.0,Mature,0.0,22.05,0.247,0.0,0.0,Mature,0.0,
2023-12-09,0.0,0.0,,-12.92352927,5.579,0.377183177,0.386747968,1.0,Mature,2.0,22.05,0.247,0.0,0.0,Mature,0.0,
2023-12-10,0.0,0.0,,-12.95371215,5.579,0.377183177,0.383559705,1.0,Mature,2.0,19.79,0.364,0.0,0.0,Mature,0.0,
2023-12-11,0.0,0.0,0.381140192,-12.98389502,5.579,0.381140192,0.380936729,1.0,Mature,2.0,19.79,0.364,0.003957014,0.0,Mature,0.0,
2023-12-12,0.0,0.0,,-12.90031168,5.579,0.381140192,0.378313753,1.0,Mature,2.0,19.79,0.364,0.0,0.0,Mature,0.0,
2023-12-13,0.0,0.0,,-12.81672833,5.579,0.381140192,0.378879041,1.0,Mature,2.0,19.79,0.364,0.0,0.0,Mature,0.0,
2023-12-14,0.0,0.0,,-12.73314499,5.579,0.381140192,0.379444328,1.0,Mature,2.0,19.79,0.364,0.0,0.0,Mature,0.0,
2023-12-15,0.0,0.0,,-12.64956164,5.579,0.381140192,0.380009616,1.0,Mature,2.0,18.47,0.316,0.0,0.0,Mature,0.0,
2023-12-16,0.0,0.0,0.379506996,-12.56597829,8.337,0.379506996,0.38034159,1.0,Mature,2.0,18.47,0.316,-0.001633195,0.0,Mature,0.0,
2023-12-17,0.0,0.0,,-12.59481226,8.337,0.379506996,0.380673564,1.0,Mature,2.0,18.47,0.316,0.0,0.0,Mature,0.0,
2023-12-18,0.0,0.0,,-12.62364623,8.337,0.379506996,0.380440251,1.0,Mature,2.0,18.47,0.316,0.0,0.0,Mature,0.0,
2023-12-19,0.0,0.027462882,,-12.6524802,8.337,0.379506996,0.380206937,1.0,Mature,2.0,18.47,0.316,0.0,0.0,Mature,0.0,
2023-12-20,0.499630046,0.192583453,,-12.68131417,8.337,0.379506996,0.379973624,1.0,Mature,2.0,19.04,0.281,0.0,0.0,Mature,0.0,
2023-12-21,0.0,0.0,0.387121668,-12.71014814,8.337,0.387121668,0.38082812,1.0,Mature,2.0,19.04,0.281,0.007614672,0.0,Mature,0.0,
2023-12-22,0.000795345,0.0,,-12.58578862,8.337,0.387121668,0.381682617,1.0,Mature,2.0,19.04,0.281,0.0,0.0,Mature,0.0,
2023-12-23,1.384329651,0.0446572,,-12.4614291,8.337,0.387121668,0.382770427,1.0,Mature,2.0,19.04,0.281,0.0,0.0,Mature,0.0,
2023-12-24,0.0,0.0,,-12.33706958,8.337,0.387121668,0.383858237,1.0,Mature,2.0,19.04,0.281,0.0,0.0,Mature,0.0,
2023-12-25,0.0,0.0,,-12.21271006,8.337,0.387121668,0.384946048,1.0,Mature,2.0,19.77,0.266,0.0,0.0,Mature,0.0,
2023-12-26,0.0,0.0,0.37941963,-12.08835054,8.337,0.37941963,0.384933567,1.0,Mature,2.0,19.77,0.266,-0.007702038,0.0,Mature,0.0,
2023-12-27,0.0,0.0,,-12.07859717,8.337,0.37941963,0.384921086,1.0,Mature,2.0,19.77,0.266,0.0,0.0,Mature,0.0,
2023-12-28,0.0,0.0,,-12.06884379,8.337,0.37941963,0.383820795,1.0,Mature,2.0,19.77,0.266,0.0,0.0,Mature,0.0,
2023-12-29,0.0,0.0,,-12.05909042,8.337,0.37941963,0.382720504,1.0,Mature,2.0,19.77,0.266,0.0,0.0,Mature,0.0,
2023-12-30,0.0,0.0,,-12.04933704,8.337,0.37941963,0.381620213,1.0,Mature,2.0,20.16,0.238,0.0,0.0,Mature,0.0,
2023-12-31,0.072862643,0.0,0.349352952,-12.03958367,8.337,0.349352952,0.376224682,1.0,Mature,2.0,20.16,0.238,-0.030066678,0.0,Mature,0.0,
2024-01-01,0.0,0.0,0.355443466,-11.05625026,8.337,0.355443466,0.371699224,1.0,Mature,2.0,20.16,0.238,0.006090514,0.0,Mature,0.0,
2024-01-02,0.0,0.0,,-10.99625152,8.337,0.355443466,0.368274058,1.0,Mature,2.0,20.16,0.238,0.0,0.0,Mature,0.0,
2024-01-03,0.0,0.0,,-10.93625278,8.337,0.355443466,0.364848892,1.0,Mature,2.0,20.16,0.238,0.0,0.0,Mature,0.0,
2024-01-04,0.0,0.0,,-10.87625404,8.337,0.355443466,0.361423725,1.0,Mature,2.0,18.31,0.218,0.0,0.0,Mature,0.0,
2024-01-05,0.0,0.0,,-10.8162553,8.337,0.355443466,0.357998559,1.0,Mature,2.0,18.31,0.218,0.0,0.0,Mature,0.0,
2024-01-06,0.0,0.0,0.338920742,-10.75625656,8.337,0.338920742,0.352213003,1.0,Mature,2.0,18.31,0.218,-0.016522724,0.0,Mature,0.0,
2024-01-07,0.0,0.0,,-10.72482729,8.337,0.338920742,0.350722688,1.0,Mature,2.0,18.31,0.218,0.0,0.0,Mature,0.0,
2024-01-08,0.0,0.0,,-10.69339803,8.337,0.338920742,0.348362298,1.0,Mature,2.0,18.31,0.218,0.0,0.0,Mature,0.0,
2024-01-09,0.0,0.0,,-10.66196876,8.337,0.338920742,0.346001909,1.0,Mature,2.0,17.82,0.203,0.0,0.0,Mature,0.0,
2024-01-10,0.0,0.0,,-10.6305395,8.337,0.338920742,0.34364152,1.0,Mature,2.0,17.82,0.203,0.0,0.0,Mature,0.0,
2024-01-11,0.0,0.0,0.395237418,-10.59911023,8.337,0.395237418,0.34932637,0.0,Mature,0.0,17.82,0.203,0.056316676,0.0,Mature,0.0,
2024-01-12,0.0,0.0,,-10.53881136,5.993,0.395237418,0.355011221,0.0,Mature,0.0,17.82,0.203,0.0,0.0,Mature,0.0,
2024-01-13,0.0,0.0,,-10.47851248,5.993,0.395237418,0.36305646,0.0,Mature,0.0,17.82,0.203,0.0,0.0,Mature,0.0,
2024-01-14,0.0,0.0,,-10.41821361,5.993,0.395237418,0.3711017,0.0,Mature,0.0,17.0,0.193,0.0,0.0,Mature,0.0,
2024-01-15,0.0,0.0,,-10.35791474,5.993,0.395237418,0.379146939,0.0,Mature,0.0,17.0,0.193,0.0,0.0,Mature,0.0,
2024-01-16,0.0,0.0,0.445505746,-10.29761587,5.993,0.445505746,0.394373368,0.0,Mature,0.0,17.0,0.193,0.050268328,0.0,Mature,0.0,
2024-01-17,0.0,0.0,,-10.2584639,5.993,0.445505746,0.409599797,0.0,Mature,0.0,17.0,0.193,0.0,0.0,Mature,0.0,
2024-01-18,0.0,0.0,,-10.21931193,5.993,0.445505746,0.416780987,0.0,Mature,0.0,17.0,0.193,0.0,0.0,Mature,0.0,
2024-01-19,0.0,0.0,,-10.18015996,5.993,0.445505746,0.423962177,0.0,Mature,0.0,16.91,0.185,0.0,0.0,Mature,0.0,
2024-01-20,0.0,0.0,,-10.14100799,5.993,0.445505746,0.431143367,0.0,Mature,0.0,16.91,0.185,0.0,0.0,Mature,0.0,
2024-01-21,0.0,0.0,0.466746733,-10.10185602,5.993,0.466746733,0.441358983,0.0,Mature,0.0,16.91,0.185,0.021240987,0.0,Mature,0.0,
2024-01-22,0.0,0.0,,-10.08834933,5.993,0.466746733,0.451574599,0.0,Mature,0.0,16.91,0.185,0.0,0.0,Mature,0.0,
2024-01-23,0.0,0.0,,-10.07484264,5.993,0.466746733,0.454609026,0.0,Mature,0.0,16.91,0.185,0.0,0.0,Mature,0.0,
2024-01-24,0.0,0.0,,-10.06133596,5.993,0.466746733,0.457643453,0.0,Mature,0.0,17.31,0.177,0.0,0.0,Mature,0.0,
2024-01-25,0.0112162,0.598458668,,-10.04782927,5.993,0.466746733,0.46067788,0.0,Mature,0.0,17.31,0.177,0.0,0.0,Mature,0.0,
2024-01-26,0.0,0.0,0.542070204,-10.03432258,5.993,0.542070204,0.474472802,0.0,Mature,0.0,17.31,0.177,0.075323472,0.0,Mature,0.0,
2024-01-27,0.0,0.0,,-9.976181452,5.993,0.542070204,0.488267725,0.0,Mature,0.0,17.31,0.177,0.0,0.0,Mature,0.0,
2024-01-28,0.0,0.0,,-9.918040323,5.993,0.542070204,0.499028221,0.0,Mature,0.0,17.31,0.177,0.0,0.0,Mature,0.0,
2024-01-29,0.0,0.0,,-9.859899195,5.993,0.542070204,0.509788717,0.0,Mature,0.0,16.91,0.171,0.0,0.0,Mature,0.0,
2024-01-30,0.0,0.0,,-9.801758066,5.993,0.542070204,0.520549213,0.0,Mature,0.0,16.91,0.171,0.0,0.0,Mature,0.0,
2024-01-31,0.0,0.0,0.556919388,-9.743616938,5.993,0.556919388,0.53343102,0.0,Mature,0.0,16.91,0.171,0.014849184,0.0,Mature,0.0,
2024-02-01,0.0,0.0,,-9.760539072,5.993,0.556919388,0.546312828,0.0,Mature,0.0,16.91,0.171,0.0,0.0,Mature,0.0,
2024-02-02,5.438018653,2.964773775,,-9.777461206,5.993,0.556919388,0.54843414,0.0,Mature,0.0,16.91,0.171,0.0,0.0,Mature,0.0,
2024-02-03,0.05345755,0.0,,-9.79438334,5.993,0.556919388,0.550555452,0.0,Mature,0.0,17.32,0.233,0.0,0.0,Mature,0.0,
2024-02-04,0.0,0.0,,-9.811305473,5.993,0.556919388,0.552676764,0.0,Mature,0.0,17.32,0.233,0.0,0.0,Mature,0.0,
2024-02-05,0.0,0.0,0.555516125,-9.828227607,5.993,0.555516125,0.55459761,0.0,Mature,0.0,17.32,0.233,-0.001403263,0.0,Mature,0.0,
2024-02-06,0.0,0.0,,-9.797598104,5.993,0.555516125,0.556518456,0.0,Mature,0.0,17.32,0.233,0.0,0.0,Mature,0.0,
2024-02-07,0.0,0.0,,-9.766968602,5.993,0.555516125,0.55631799,0.0,Mature,0.0,17.32,0.233,0.0,0.0,Mature,0.0,
2024-02-08,0.0,0.0,,-9.736339099,6.055,0.555516125,0.556117524,0.0,Mature,0.0,16.5,0.23,0.0,0.0,Mature,0.0,
2024-02-09,0.0,0.0,,-9.705709596,6.055,0.555516125,0.555917057,0.0,Mature,0.0,16.5,0.23,0.0,0.0,Mature,0.0,
2024-02-10,0.0,0.0,0.552050228,-9.675080093,6.055,0.552050228,0.555221463,0.0,Mature,0.0,16.5,0.23,-0.003465897,0.0,Mature,0.0,
2024-02-11,0.556325933,1.815363077,,-9.71030862,6.055,0.552050228,0.554525869,0.0,Mature,0.0,16.5,0.23,0.0,0.0,Mature,0.0,
2024-02-12,0.0,0.0,,-9.745537147,6.055,0.552050228,0.554030741,0.0,Mature,0.0,16.5,0.23,0.0,0.0,Mature,0.0,
2024-02-13,0.0824688,0.838902515,,-9.780765675,6.055,0.552050228,0.553535613,0.0,Mature,0.0,19.89,0.189,0.0,0.0,Mature,0.0,
2024-02-14,0.46550203,0.277463104,,-9.815994202,6.055,0.552050228,0.553040484,0.0,Mature,0.0,19.89,0.189,0.0,0.0,Mature,0.0,
2024-02-15,0.000460173,0.0,0.6682183,-9.851222729,6.055,0.6682183,0.569140795,0.0,Mature,0.0,19.89,0.189,0.116168072,0.0,Growing,0.0,
2024-02-16,0.0,0.0,,-9.872673671,6.055,0.6682183,0.585241106,0.0,Mature,0.0,19.89,0.189,0.0,0.0,Growing,0.0,
2024-02-17,0.0,0.0,,-9.894124612,6.055,0.6682183,0.601836545,0.0,Growing,0.0,19.89,0.189,0.0,0.0,Growing,0.0,
2024-02-18,0.0,0.0,,-9.915575553,6.055,0.6682183,0.618431984,0.0,Growing,0.0,20.01,0.177,0.0,0.0,Growing,0.0,
2024-02-19,0.0,0.0,,-9.937026495,6.055,0.6682183,0.635027422,0.0,Growing,0.0,20.01,0.177,0.0,0.0,Growing,0.0,
2024-02-20,1.20462887,0.007930052,0.69640111,-9.958477436,6.055,0.69640111,0.655648977,0.0,Growing,0.0,20.01,0.177,0.02818281,0.0,Growing,0.0,
2024-02-21,0.162084402,0.057879937,,-10.02801721,6.055,0.69640111,0.676270532,0.0,Growing,0.0,20.01,0.177,0.0,0.0,Growing,0.0,
2024-02-22,1.13776992,0.567710848,,-10.09755698,6.055,0.69640111,0.680296647,0.0,Growing,0.0,20.01,0.177,0.0,0.0,Growing,0.0,
2024-02-23,0.0,0.0,,-10.16709676,6.055,0.69640111,0.684322763,0.0,Growing,0.0,19.92,0.345,0.0,0.0,Growing,0.0,
2024-02-24,0.464666999,0.024186352,,-10.23663653,6.055,0.69640111,0.688348878,0.0,Growing,0.0,19.92,0.345,0.0,0.0,Growing,0.0,
2024-02-25,0.989611067,0.258559785,0.698025438,-10.30617631,6.055,0.698025438,0.692607041,0.0,Growing,0.0,19.92,0.345,0.001624328,0.0,Growing,0.0,
2024-02-26,4.412869949,17.73664646,,-10.34766855,6.055,0.698025438,0.696865203,0.0,Growing,0.0,19.92,0.345,0.0,0.0,Growing,0.0,
2024-02-27,2.215552681,1.484775955,,-10.3891608,6.055,0.698025438,0.69709725,0.0,Growing,0.0,19.92,0.345,0.0,0.0,Growing,0.0,
2024-02-28,0.0,0.0,,-10.43065305,6.055,0.698025438,0.697329297,0.0,Growing,0.0,20.35,0.25,0.0,0.0,Growing,0.0,
2024-02-29,0.0,0.0,,-10.4721453,6.055,0.698025438,0.697561344,0.0,Growing,0.0,20.35,0.25,0.0,0.0,Growing,0.0,
2024-03-01,0.0,0.0,0.707294413,-10.51363754,6.055,0.707294413,0.69911753,0.0,Growing,0.0,20.35,0.25,0.009268975,0.0,Growing,0.0,
2024-03-02,0.0,0.0,,-10.53421162,6.055,0.707294413,0.700673716,0.0,Growing,0.0,20.35,0.25,0.0,0.0,Growing,0.0,
2024-03-03,0.0,0.0,,-10.55478569,6.055,0.707294413,0.701997856,0.0,Growing,0.0,20.35,0.25,0.0,0.0,Growing,0.0,
2024-03-04,0.0,0.007086633,,-10.57535976,6.055,0.707294413,0.703321995,0.0,Growing,0.0,22.65,0.2,0.0,0.0,Growing,0.0,
2024-03-05,0.0,0.0,,-10.59593383,6.055,0.707294413,0.704646134,0.0,Growing,0.0,22.65,0.2,0.0,0.0,Growing,0.0,
2024-03-06,0.0,0.0,0.710877766,-10.6165079,6.055,0.710877766,0.706482181,0.0,Growing,0.0,22.65,0.2,0.003583353,0.0,Growing,0.0,
2024-03-07,0.0,0.0,,-10.67279341,6.055,0.710877766,0.708318228,0.0,Growing,0.0,22.65,0.2,0.0,0.0,Growing,0.0,
2024-03-08,0.0,0.0,,-10.72907893,6.055,0.710877766,0.708830136,0.0,Growing,0.0,22.65,0.2,0.0,0.0,Growing,0.0,
2024-03-09,0.0,0.0,,-10.78536444,6.055,0.710877766,0.709342043,0.0,Growing,0.0,21.24,0.176,0.0,0.0,Growing,0.0,
2024-03-10,0.0,0.0,,-10.84164996,6.055,0.710877766,0.709853951,0.0,Growing,0.0,21.24,0.176,0.0,0.0,Growing,0.0,
2024-03-11,0.0,0.0,0.694292164,-10.89793547,6.055,0.694292164,0.707996487,0.0,Growing,0.0,21.24,0.176,-0.016585603,0.0,Growing,0.0,
2024-03-12,0.0,0.0,,-10.85719171,6.055,0.694292164,0.706139023,0.0,Growing,0.0,21.24,0.176,0.0,0.0,Growing,0.0,
2024-03-13,0.0,0.0,,-10.81644794,6.055,0.694292164,0.703769651,0.0,Growing,0.0,21.24,0.176,0.0,0.0,Growing,0.0,
2024-03-14,0.0,0.0,,-10.77570417,6.055,0.694292164,0.701400279,0.0,Growing,0.0,24.15,0.188,0.0,0.0,Growing,0.0,
2024-03-15,0.0,0.0,,-10.7349604,6.055,0.694292164,0.699030907,0.0,Growing,0.0,24.15,0.188,0.0,0.0,Growing,0.0,
2024-03-16,1.504142629,6.979229176,0.6957082,-10.69421664,6.055,0.6957082,0.696863826,0.0,Growing,0.0,24.15,0.188,0.001416036,0.0,Growing,0.0,
2024-03-17,0.0,2.64e-08,,-10.61180361,6.055,0.6957082,0.694696745,0.0,Growing,0.0,24.15,0.188,0.0,0.0,Growing,0.0,
2024-03-18,0.149000643,0.276679023,,-10.52939059,6.055,0.6957082,0.694899036,0.0,Growing,0.0,24.15,0.188,0.0,0.0,Growing,0.0,
2024-03-19,18.77068647,24.17659824,,-10.44697757,6.055,0.6957082,0.695101327,0.0,Growing,0.0,25.62,0.187,0.0,0.0,Growing,0.0,
2024-03-20,2.674322974,9.486895121,,-10.36456454,6.055,0.6957082,0.695303618,0.0,Growing,0.0,25.62,0.187,0.0,0.0,Growing,0.0,
2024-03-21,0.769870372,6.113359429,0.629738981,-10.28215152,6.055,0.629738981,0.686081735,0.0,Growing,0.0,25.62,0.187,-0.065969218,0.0,Growing,0.0,
2024-03-22,0.0,0.034458786,,-10.25405898,6.055,0.629738981,0.676859852,0.0,Growing,0.0,25.62,0.187,0.0,0.0,Growing,0.0,
2024-03-23,31.53177548,46.62793698,,-10.22596643,6.055,0.629738981,0.667435678,0.0,Growing,0.0,25.62,0.187,0.0,0.0,Growing,0.0,
2024-03-24,0.027686106,0.052847624,,-10.19787389,6.055,0.629738981,0.658011503,0.0,Growing,0.0,22.43,0.316,0.0,0.0,Growing,0.0,
2024-03-25,146.3476332,37.43470865,,-10.16978135,6.055,0.629738981,0.648587329,0.0,Growing,0.0,22.43,0.316,0.0,0.0,Growing,0.0,
2024-03-26,4.137902715,4.184488166,0.566975124,-10.14168881,6.055,0.566975124,0.63019689,0.0,Growing,0.0,22.43,0.316,-0.062763857,0.0,Mature,0.0,
2024-03-27,0.285688302,0.174498175,,-9.959329461,6.055,0.566975124,0.611806451,0.0,Growing,0.0,22.43,0.316,0.0,0.0,Mature,0.0,
2024-03-28,0.0,0.0,,-9.776970115,6.055,0.566975124,0.602840185,0.0,Growing,0.0,22.43,0.316,0.0,0.0,Mature,0.0,
2024-03-29,0.175161014,0.017369313,,-9.594610768,6.055,0.566975124,0.59387392,0.0,Mature,0.0,25.28,0.307,0.0,0.0,Mature,0.0,
2024-03-30,2.080687566,0.539543815,,-9.412251421,6.055,0.566975124,0.584907655,0.0,Mature,0.0,25.28,0.307,0.0,0.0,Mature,0.0,
2024-03-31,18.87575889,24.1908431,0.525748043,-9.229892074,6.055,0.525748043,0.570051806,0.0,Mature,0.0,25.28,0.307,-0.041227081,0.0,Mature,0.0,
2024-04-01,0.226282732,0.005646322,,-9.328463636,6.055,0.525748043,0.555195958,0.0,Mature,0.0,25.28,0.307,0.0,0.0,Mature,0.0,
2024-04-02,36.93591551,5.822983068,,-9.427035197,6.976,0.525748043,0.549306375,0.0,Mature,0.0,25.28,0.307,0.0,0.0,Mature,0.0,
2024-04-03,0.494345494,0.014417063,,-9.525606758,6.976,0.525748043,0.543416792,0.0,Mature,0.0,26.48,0.372,0.0,0.0,Mature,0.0,
2024-04-04,14.88509842,17.21312144,,-9.624178319,6.976,0.525748043,0.537527209,0.0,Mature,0.0,26.48,0.372,0.0,0.0,Mature,0.0,
2024-04-05,54.26948104,5.17946746,0.515732868,-9.722749881,6.976,0.515732868,0.530206887,0.0,Mature,0.0,26.48,0.372,-0.010015174,0.0,Mature,0.0,
2024-04-06,0.063435288,7.681187488,,-9.790770663,6.976,0.515732868,0.522886564,0.0,Mature,0.0,26.48,0.372,0.0,0.0,Mature,0.0,
2024-04-07,0.341260672,0.094123068,,-9.858791446,6.976,0.515732868,0.521455825,0.0,Mature,0.0,26.48,0.372,0.0,0.0,Mature,0.0,
2024-04-08,0.033852677,0.048496945,,-9.926812228,6.976,0.515732868,0.520025086,0.0,Mature,0.0,26.14,0.364,0.0,0.0,Mature,0.0,
2024-04-09,0.163880432,3.360170044,,-9.994833011,6.976,0.515732868,0.518594347,0.0,Mature,0.0,26.14,0.364,0.0,0.0,Mature,0.0,
2024-04-10,1.319821436,3.994346204,0.531573559,-10.06285379,6.976,0.531573559,0.519426563,0.0,Mature,0.0,26.14,0.364,0.01584069,0.0,Mature,0.0,
2024-04-11,6.713184141,1.095562396,,-9.977937463,6.976,0.531573559,0.52025878,0.0,Mature,0.0,26.14,0.364,0.0,0.0,Mature,0.0,
2024-04-12,0.093336208,0.586428022,,-9.893021132,6.976,0.531573559,0.522521736,0.0,Mature,0.0,26.14,0.364,0.0,0.0,Mature,0.0,
2024-04-13,0.000402935,1.204725066,,-9.808104801,6.976,0.531573559,0.524784691,0.0,Mature,0.0,27.4,0.275,0.0,0.0,Mature,0.0,
2024-04-14,0.015617854,10.0546782,,-9.723188471,6.976,0.531573559,0.527047647,0.0,Mature,0.0,27.4,0.275,0.0,0.0,Mature,0.0,
2024-04-15,3.757193055,12.09272362,0.531547845,-9.63827214,6.976,0.531547845,0.52930693,0.0,Mature,0.0,27.4,0.275,-2.57e-05,0.0,Mature,0.0,
2024-04-16,0.0,0.0,,-9.631530106,6.976,0.531547845,0.531566212,0.0,Mature,0.0,27.4,0.275,0.0,0.0,Mature,0.0,
2024-04-17,4.299275928,22.49321088,,-9.624788072,6.976,0.531547845,0.531562539,0.0,Mature,0.0,27.4,0.275,0.0,0.0,Mature,0.0,
2024-04-18,0.0,0.0,,-9.618046039,6.976,0.531547845,0.531558865,0.0,Mature,0.0,26.98,0.34,0.0,0.0,Mature,0.0,
2024-04-19,0.0,8.272710924,,-9.611304005,6.976,0.531547845,0.531555192,0.0,Mature,0.0,26.98,0.34,0.0,0.0,Mature,0.0,
2024-04-20,0.018809144,0.177261038,0.493048838,-9.604561971,6.976,0.493048838,0.526051661,0.0,Mature,0.0,26.98,0.34,-0.038499008,0.0,Mature,0.0,
2024-04-21,21.98094994,15.63458054,,-9.48659349,6.976,0.493048838,0.520548129,0.0,Mature,0.0,26.98,0.34,0.0,0.0,Mature,0.0,
2024-04-22,0.0,0.0,,-9.36862501,6.976,0.493048838,0.515048271,0.0,Mature,0.0,26.98,0.34,0.0,0.0,Mature,0.0,
2024-04-23,0.010910644,0.868458006,,-9.250656529,6.976,0.493048838,0.509548412,0.0,Mature,0.0,28.48,0.33,0.0,0.0,Mature,0.0,
2024-04-24,0.0,0.00562225,,-9.132688049,6.976,0.493048838,0.504048554,0.0,Mature,0.0,28.48,0.33,0.0,0.0,Mature,0.0,
2024-04-25,0.0,0.0,0.494312518,-9.014719568,6.976,0.494312518,0.498729222,0.0,Mature,0.0,28.48,0.33,0.00126368,0.0,Mature,0.0,
2024-04-26,7.570899432,0.354262964,,-9.001566888,6.976,0.494312518,0.493409889,0.0,Mature,0.0,28.48,0.33,0.0,0.0,Mature,0.0,
2024-04-27,0.809613941,7.204527655,,-8.988414209,6.976,0.494312518,0.493590415,0.0,Mature,0.0,28.48,0.33,0.0,0.0,Mature,0.0,
2024-04-28,0.0,0.096105815,,-8.97526153,6.976,0.494312518,0.493770941,0.0,Mature,0.0,28.71,0.311,0.0,0.0,Mature,0.0,
2024-04-29,0.0,0.008349011,,-8.96210885,6.653,0.494312518,0.493951466,0.0,Mature,0.0,28.71,0.311,0.0,0.0,Mature,0.0,
2024-04-30,0.047582459,2.018456765,0.452589698,-8.948956171,6.653,0.452589698,0.488171589,0.0,Mature,0.0,28.71,0.311,-0.04172282,0.0,Mature,0.0,
2024-05-01,0.0,26.16948381,,-8.897063141,3.95,0.452589698,0.482391712,0.0,Mature,0.0,28.71,0.311,0.0,0.0,Mature,0.0,
2024-05-02,1.689808128,0.008516812,,-8.845170112,4.23,0.452589698,0.476431309,0.0,Mature,0.0,28.71,0.311,0.0,0.0,Mature,0.0,
2024-05-03,0.0,0.0,,-8.793277083,4.61,0.452589698,0.470470906,0.0,Mature,0.0,26.85,0.336,0.0,0.0,Mature,0.0,
2024-05-04,64.57942968,12.22342921,,-8.741384054,4.65,0.452589698,0.464510504,0.0,Mature,0.0,26.85,0.336,0.0,0.0,Mature,0.0,
2024-05-05,22.46059763,28.20852983,0.469621674,-8.689491025,4.6,0.469621674,0.46098324,0.0,Mature,0.0,26.85,0.336,0.017031976,0.0,Mature,0.0,
2024-05-06,20.76276949,52.28131038,,-8.680089833,4.71,0.469621674,0.457455977,0.0,Mature,0.0,26.85,0.336,0.0,0.0,Mature,0.0,
2024-05-07,0.0,0.010138931,,-8.670688641,4.84,0.469621674,0.459889116,0.0,Mature,0.0,26.85,0.336,0.0,0.0,Mature,0.0,
2024-05-08,6.145695773,2.19675885,,-8.661287449,4.75,0.469621674,0.462322256,0.0,Mature,0.0,26.36,0.387,0.0,0.0,Mature,0.0,
2024-05-09,12.91285106,5.484235353,,-8.651886257,4.61,0.469621674,0.464755395,0.0,Mature,0.0,26.36,0.387,0.0,0.0,Mature,0.0,
2024-05-10,0.615681963,2.698693614,0.483858111,-8.642485065,4.43,0.483858111,0.469222311,0.0,Mature,0.0,26.36,0.387,0.014236437,0.0,Mature,0.0,
2024-05-11,0.03719393,0.0,,-8.645499307,4.25,0.483858111,0.473689227,0.0,Mature,0.0,26.36,0.387,0.0,0.0,Mature,0.0,
2024-05-12,0.021496046,0.0,,-8.648513549,4.0,0.483858111,0.475723004,0.0,Mature,0.0,26.36,0.387,0.0,0.0,Mature,0.0,
2024-05-13,0.0,0.0,,-8.651527792,3.79,0.483858111,0.477756781,0.0,Mature,0.0,28.31,0.373,0.0,0.0,Mature,0.0,
2024-05-14,0.0,0.070871945,,-8.654542034,3.55,0.483858111,0.479790557,0.0,Mature,0.0,28.31,0.373,0.0,0.0,Mature,0.0,
2024-05-15,0.365804238,0.00965021,0.4535976,-8.657556276,3.31,0.4535976,0.477501404,0.0,Mature,0.0,28.31,0.373,-0.030260511,0.0,Mature,0.0,
2024-05-16,1.704854863,3.16688298,,-9.15869385,3.07,0.4535976,0.47521225,0.0,Mature,0.0,28.31,0.373,0.0,0.0,Mature,0.0,
2024-05-17,60.68406711,89.61984064,,-9.659831424,2.87,0.4535976,0.47088932,0.0,Mature,0.0,28.31,0.373,0.0,0.0,Mature,0.0,
2024-05-18,3.45079306,13.28125314,,-10.160969,2.85,0.4535976,0.46656639,0.0,Mature,0.0,27.75,0.413,0.0,0.0,Mature,0.0,
2024-05-19,10.4328475,3.407607371,,-10.66210657,2.87,0.4535976,0.46224346,0.0,Mature,0.0,27.75,0.413,0.0,0.0,Mature,0.0,
2024-05-20,20.11184418,3.051443393,0.453390636,-11.16324414,2.8,0.453390636,0.457890964,0.0,Mature,0.0,27.75,0.413,-0.000206964,0.0,Mature,0.0,
2024-05-21,0.819906319,0.011445849,,-11.66648916,2.71,0.453390636,0.453538467,0.0,Mature,0.0,27.75,0.413,0.0,0.0,Mature,0.0,
2024-05-22,0.035117623,0.003375507,,-12.16973417,2.61,0.453390636,0.453508901,0.0,Mature,0.0,27.75,0.413,0.0,0.0,Mature,0.0,
2024-05-23,0.0,0.83041731,,-12.67297918,2.52,0.453390636,0.453479335,0.0,Mature,0.0,30.5,0.361,0.0,0.0,Mature,0.0,
2024-05-24,0.0,1.806422462,,-13.17622419,2.45,0.453390636,0.453449768,1.0,Mature,2.0,30.5,0.361,0.0,0.0,Mature,0.0,
2024-05-25,4.043127668,29.23337678,0.407858776,-13.6794692,2.4,0.407858776,0.446915651,1.0,Mature,2.0,30.5,0.361,-0.04553186,0.0,Mature,0.0,
2024-05-26,69.35503245,180.9076257,,-13.8344531,2.4,0.407858776,0.440381533,1.0,Mature,2.0,30.5,0.361,0.0,0.0,Mature,0.0,
2024-05-27,85.27246,114.075395,,-13.98943699,2.68,0.407858776,0.433876982,1.0,Mature,2.0,30.5,0.361,0.0,0.0,Mature,0.0,
2024-05-28,40.19120769,99.83695356,,-14.14442089,4.97,0.407858776,0.42737243,1.0,Mature,2.0,25.59,0.431,0.0,0.0,Mature,0.0,
2024-05-29,24.14351991,248.3674525,,-14.29940479,6.12,0.407858776,0.420867879,1.0,Mature,2.0,25.59,0.431,0.0,0.0,Mature,0.0,
2024-05-30,34.45927533,38.4948436,0.038837701,-14.45438869,6.97,0.038837701,0.361646031,1.0,Mature,2.0,25.59,0.431,-0.369021075,0.0,Growing,0.0,
2024-05-31,0.624210649,4.881310156,,-14.75924947,7.23,0.038837701,0.302424183,1.0,Mature,2.0,25.59,0.431,0.0,0.0,Growing,0.0,
2024-06-01,7.285354904,48.91768559,,-15.06411026,7.21,0.038837701,0.249706887,1.0,Post-Harvest,3.0,25.59,0.431,0.0,0.0,Growing,0.0,
2024-06-02,32.55698077,23.24990072,,-15.36897104,7.34,0.038837701,0.19698959,1.0,Post-Harvest,3.0,27.39,0.431,0.0,0.0,Growing,0.0,
2024-06-03,11.41335914,19.14004185,,-15.67383183,7.49,0.038837701,0.144272294,1.0,Post-Harvest,3.0,27.39,0.431,0.0,0.0,Growing,0.0,
2024-06-04,24.12906179,13.71018305,0.037462518,-15.97869261,7.51,0.037462518,0.091358543,1.0,Post-Harvest,3.0,27.39,0.431,-0.001375182,0.0,Growing,0.0,
2024-06-05,15.25874967,11.19890659,,-15.96745304,7.4,0.037462518,0.038444792,1.0,Post-Harvest,3.0,27.39,0.431,0.0,0.0,Growing,0.0,
2024-06-06,11.96173986,3.829012572,,-15.95621347,7.31,0.037462518,0.038248337,1.0,Post-Harvest,3.0,27.39,0.431,0.0,0.0,Growing,0.0,
2024-06-07,2.776498508,0.465141035,,-15.94497391,7.15,0.037462518,0.038051882,1.0,Post-Harvest,3.0,27.45,0.429,0.0,0.0,Growing,0.0,
2024-06-08,32.4459154,8.607602112,,-15.93373434,7.0,0.037462518,0.037855428,1.0,Post-Harvest,3.0,27.45,0.429,0.0,0.0,Growing,0.0,
2024-06-09,35.88421103,10.74386437,0.035954887,-15.92249477,6.97,0.035954887,0.037443597,1.0,Post-Harvest,3.0,27.45,0.429,-0.001507631,0.0,Growing,0.0,
2024-06-10,37.13008453,16.78405471,,-15.81304494,6.92,0.035954887,0.037031767,1.0,Post-Harvest,3.0,27.45,0.429,0.0,0.0,Growing,0.0,
2024-06-11,17.57892716,8.847185973,,-15.7035951,6.84,0.035954887,0.036816391,1.0,Post-Harvest,3.0,27.45,0.429,0.0,0.0,Growing,0.0,
2024-06-12,56.39065226,88.58127451,,-15.59414527,6.83,0.035954887,0.036601015,1.0,Post-Harvest,3.0,28.06,0.426,0.0,0.0,Growing,0.0,
2024-06-13,79.90406045,70.90478677,,-15.48469544,7.14,0.035954887,0.036385639,1.0,Post-Harvest,3.0,28.06,0.426,0.0,0.0,Growing,0.0,
2024-06-14,52.52778284,132.1086357,0.023750454,-15.3752456,7.05,0.023750454,0.034426772,1.0,Post-Harvest,3.0,28.06,0.426,-0.012204433,0.0,Growing,0.0,
2024-06-15,86.91715749,75.15434926,,-15.62645182,7.51,0.023750454,0.032467906,1.0,Post-Harvest,3.0,28.06,0.426,0.0,0.0,Growing,0.0,
2024-06-16,123.5059557,134.4317112,,-15.87765803,7.66,0.023750454,0.030724416,1.0,Post-Harvest,3.0,28.06,0.426,0.0,0.0,Growing,0.0,
2024-06-17,142.8514526,205.1409114,,-16.12886425,7.96,0.023750454,0.028980925,1.0,Post-Harvest,3.0,27.49,0.434,0.0,1.0,Growing,1.0,
2024-06-18,109.6751395,118.2695319,,-16.38007046,8.41,0.023750454,0.027237435,1.0,Post-Harvest,3.0,27.49,0.434,0.0,1.0,Growing,1.0,
2024-06-19,84.76529635,51.07198763,0.023131807,-16.63127668,8.21,0.023131807,0.025405566,1.0,Post-Harvest,3.0,27.49,0.434,-0.000618647,1.0,Growing,1.0,
2024-06-20,20.21359332,5.966551328,,-16.3217465,8.05,0.023131807,0.023573698,1.0,Post-Harvest,3.0,27.49,0.434,0.0,1.0,Growing,1.0,
2024-06-21,11.91891309,0.513815222,,-16.01221631,7.85,0.023131807,0.02348532,1.0,Post-Harvest,3.0,27.49,0.434,0.0,1.0,Growing,1.0,
2024-06-22,18.79296827,10.57291933,,-15.70268613,7.69,0.023131807,0.023396941,1.0,Post-Harvest,3.0,27.59,0.426,0.0,0.0,Growing,0.0,
2024-06-23,3.118721524,10.76951324,,-15.39315594,7.54,0.023131807,0.023308563,1.0,Post-Harvest,3.0,27.59,0.426,0.0,0.0,Growing,0.0,
2024-06-24,13.81517725,2.736015432,0.001748621,-15.08362576,7.4,0.001748621,0.020165444,1.0,Post-Harvest,3.0,27.59,0.426,-0.021383186,0.0,Growing,0.0,
2024-06-25,26.86550366,4.457023879,,-15.21132229,7.32,0.001748621,0.017022325,1.0,Post-Harvest,3.0,27.59,0.426,0.0,0.0,Growing,0.0,
2024-06-26,15.16904794,11.65682625,,-15.33901883,7.23,0.001748621,0.013967584,1.0,Post-Harvest,3.0,27.59,0.426,0.0,0.0,Growing,0.0,
2024-06-27,18.8088774,24.83194578,,-15.46671536,7.17,0.001748621,0.010912843,1.0,Post-Harvest,3.0,27.68,0.432,0.0,0.0,Growing,0.0,
2024-06-28,6.208366325,4.218399046,,-15.5944119,7.09,0.001748621,0.007858103,1.0,Post-Harvest,3.0,27.68,0.432,0.0,0.0,Growing,0.0,
2024-06-29,16.50818143,26.28797543,0.113938028,-15.72210843,7.12,0.113938028,0.02083042,1.0,Post-Harvest,3.0,27.68,0.432,0.112189407,0.0,Growing,0.0,
2024-06-30,76.02274656,94.98274821,,-15.66757412,7.31,0.113938028,0.033802737,1.0,Post-Harvest,3.0,27.68,0.432,0.0,0.0,Growing,0.0,
2024-07-01,129.8296993,155.404926,,-15.61303981,7.85,0.113938028,0.049829796,1.0,Post-Harvest,3.0,27.68,0.432,0.0,0.0,Growing,0.0,
2024-07-02,9.149744148,6.190867246,,-15.5585055,8.03,0.113938028,0.065856854,1.0,Post-Harvest,3.0,26.15,0.433,0.0,0.0,Growing,0.0,
2024-07-03,2.635007035,5.941748839,,-15.50397119,7.82,0.113938028,0.081883912,1.0,Post-Harvest,3.0,26.15,0.433,0.0,0.0,Growing,0.0,
2024-07-04,16.23392721,19.06228439,0.120628531,-15.44943688,7.71,0.120628531,0.098866756,1.0,Post-Harvest,3.0,26.15,0.433,0.006690503,0.0,Growing,0.0,
2024-07-05,10.40498561,18.33161455,,-15.54672531,7.69,0.120628531,0.1158496,1.0,Post-Harvest,3.0,26.15,0.433,0.0,0.0,Growing,0.0,
2024-07-06,8.147393248,4.956981576,,-15.64401374,7.63,0.120628531,0.116805387,1.0,Post-Harvest,3.0,26.15,0.433,0.0,0.0,Growing,0.0,
2024-07-07,17.08525528,0.898307458,,-15.74130217,7.51,0.120628531,0.117761173,1.0,Post-Harvest,3.0,28.01,0.429,0.0,0.0,Growing,0.0,
2024-07-08,21.00153371,4.230310192,,-15.83859061,7.43,0.120628531,0.118716959,1.0,Post-Harvest,3.0,28.01,0.429,0.0,0.0,Growing,0.0,
2024-07-09,94.60772534,25.64300369,0.146282568,-15.93587904,7.35,0.146282568,0.123337608,1.0,Post-Harvest,3.0,28.01,0.429,0.025654036,0.0,Growing,0.0,
2024-07-10,158.5820768,85.97199401,,-16.14853228,7.52,0.146282568,0.127958256,1.0,Post-Harvest,3.0,28.01,0.429,0.0,1.0,Growing,1.0,
2024-07-11,68.69406104,75.42482857,,-16.36118552,7.7,0.146282568,0.131623118,1.0,Post-Harvest,3.0,28.01,0.429,0.0,1.0,Growing,1.0,
2024-07-12,7.018756968,3.791896959,,-16.57383877,7.99,0.146282568,0.135287981,1.0,Post-Harvest,3.0,26.77,0.43,0.0,1.0,Growing,1.0,
2024-07-13,3.970362107,1.497425949,,-16.78649201,7.69,0.146282568,0.138952843,1.0,Post-Harvest,3.0,26.77,0.43,0.0,1.0,Growing,1.0,
2024-07-14,7.240766836,4.959633148,0.150148012,-16.99914525,7.53,0.150148012,0.143169912,1.0,Post-Harvest,3.0,26.77,0.43,0.003865444,1.0,Growing,1.0,
2024-07-15,6.190916051,9.775747344,,-16.77047641,7.38,0.150148012,0.14738698,1.0,Post-Harvest,3.0,26.77,0.43,0.0,1.0,Growing,1.0,
2024-07-16,6.499864876,7.043645841,,-16.54180756,7.25,0.150148012,0.147939187,1.0,Post-Harvest,3.0,26.77,0.43,0.0,1.0,Growing,1.0,
2024-07-17,9.454765451,3.718942114,,-16.31313872,7.15,0.150148012,0.148491393,1.0,Post-Harvest,3.0,29.91,0.421,0.0,1.0,Growing,1.0,
2024-07-18,12.8596303,67.39593698,,-16.08446987,7.03,0.150148012,0.149043599,0.0,Post-Harvest,0.0,29.91,0.421,0.0,1.0,Growing,1.0,
2024-07-19,43.35274759,60.16263653,0.106742132,-15.85580103,6.95,0.106742132,0.143394966,0.0,Post-Harvest,0.0,29.91,0.421,-0.04340588,0.0,Growing,0.0,
2024-07-20,6.626455746,8.777468135,,-15.96602559,6.88,0.106742132,0.137746332,0.0,Post-Harvest,0.0,29.91,0.421,0.0,0.0,Growing,0.0,
2024-07-21,10.10769861,36.60356034,,-16.07625016,6.82,0.106742132,0.131545492,0.0,Post-Harvest,0.0,29.91,0.421,0.0,0.0,Growing,0.0,
2024-07-22,8.306398988,7.839463771,,-16.18647473,6.77,0.106742132,0.125344652,0.0,Post-Harvest,0.0,26.29,0.432,0.0,0.0,Growing,0.0,
2024-07-23,2.031583754,0.715768678,,-16.29669929,6.78,0.106742132,0.119143812,0.0,Post-Harvest,0.0,26.29,0.432,0.0,0.0,Growing,0.0,
2024-07-24,18.86388446,5.398991434,0.094652515,-16.40692386,6.74,0.094652515,0.111215884,0.0,Post-Harvest,0.0,26.29,0.432,-0.012089618,0.0,Growing,0.0,
2024-07-25,3.49620018,0.480959108,,-16.29426616,6.67,0.094652515,0.103287956,0.0,Post-Harvest,0.0,26.29,0.432,0.0,0.0,Growing,0.0,
2024-07-26,1.151548263,0.23368124,,-16.18160846,6.6,0.094652515,0.101560868,0.0,Post-Harvest,0.0,26.29,0.432,0.0,0.0,Growing,0.0,
2024-07-27,5.618984304,7.160415912,,-16.06895076,6.51,0.094652515,0.099833779,0.0,Post-Harvest,0.0,31.02,0.403,0.0,0.0,Growing,0.0,
2024-07-28,35.37798202,31.78779184,,-15.95629306,6.45,0.094652515,0.098106691,0.0,Post-Harvest,0.0,31.02,0.403,0.0,0.0,Growing,0.0,
2024-07-29,14.64558919,27.91607815,0.0498074,-15.84363536,6.39,0.0498074,0.089973158,0.0,Post-Harvest,0.0,31.02,0.403,-0.044845114,0.0,Growing,0.0,
2024-07-30,5.168778281,21.63375111,,-15.81924935,6.36,0.0498074,0.081839625,0.0,Post-Harvest,0.0,31.02,0.403,0.0,0.0,Growing,0.0,
2024-07-31,2.881462992,0.713497858,,-15.79486333,6.31,0.0498074,0.07543318,0.0,Post-Harvest,0.0,31.02,0.403,0.0,0.0,Growing,0.0,
2024-08-01,22.17982198,20.13555659,,-15.77047732,6.26,0.0498074,0.069026735,0.0,Post-Harvest,0.0,25.98,0.435,0.0,0.0,Growing,0.0,
2024-08-02,80.13522534,85.5322759,,-15.7460913,6.28,0.0498074,0.06262029,0.0,Post-Harvest,0.0,25.98,0.435,0.0,0.0,Growing,0.0,
2024-08-03,33.23670383,26.85114182,0.050740353,-15.72170529,6.54,0.050740353,0.056347124,0.0,Post-Harvest,0.0,25.98,0.435,0.000932953,0.0,Growing,0.0,
2024-08-04,52.79792477,19.09545093,,-15.64051937,6.64,0.050740353,0.050073958,0.0,Post-Harvest,0.0,25.98,0.435,0.0,0.0,Growing,0.0,
2024-08-05,40.57852152,31.45820805,,-15.55933345,6.83,0.050740353,0.050207237,1.0,Post-Harvest,3.0,25.98,0.435,0.0,0.0,Growing,0.0,
2024-08-06,11.33528389,12.14728462,,-15.47814752,6.74,0.050740353,0.050340516,1.0,Post-Harvest,3.0,27.27,0.428,0.0,0.0,Growing,0.0,
2024-08-07,11.4066617,30.38525322,,-15.3969616,6.63,0.050740353,0.050473795,1.0,Post-Harvest,3.0,27.27,0.428,0.0,0.0,Growing,0.0,
2024-08-08,8.250447198,12.54016194,0.058502887,-15.31577568,6.62,0.058502887,0.051716007,1.0,Post-Harvest,3.0,27.27,0.428,0.007762534,0.0,Growing,0.0,
2024-08-09,5.756420329,6.053659916,,-15.28643439,6.69,0.058502887,0.05295822,1.0,Post-Harvest,3.0,27.27,0.428,0.0,0.0,Growing,0.0,
2024-08-10,42.34350786,60.60669815,,-15.2570931,6.73,0.058502887,0.054067153,1.0,Post-Harvest,3.0,27.27,0.428,0.0,0.0,Growing,0.0,
2024-08-11,76.80580756,38.48655751,,-15.22775181,6.94,0.058502887,0.055176087,1.0,Post-Harvest,3.0,26.58,0.433,0.0,0.0,Growing,0.0,
2024-08-12,33.7686853,18.85529583,,-15.19841052,7.03,0.058502887,0.05628502,0.0,Post-Harvest,0.0,26.58,0.433,0.0,0.0,Growing,0.0,
2024-08-13,2.725610713,0.339703794,0.088366751,-15.16906923,6.93,0.088366751,0.06166022,0.0,Post-Harvest,0.0,26.58,0.433,0.029863864,0.0,Growing,0.0,
2024-08-14,1.232230071,0.800373737,,-15.16461009,6.81,0.088366751,0.067035419,1.0,Post-Harvest,3.0,26.58,0.433,0.0,0.0,Growing,0.0,
2024-08-15,39.67515537,68.39260776,,-15.16015095,6.7,0.088366751,0.071301686,1.0,Post-Harvest,3.0,26.58,0.433,0.0,0.0,Growing,0.0,
2024-08-16,5.445056659,2.938645931,,-15.1556918,6.68,0.088366751,0.075567952,1.0,Post-Harvest,3.0,27.86,0.426,0.0,0.0,Growing,0.0,
2024-08-17,14.6338491,9.152919389,,-15.15123266,6.57,0.088366751,0.079834218,1.0,Post-Harvest,3.0,27.86,0.426,0.0,0.0,Growing,0.0,
2024-08-18,18.01877088,22.17435785,0.196747214,-15.14677351,6.46,0.196747214,0.099583408,1.0,Post-Harvest,3.0,27.86,0.426,0.108380463,0.0,Growing,0.0,
2024-08-19,59.50712238,121.0310127,,-15.16426665,6.4,0.196747214,0.119332597,1.0,Post-Harvest,3.0,27.86,0.426,0.0,0.0,Growing,0.0,
2024-08-20,24.31529082,49.73156439,,-15.18175979,6.62,0.196747214,0.134815521,1.0,Post-Harvest,3.0,27.86,0.426,0.0,0.0,Growing,0.0,
2024-08-21,62.71883382,56.63053473,,-15.19925293,7.0,0.196747214,0.150298444,1.0,Post-Harvest,3.0,24.84,0.436,0.0,0.0,Growing,0.0,
2024-08-22,16.86733625,16.37506312,,-15.21674607,7.07,0.196747214,0.165781367,0.0,Post-Harvest,0.0,24.84,0.436,0.0,0.0,Growing,0.0,
2024-08-23,14.4350919,19.52332117,0.194392886,-15.23423921,6.98,0.194392886,0.180927958,0.0,Post-Harvest,0.0,24.84,0.436,-0.002354328,0.0,Growing,0.0,
2024-08-24,19.1217965,11.09863163,,-15.28549602,6.92,0.194392886,0.196074549,0.0,Post-Harvest,0.0,24.84,0.436,0.0,0.0,Growing,0.0,
2024-08-25,6.691477116,0.040620593,,-15.33675283,6.83,0.194392886,0.195738216,0.0,Post-Harvest,0.0,24.84,0.436,0.0,0.0,Growing,0.0,
2024-08-26,9.709076454,0.697736232,,-15.38800964,6.75,0.194392886,0.195401884,0.0,Post-Harvest,0.0,27.0,0.42,0.0,0.0,Growing,0.0,
2024-08-27,2.662585186,0.569626214,,-15.43926645,6.66,0.194392886,0.195065551,0.0,Post-Harvest,0.0,27.0,0.42,0.0,0.0,Growing,0.0,
2024-08-28,0.705134932,1.082630434,0.18409633,-15.49052327,6.54,0.18409633,0.193258282,0.0,Post-Harvest,0.0,27.0,0.42,-0.010296555,0.0,Growing,0.0,
2024-08-29,6.692513993,4.276798243,,-15.38028049,6.48,0.18409633,0.191451013,0.0,Post-Harvest,0.0,27.0,0.42,0.0,0.0,Growing,0.0,
2024-08-30,32.05417569,1.185225644,,-15.27003772,6.39,0.18409633,0.189980076,0.0,Post-Harvest,0.0,27.0,0.42,0.0,0.0,Growing,0.0,
2024-08-31,27.84926073,3.939266471,,-15.15979495,6.33,0.18409633,0.18850914,0.0,Post-Harvest,0.0,28.29,0.423,0.0,0.0,Growing,0.0,
2024-09-01,6.141846427,10.62473181,,-15.04955217,6.34,0.18409633,0.187038203,0.0,Post-Harvest,0.0,28.29,0.423,0.0,0.0,Growing,0.0,
2024-09-02,38.99249178,33.72002025,0.22729927,-14.9393094,6.24,0.22729927,0.191739115,0.0,Post-Harvest,0.0,28.29,0.423,0.043202939,0.0,Growing,0.0,
2024-09-03,0.693259923,0.270218613,,-14.93958719,6.19,0.22729927,0.196440027,0.0,Post-Harvest,0.0,28.29,0.423,0.0,0.0,Growing,0.0,
2024-09-04,4.494225789,0.346128341,,-14.93986498,6.08,0.22729927,0.202611876,0.0,Post-Harvest,0.0,28.29,0.423,0.0,0.0,Growing,0.0,
2024-09-05,6.752542537,8.083589408,,-14.94014277,6.06,0.22729927,0.208783724,0.0,Post-Harvest,0.0,28.54,0.415,0.0,0.0,Growing,0.0,
2024-09-06,5.275887693,0.719449917,,-14.94042057,5.98,0.22729927,0.214955573,0.0,Post-Harvest,0.0,28.54,0.415,0.0,0.0,Growing,0.0,
2024-09-07,0.33733664,0.095909732,0.247012859,-14.94069836,5.9,0.247012859,0.223943648,0.0,Post-Harvest,0.0,28.54,0.415,0.019713589,0.0,Growing,0.0,
2024-09-08,5.68551826,0.054598023,,-14.81076751,5.81,0.247012859,0.232931724,0.0,Post-Harvest,0.0,28.54,0.415,0.0,0.0,Growing,0.0,
2024-09-09,3.561100767,1.18281379,,-14.68083666,5.73,0.247012859,0.235747951,0.0,Post-Harvest,0.0,28.54,0.415,0.0,0.0,Growing,0.0,
2024-09-10,8.212812274,5.293363784,,-14.55090582,5.65,0.247012859,0.238564178,0.0,Post-Harvest,0.0,28.41,0.421,0.0,0.0,Growing,0.0,
2024-09-11,1.869005632,4.693723459,,-14.42097497,5.59,0.247012859,0.241380405,0.0,Post-Harvest,0.0,28.41,0.421,0.0,0.0,Growing,0.0,
2024-09-12,0.654659075,0.029675598,0.277073884,-14.29104413,5.51,0.277073884,0.248491064,0.0,Post-Harvest,0.0,28.41,0.421,0.030061026,0.0,Growing,0.0,
2024-09-13,4.821122051,0.432884334,,-14.18143019,5.41,0.277073884,0.255601723,0.0,Post-Harvest,0.0,28.41,0.421,0.0,0.0,Growing,0.0,
2024-09-14,7.517585084,6.096805226,,-14.07181625,5.3,0.277073884,0.259896155,0.0,Post-Harvest,0.0,28.41,0.421,0.0,0.0,Growing,0.0,
2024-09-15,15.42389878,22.84218559,,-13.96220231,5.22,0.277073884,0.264190588,0.0,Post-Harvest,0.0,26.85,0.421,0.0,0.0,Growing,0.0,
2024-09-16,2.964289707,0.256600839,,-13.85258837,5.13,0.277073884,0.26848502,0.0,Post-Harvest,0.0,26.85,0.421,0.0,0.0,Growing,0.0,
2024-09-17,1.104041155,0.119344145,0.288349999,-13.74297443,5.04,0.288349999,0.274390326,0.0,Post-Harvest,0.0,26.85,0.421,0.011276114,0.0,Growing,0.0,
2024-09-18,0.415383515,0.034499294,,-13.8296013,4.95,0.288349999,0.280295631,0.0,Post-Harvest,0.0,26.85,0.421,0.0,0.0,Growing,0.0,
2024-09-19,0.991853668,0.292200274,,-13.91622817,4.83,0.288349999,0.281906505,0.0,Post-Harvest,0.0,26.85,0.421,0.0,0.0,Growing,0.0,
2024-09-20,2.591960155,0.0,,-14.00285504,4.78,0.288349999,0.283517378,0.0,Post-Harvest,0.0,31.26,0.346,0.0,0.0,Post_Harvest,0.0,
2024-09-21,26.66392698,49.73389165,,-14.08948192,4.71,0.288349999,0.285128252,0.0,Post-Harvest,0.0,31.26,0.346,0.0,0.0,Post_Harvest,0.0,
2024-09-22,3.082649098,0.016346967,0.257461623,-14.17610879,4.71,0.257461623,0.2823265,0.0,Post-Harvest,0.0,31.26,0.346,-0.030888376,0.0,Post_Harvest,0.0,
2024-09-23,7.58410484,1.50095907,,-14.11018986,4.62,0.257461623,0.279524749,0.0,Post-Harvest,0.0,31.26,0.346,0.0,0.0,Post_Harvest,0.0,
2024-09-24,19.08001363,14.90502782,,-14.04427094,4.56,0.257461623,0.275112124,0.0,Post-Harvest,0.0,31.26,0.346,0.0,0.0,Post_Harvest,0.0,
2024-09-25,17.81518423,29.22651537,,-13.97835202,4.54,0.257461623,0.270699498,0.0,Post-Harvest,0.0,25.72,0.438,0.0,0.0,Growing,0.0,
2024-09-26,16.89640588,23.4904789,,-13.91243309,4.59,0.257461623,0.266286873,0.0,Post-Harvest,0.0,25.72,0.438,0.0,0.0,Growing,0.0,
2024-09-27,4.735092213,3.698321511,0.269143226,-13.84651417,4.57,0.269143226,0.263543049,0.0,Post-Harvest,0.0,25.72,0.438,0.011681603,0.0,Growing,0.0,
2024-09-28,20.78894832,5.138589433,,-14.03024966,4.58,0.269143226,0.260799224,0.0,Post-Harvest,0.0,25.72,0.438,0.0,0.0,Growing,0.0,
2024-09-29,31.99219392,34.18942781,,-14.21398514,4.88,0.269143226,0.262468024,0.0,Post-Harvest,0.0,25.72,0.438,0.0,0.0,Growing,0.0,
2024-09-30,62.77228554,19.36260898,,-14.39772063,5.14,0.269143226,0.264136825,0.0,Post-Harvest,0.0,27.86,0.427,0.0,0.0,Growing,0.0,
2024-10-01,9.312940173,14.88129737,,-14.58145612,5.34,0.269143226,0.265805625,0.0,Post-Harvest,0.0,27.86,0.427,0.0,0.0,Growing,0.0,
2024-10-02,5.222428869,7.405317184,0.321945495,-14.76519161,5.34,0.321945495,0.275017607,0.0,Post-Harvest,0.0,27.86,0.427,0.05280227,0.0,Mature,0.0,
2024-10-03,29.91497805,48.1788636,,-14.78392323,5.3,0.321945495,0.284229589,0.0,Post-Harvest,0.0,27.86,0.427,0.0,0.0,Mature,0.0,
2024-10-04,29.13317403,46.2881159,,-14.80265485,5.4,0.321945495,0.29177277,0.0,Post-Harvest,0.0,27.86,0.427,0.0,0.0,Mature,0.0,
2024-10-05,21.75068121,21.9747526,,-14.82138647,5.79,0.321945495,0.299315951,0.0,Post-Harvest,0.0,24.44,0.434,0.0,0.0,Mature,0.0,
2024-10-06,6.718124855,6.038448383,,-14.8401181,6.05,0.321945495,0.306859133,0.0,Mature,0.0,24.44,0.434,0.0,0.0,Mature,0.0,
2024-10-07,1.222578093,0.254774323,0.348592705,-14.85884972,6.12,0.348592705,0.318209058,0.0,Mature,0.0,24.44,0.434,0.02664721,0.0,Mature,0.0,
2024-10-08,5.998650419,6.168800958,,-14.80988467,6.05,0.348592705,0.329558984,0.0,Mature,0.0,24.44,0.434,0.0,0.0,Mature,0.0,
2024-10-09,4.7460013,0.080944992,,-14.76091962,6.0,0.348592705,0.333365728,0.0,Mature,0.0,24.44,0.434,0.0,0.0,Mature,0.0,
2024-10-10,29.27430333,8.479315719,,-14.71195458,5.93,0.348592705,0.337172473,0.0,Mature,0.0,25.72,0.433,0.0,0.0,Mature,0.0,
2024-10-11,1.66611502,0.089435824,,-14.66298953,5.93,0.348592705,0.340979217,0.0,Mature,0.0,25.72,0.433,0.0,0.0,Mature,0.0,
2024-10-12,1.319708768,0.0,0.371629974,-14.61402449,5.84,0.371629974,0.348076999,0.0,Mature,0.0,25.72,0.433,0.023037269,0.0,Mature,0.0,
2024-10-13,1.716100803,0.157193225,,-14.57652691,5.73,0.371629974,0.355174782,0.0,Mature,0.0,25.72,0.433,0.0,0.0,Mature,0.0,
2024-10-14,1.625994282,0.518603643,,-14.53902933,5.63,0.371629974,0.358465821,0.0,Mature,0.0,25.72,0.433,0.0,0.0,Mature,0.0,
2024-10-15,1.973437438,0.799076148,,-14.50153175,5.55,0.371629974,0.361756859,0.0,Mature,0.0,26.27,0.369,0.0,0.0,Mature,0.0,
2024-10-16,0.858799688,0.235049357,,-14.46403418,5.51,0.371629974,0.365047897,0.0,Mature,0.0,26.27,0.369,0.0,0.0,Mature,0.0,
2024-10-17,11.95306797,0.304506338,0.373241478,-14.4265366,5.29,0.373241478,0.368569151,0.0,Mature,0.0,26.27,0.369,0.001611504,0.0,Mature,0.0,
2024-10-18,11.03057506,0.282235539,,-14.28650697,5.26,0.373241478,0.372090404,0.0,Mature,0.0,26.27,0.369,0.0,0.0,Mature,0.0,
2024-10-19,3.662244242,0.0,,-14.14647734,5.16,0.373241478,0.372320619,0.0,Mature,0.0,26.27,0.369,0.0,0.0,Mature,0.0,
2024-10-20,0.024076704,1.009181931,,-14.00644771,5.19,0.373241478,0.372550834,0.0,Mature,0.0,25.67,0.376,0.0,0.0,Mature,0.0,
2024-10-21,2.178444586,0.190423126,,-13.86641808,4.98,0.373241478,0.372781048,0.0,Mature,0.0,25.67,0.376,0.0,0.0,Mature,0.0,
2024-10-22,1.24901276,0.036255288,0.38887602,-13.72638844,4.91,0.38887602,0.375244769,0.0,Mature,0.0,25.67,0.376,0.015634542,0.0,Mature,0.0,
2024-10-23,13.36901244,23.82168475,,-13.72175733,4.84,0.38887602,0.37770849,0.0,Mature,0.0,25.67,0.376,0.0,0.0,Mature,0.0,
2024-10-24,15.08893436,16.7300842,,-13.71712621,4.73,0.38887602,0.379941996,0.0,Mature,0.0,25.67,0.376,0.0,0.0,Mature,0.0,
2024-10-25,5.408188818,2.363610672,,-13.71249509,4.77,0.38887602,0.382175502,0.0,Mature,0.0,26.62,0.402,0.0,0.0,Mature,0.0,
2024-10-26,1.17156247,1.98263043,,-13.70786397,4.6,0.38887602,0.384409008,0.0,Mature,0.0,26.62,0.402,0.0,0.0,Mature,0.0,
2024-10-27,3.557741415,0.062397742,0.397377779,-13.70323285,4.53,0.397377779,0.387857051,0.0,Mature,0.0,26.62,0.402,0.008501758,0.0,Mature,0.0,
2024-10-28,1.250901959,0.0,,-13.60595287,4.46,0.397377779,0.391305094,1.0,Mature,2.0,26.62,0.402,0.0,0.0,Mature,0.0,
2024-10-29,0.978955948,0.0,,-13.5086729,4.38,0.397377779,0.392519631,1.0,Mature,2.0,26.62,0.402,0.0,0.0,Mature,0.0,
2024-10-30,0.16238636,0.0,,-13.41139292,4.32,0.397377779,0.393734168,1.0,Mature,2.0,25.81,0.359,0.0,0.0,Mature,0.0,
2024-10-31,0.285788344,0.0,,-13.31411294,4.26,0.397377779,0.394948705,1.0,Mature,2.0,25.81,0.359,0.0,0.0,Mature,0.0,
2024-11-01,0.561775557,0.0,0.409782574,-13.21683296,4.26,0.409782574,0.397935355,1.0,Mature,2.0,25.81,0.359,0.012404795,0.0,Mature,0.0,
2024-11-02,0.154112214,0.0,,-13.20420926,4.26,0.409782574,0.400922006,1.0,Mature,2.0,25.81,0.359,0.0,0.0,Mature,0.0,
2024-11-03,0.045298294,0.0,,-13.19158557,4.26,0.409782574,0.402694119,1.0,Mature,2.0,25.81,0.359,0.0,0.0,Mature,0.0,
2024-11-04,0.334303975,0.0,,-13.17896187,7.502,0.409782574,0.404466233,1.0,Mature,2.0,25.51,0.322,0.0,0.0,Mature,0.0,
2024-11-05,3.970042508,0.966431555,,-13.16633817,7.502,0.409782574,0.406238347,1.0,Mature,2.0,25.51,0.322,0.0,0.0,Mature,0.0,
2024-11-06,1.049161901,2.807122651,0.397237071,-13.15371447,7.502,0.397237071,0.406218246,1.0,Mature,2.0,25.51,0.322,-0.012545503,0.0,Mature,0.0,
2024-11-07,0.252045451,0.018321579,,-13.04398662,7.502,0.397237071,0.406198145,1.0,Mature,2.0,25.51,0.322,0.0,0.0,Mature,0.0,
2024-11-08,0.063884941,0.0,,-12.93425876,7.502,0.397237071,0.40440593,1.0,Mature,2.0,25.51,0.322,0.0,0.0,Mature,0.0,
2024-11-09,0.010227272,0.000409027,,-12.82453091,7.502,0.397237071,0.402613715,1.0,Mature,2.0,23.96,0.307,0.0,0.0,Mature,0.0,
2024-11-10,0.0,0.0,,-12.71480305,7.502,0.397237071,0.400821501,1.0,Mature,2.0,23.96,0.307,0.0,0.0,Mature,0.0,
2024-11-11,0.0,0.0,0.381334866,-12.6050752,7.502,0.381334866,0.396757542,1.0,Mature,2.0,23.96,0.307,-0.015902205,0.0,Mature,0.0,
2024-11-12,0.008863636,0.001396333,,-12.55441596,7.502,0.381334866,0.392693584,1.0,Mature,2.0,23.96,0.307,0.0,0.0,Mature,0.0,
2024-11-13,0.0,0.010832158,,-12.50375672,7.502,0.381334866,0.39042184,1.0,Mature,2.0,23.96,0.307,0.0,0.0,Mature,0.0,
2024-11-14,0.0,0.004640338,,-12.45309748,7.502,0.381334866,0.388150097,1.0,Mature,2.0,23.5,0.263,0.0,0.0,Mature,0.0,
2024-11-15,0.015951704,0.0,,-12.40243825,7.502,0.381334866,0.385878353,1.0,Mature,2.0,23.5,0.263,0.0,0.0,Mature,0.0,
2024-11-16,0.0,0.002045134,0.364422116,-12.35177901,7.502,0.364422116,0.381190502,1.0,Mature,2.0,23.5,0.263,-0.01691275,0.0,Mature,0.0,
2024-11-17,0.0,0.000818054,,-12.33967786,7.502,0.364422116,0.376502652,1.0,Mature,2.0,23.5,0.263,0.0,0.0,Mature,0.0,
2024-11-18,0.008025568,0.0,,-12.32757672,7.502,0.364422116,0.374086545,1.0,Mature,2.0,23.5,0.263,0.0,0.0,Mature,0.0,
2024-11-19,0.0,0.0,,-12.31547557,7.502,0.364422116,0.371670437,1.0,Mature,2.0,22.35,0.235,0.0,0.0,Mature,0.0,
2024-11-20,0.0,0.0,,-12.30337443,7.502,0.364422116,0.36925433,1.0,Mature,2.0,22.35,0.235,0.0,0.0,Mature,0.0,
2024-11-21,0.0,0.02435825,0.348098792,-12.29127328,7.502,0.348098792,0.36450632,1.0,Mature,2.0,22.35,0.235,-0.016323324,0.0,Mature,0.0,
2024-11-22,0.0,0.002961918,,-12.14493776,7.502,0.348098792,0.359758309,1.0,Mature,2.0,22.35,0.235,0.0,0.0,Mature,0.0,
2024-11-23,0.000454545,0.026530324,,-11.99860223,7.502,0.348098792,0.357426405,1.0,Mature,2.0,22.35,0.235,0.0,0.0,Mature,0.0,
2024-11-24,0.0,0.004908321,,-11.85226671,7.502,0.348098792,0.355094502,1.0,Mature,2.0,21.81,0.223,0.0,0.0,Mature,0.0,
2024-11-25,0.0,0.0,,-11.70593119,7.502,0.348098792,0.352762599,1.0,Mature,2.0,21.81,0.223,0.0,0.0,Mature,0.0,
2024-11-26,0.018110795,0.0,0.356868761,-11.55959567,7.502,0.356868761,0.351683548,1.0,Mature,2.0,21.81,0.223,0.008769969,0.0,Mature,0.0,
2024-11-27,0.006193182,0.012574048,,-11.60143382,7.502,0.356868761,0.350604497,1.0,Mature,2.0,21.81,0.223,0.0,0.0,Mature,0.0,
2024-11-28,0.0,0.037299012,,-11.64327197,7.502,0.356868761,0.35185735,1.0,Mature,2.0,21.81,0.223,0.0,0.0,Mature,0.0,
2024-11-29,0.0,0.0,,-11.68511012,7.502,0.356868761,0.353110203,1.0,Mature,2.0,22.66,0.2,0.0,0.0,Mature,0.0,
2024-11-30,0.001548295,0.004739069,,-11.72694827,7.502,0.356868761,0.354363055,1.0,Mature,2.0,22.66,0.2,0.0,0.0,Mature,0.0,
2024-12-01,0.0,0.001636107,0.355699257,-11.76878643,7.502,0.355699257,0.355448836,1.0,Mature,2.0,22.66,0.2,-0.001169504,0.0,Mature,0.0,
2024-12-02,0.0,0.004668547,,-11.66297903,7.502,0.355699257,0.356534617,1.0,Mature,2.0,22.66,0.2,0.0,0.0,Mature,0.0,
2024-12-03,0.0,0.002045134,,-11.55717164,7.502,0.355699257,0.356367545,1.0,Mature,2.0,22.66,0.2,0.0,0.0,Mature,0.0,
2024-12-04,0.0,0.0,,-11.45136424,7.502,0.355699257,0.356200473,1.0,Mature,2.0,20.36,0.185,0.0,0.0,Mature,0.0,
2024-12-05,0.0,0.0,,-11.34555685,7.502,0.355699257,0.356033401,1.0,Mature,2.0,20.36,0.185,0.0,0.0,Mature,0.0,
2024-12-06,0.0,0.006911142,0.358964893,-11.23974945,7.502,0.358964893,0.356332848,1.0,Mature,2.0,20.36,0.185,0.003265637,0.0,Mature,0.0,
2024-12-07,0.0,0.0,,-11.28035989,7.502,0.358964893,0.356632296,1.0,Mature,2.0,20.36,0.185,0.0,0.0,Mature,0.0,
2024-12-08,0.0,0.0,,-11.32097032,7.502,0.358964893,0.357098815,1.0,Mature,2.0,20.36,0.185,0.0,0.0,Mature,0.0,
2024-12-09,0.0,0.002623413,,-11.36158075,7.502,0.358964893,0.357565335,1.0,Mature,2.0,19.72,0.178,0.0,0.0,Mature,0.0,
2024-12-10,0.0,0.002454161,,-11.40219119,7.502,0.358964893,0.358031854,1.0,Mature,2.0,19.72,0.178,0.0,0.0,Mature,0.0,
2024-12-11,0.0,0.008857546,0.359514326,-11.44280162,7.502,0.359514326,0.358576864,1.0,Mature,2.0,19.72,0.178,0.000549433,0.0,Mature,0.0,
2024-12-12,0.0,0.005754584,,-11.48982437,7.502,0.359514326,0.359121874,1.0,Mature,2.0,19.72,0.178,0.0,0.0,Mature,0.0,
2024-12-13,0.0,0.001974612,,-11.53684712,7.502,0.359514326,0.359200365,1.0,Mature,2.0,19.72,0.178,0.0,0.0,Mature,0.0,
2024-12-14,0.0,0.0,,-11.58386986,7.502,0.359514326,0.359278855,1.0,Mature,2.0,17.9,0.174,0.0,0.0,Mature,0.0,
2024-12-15,0.0,0.0,,-11.63089261,7.502,0.359514326,0.359357345,1.0,Mature,2.0,17.9,0.174,0.0,0.0,Mature,0.0,
2024-12-16,0.0,0.000818054,0.353364213,-11.67791536,7.502,0.353364213,0.358557248,1.0,Mature,2.0,17.9,0.174,-0.006150114,0.0,Mature,0.0,
2024-12-17,0.0,0.0,,-11.6041244,7.502,0.353364213,0.357757151,1.0,Mature,2.0,17.9,0.174,0.0,0.0,Mature,0.0,
2024-12-18,0.0,0.0,,-11.53033344,7.502,0.353364213,0.356878563,1.0,Mature,2.0,17.9,0.174,0.0,0.0,Mature,0.0,
2024-12-19,0.0,0.0,,-11.45654249,7.502,0.353364213,0.355999976,1.0,Mature,2.0,19.64,0.168,0.0,0.0,Mature,0.0,
2024-12-20,0.036150568,0.014344146,,-11.38275153,7.502,0.353364213,0.355121388,1.0,Mature,2.0,19.64,0.168,0.0,0.0,Mature,0.0,
2024-12-21,0.003963068,0.220296186,0.348937223,-11.30896057,7.502,0.348937223,0.353610373,1.0,Mature,2.0,19.64,0.168,-0.004426989,0.0,Mature,0.0,
2024-12-22,0.0,0.0,,-11.30543983,7.502,0.348937223,0.352099359,1.0,Mature,2.0,19.64,0.168,0.0,0.0,Mature,0.0,
2024-12-23,0.0,0.0,,-11.30191908,7.502,0.348937223,0.351466932,1.0,Mature,2.0,19.64,0.168,0.0,0.0,Mature,0.0,
2024-12-24,0.0,0.0,,-11.29839834,7.502,0.348937223,0.350834505,1.0,Mature,2.0,18.27,0.166,0.0,0.0,Mature,0.0,
2024-12-25,0.0,0.0,,-11.29487759,7.502,0.348937223,0.350202077,1.0,Mature,2.0,18.27,0.166,0.0,0.0,Mature,0.0,
2024-12-26,0.0,0.0,0.344621361,-11.29135684,7.502,0.344621361,0.348953099,1.0,Mature,2.0,18.27,0.166,-0.004315863,0.0,Mature,0.0,
2024-12-27,0.0,0.0,,-11.20581014,7.502,0.344621361,0.34770412,0.0,Mature,0.0,18.27,0.166,0.0,0.0,Mature,0.0,
2024-12-28,0.0,0.0,,-11.12026345,6.503,0.344621361,0.347087568,0.0,Mature,0.0,18.27,0.166,0.0,0.0,Mature,0.0,
2024-12-29,0.0,0.0,,-11.03471675,6.503,0.344621361,0.346471016,0.0,Mature,0.0,19.28,0.163,0.0,0.0,Mature,0.0,
2024-12-30,0.0,0.0,,-10.94917005,6.503,0.344621361,0.345854464,0.0,Mature,0.0,19.28,0.163,0.0,0.0,Mature,0.0,
2024-12-31,0.0,0.00122708,0.390139146,-10.86362335,6.503,0.390139146,0.351740453,0.0,Mature,0.0,19.28,0.163,0.045517786,0.0,Mature,0.0,
2025-01-01,0.0,0.034513397,0.387700971,,6.503,0.387700971,0.357626442,0.0,Mature,0.0,19.28,0.163,-0.002438175,0.0,Mature,0.0,
2025-01-02,0.0,0.0,,,6.503,0.390139146,0.364128983,0.0,Mature,0.0,19.28,0.163,0.002438175,0.0,Mature,0.0,
2025-01-03,0.003977273,0.005923836,,,6.503,0.390139146,0.370631524,0.0,Mature,0.0,18.31,0.161,0.0,0.0,Mature,0.0,
2025-01-04,0.0,0.0,,,6.503,0.390139146,0.377134065,0.0,Mature,0.0,18.31,0.161,0.0,0.0,Mature,0.0,
2025-01-05,0.0,0.004964739,,,6.503,0.390139146,0.383636605,0.0,Mature,0.0,18.31,0.161,0.0,0.0,Mature,0.0,
2025-01-06,0.0,0.004090268,0.387905388,,6.503,0.387905388,0.390139146,0.0,Mature,0.0,18.31,0.161,-0.002233758,0.0,Mature,0.0,
2025-01-07,0.0,0.0,,,6.503,0.390139146,0.390139146,0.0,Mature,0.0,18.31,0.161,0.002233758,0.0,Mature,0.0,
2025-01-08,0.0,0.00616361,,,6.503,0.390139146,0.390139146,0.0,Mature,0.0,17.47,0.171,0.0,0.0,Mature,0.0,
2025-01-09,0.0,0.0,,,6.503,0.390139146,0.390139146,0.0,Mature,0.0,17.47,0.171,0.0,0.0,Mature,0.0,
2025-01-10,0.0,0.023695345,,,6.503,0.390139146,0.390139146,0.0,Mature,0.0,17.47,0.171,0.0,0.0,Mature,0.0,
2025-01-11,0.0,0.001057828,0.391122575,,6.503,0.391122575,0.390139146,0.0,Mature,0.0,17.47,0.171,0.000983429,0.0,Mature,0.0,
2025-01-12,0.0,0.0,,,6.503,0.390139146,0.390139146,0.0,Mature,0.0,17.47,0.171,-0.000983429,0.0,Mature,0.0,
2025-01-13,0.0,0.010634696,,,6.503,0.390139146,0.390139146,0.0,Mature,0.0,19.13,0.166,0.0,0.0,Mature,0.0,
2025-01-14,0.0,0.0229055,,,6.503,0.390139146,0.390139146,0.0,Mature,0.0,19.13,0.166,0.0,0.0,Mature,0.0,
2025-01-15,0.417457375,0.044153736,,,6.503,0.390139146,0.390139146,0.0,Mature,0.0,19.13,0.166,0.0,0.0,Mature,0.0,
2025-01-16,0.0,0.045839209,0.443601513,,6.503,0.443601513,0.390139146,0.0,Mature,0.0,19.13,0.166,0.053462367,0.0,Mature,0.0,
2025-01-17,0.0,0.021720733,,,6.503,0.390139146,0.390139146,0.0,Mature,0.0,19.13,0.166,-0.053462367,0.0,Mature,0.0,
2025-01-18,0.0,0.043582509,,,6.503,0.390139146,0.390139146,0.0,Mature,0.0,18.99,0.162,0.0,0.0,Mature,0.0,
2025-01-19,0.0,0.006544429,,,6.503,0.390139146,0.390139146,0.0,Mature,0.0,18.99,0.162,0.0,0.0,Mature,0.0,
2025-01-20,0.0,0.0,,,6.503,0.390139146,0.390139146,0.0,Mature,0.0,18.99,0.162,0.0,0.0,Mature,0.0,
2025-01-21,0.0,0.0,0.559005863,,6.503,0.559005863,0.390139146,0.0,Mature,0.0,18.99,0.162,0.168866717,0.0,Mature,0.0,
2025-01-22,0.0,0.020733427,,,6.503,0.390139146,0.390139146,0.0,Mature,0.0,18.99,0.162,-0.168866717,0.0,Mature,0.0,
2025-01-23,0.0,0.0,,,6.503,0.390139146,0.390139146,0.0,Mature,0.0,17.93,0.162,0.0,0.0,Mature,0.0,
2025-01-24,0.0,0.0,,,5.958,0.390139146,0.390139146,0.0,Mature,0.0,17.93,0.162,0.0,0.0,Mature,0.0,
2025-01-25,0.0,0.00493653,,,5.958,0.390139146,0.390139146,0.0,Mature,0.0,17.93,0.162,0.0,0.0,Mature,0.0,
2025-01-26,0.0,0.01480959,0.594024548,,5.958,0.594024548,0.390139146,0.0,Mature,0.0,17.93,0.162,0.203885401,0.0,Mature,0.0,
2025-01-27,0.0,0.0,,,5.958,0.390139146,0.390139146,0.0,Mature,0.0,17.93,0.162,-0.203885401,0.0,Mature,0.0,
2025-01-28,0.0,0.0,,,5.958,0.390139146,0.390139146,0.0,Mature,0.0,18.22,0.166,0.0,0.0,Mature,0.0,
2025-01-29,0.0,0.052397742,,,5.958,0.390139146,0.390139146,0.0,Mature,0.0,18.22,0.166,0.0,0.0,Mature,0.0,
2025-01-30,0.0,0.006544429,,,5.958,0.390139146,0.390139146,0.0,Mature,0.0,18.22,0.166,0.0,0.0,Mature,0.0,
2025-01-31,0.0,0.001438646,0.599427251,,5.958,0.599427251,0.390139146,0.0,Mature,0.0,18.22,0.166,0.209288105,0.0,Mature,0.0,
2025-02-01,0.0,0.0,,,5.958,0.390139146,0.390139146,0.0,Mature,0.0,18.22,0.166,-0.209288105,0.0,Mature,0.0,
2025-02-02,0.0,0.016755994,,,5.958,0.390139146,0.390139146,0.0,Mature,0.0,19.03,0.216,0.0,0.0,Mature,0.0,
2025-02-03,0.0,0.013497884,,,5.958,0.390139146,0.390139146,0.0,Mature,0.0,19.03,0.216,0.0,0.0,Mature,0.0,
2025-02-04,0.0,0.032665726,,,5.958,0.390139146,0.390139146,0.0,Mature,0.0,19.03,0.216,0.0,0.0,Mature,0.0,
2025-02-05,0.0,0.030761636,0.646607682,,5.958,0.646607682,0.390139146,0.0,Mature,0.0,19.03,0.216,0.256468536,0.0,Growing,0.0,
2025-02-06,0.0,0.011170663,,,5.958,0.390139146,0.390139146,0.0,Mature,0.0,19.03,0.216,-0.256468536,0.0,Mature,0.0,
2025-02-07,0.0,0.0,,,5.958,0.390139146,0.390139146,0.0,Mature,0.0,18.62,0.188,0.0,0.0,Mature,0.0,
2025-02-08,0.0,0.053060648,,,5.958,0.390139146,0.390139146,0.0,Mature,0.0,18.62,0.188,0.0,0.0,Mature,0.0,
2025-02-09,0.0,0.049351198,,,5.958,0.390139146,0.390139146,0.0,Mature,0.0,18.62,0.188,0.0,0.0,Mature,0.0,
2025-02-10,0.0,0.110888572,0.645512087,,5.958,0.645512087,0.390139146,0.0,Mature,0.0,18.62,0.188,0.25537294,0.0,Growing,0.0,
2025-02-11,0.0,0.001636107,,,5.958,0.390139146,0.390139146,0.0,Mature,0.0,18.62,0.188,-0.25537294,0.0,Mature,0.0,
2025-02-12,0.0,0.018758814,,,5.958,0.390139146,0.390139146,0.0,Mature,0.0,19.75,0.177,0.0,0.0,Mature,0.0,
2025-02-13,0.0,0.0,,,5.958,0.390139146,0.390139146,0.0,Mature,0.0,19.75,0.177,0.0,0.0,Mature,0.0,
2025-02-14,0.0,0.0,,,5.958,0.390139146,0.390139146,0.0,Mature,0.0,19.75,0.177,0.0,0.0,Mature,0.0,
2025-02-15,0.0,0.028462623,0.657524409,,5.958,0.657524409,0.390139146,0.0,Mature,0.0,19.75,0.177,0.267385263,0.0,Growing,0.0,
2025-02-16,0.0,0.0,,,5.958,0.390139146,0.390139146,0.0,Mature,0.0,19.75,0.177,-0.267385263,0.0,Mature,0.0,
2025-02-17,0.0,0.090832155,,,5.958,0.390139146,0.390139146,0.0,Mature,0.0,21.54,0.175,0.0,0.0,Mature,0.0,
2025-02-18,0.0,0.000818054,,,5.958,0.390139146,0.390139146,0.0,Mature,0.0,21.54,0.175,0.0,0.0,Mature,0.0,
2025-02-19,0.0,0.011861777,,,5.958,0.390139146,0.390139146,0.0,Mature,0.0,21.54,0.175,0.0,0.0,Mature,0.0,
2025-02-20,0.0,0.008180536,0.657485443,,5.843,0.657485443,0.390139146,0.0,Mature,0.0,21.54,0.175,0.267346297,0.0,Growing,0.0,
2025-02-21,0.0,0.0,,,5.843,0.390139146,0.390139146,0.0,Mature,0.0,21.54,0.175,-0.267346297,0.0,Mature,0.0,
2025-02-22,0.0,0.265916775,,,5.843,0.390139146,0.390139146,0.0,Mature,0.0,21.76,0.223,0.0,0.0,Mature,0.0,
2025-02-23,4.442798187,4.013970291,,,5.843,0.390139146,0.390139146,0.0,Mature,0.0,21.76,0.223,0.0,0.0,Mature,0.0,
2025-02-24,0.0,0.007898448,,,5.843,0.390139146,0.390139146,0.0,Mature,0.0,21.76,0.223,0.0,0.0,Mature,0.0,
2025-02-25,0.0,0.0,0.641918345,,5.843,0.641918345,0.390139146,0.0,Mature,0.0,21.76,0.223,0.251779199,0.0,Growing,0.0,
2025-02-26,0.0,0.008244005,,,5.843,0.390139146,0.390139146,0.0,Mature,0.0,21.76,0.223,-0.251779199,0.0,Mature,0.0,
2025-02-27,0.91230112,1.294167801,,,5.843,0.390139146,0.390139146,0.0,Mature,0.0,21.93,0.191,0.0,0.0,Mature,0.0,
2025-02-28,0.0,0.0,,,5.843,0.390139146,0.390139146,0.0,Mature,0.0,21.93,0.191,0.0,0.0,Mature,0.0,
2025-03-01,0.0,0.000818054,,,5.843,0.390139146,0.390139146,0.0,Mature,0.0,21.93,0.191,0.0,0.0,Mature,0.0,
2025-03-02,0.0,0.0,0.641323305,,5.843,0.641323305,0.390139146,0.0,Mature,0.0,21.93,0.191,0.251184159,0.0,Growing,0.0,
2025-03-03,0.0,0.0,,,5.843,0.390139146,0.390139146,0.0,Mature,0.0,21.93,0.191,-0.251184159,0.0,Mature,0.0,
2025-03-04,0.0,0.0,,,5.843,0.390139146,0.390139146,0.0,Mature,0.0,22.23,0.205,0.0,0.0,Mature,0.0,
2025-03-05,0.0,0.0,,,5.843,0.390139146,0.390139146,0.0,Mature,0.0,22.23,0.205,0.0,0.0,Mature,0.0,
2025-03-06,0.0,0.0,,,5.843,0.390139146,0.390139146,0.0,Mature,0.0,22.23,0.205,0.0,0.0,Mature,0.0,
2025-03-07,0.0,0.0,0.678047499,,5.843,0.678047499,0.390139146,0.0,Mature,0.0,22.23,0.205,0.287908353,0.0,Growing,0.0,
2025-03-08,0.0,0.0,,,5.843,0.390139146,0.390139146,0.0,Mature,0.0,22.23,0.205,-0.287908353,0.0,Mature,0.0,
2025-03-09,0.0,0.006911142,,,5.843,0.390139146,0.390139146,0.0,Mature,0.0,22.72,0.17,0.0,0.0,Mature,0.0,
2025-03-10,0.0,0.023723553,,,5.843,0.390139146,0.390139146,0.0,Mature,0.0,22.72,0.17,0.0,0.0,Mature,0.0,
2025-03-11,0.0,0.006953455,,,5.843,0.390139146,0.390139146,0.0,Mature,0.0,22.72,0.17,0.0,0.0,Mature,0.0,
2025-03-12,0.005269886,4.410465317,0.68614511,,5.843,0.68614511,0.390139146,0.0,Mature,0.0,22.72,0.17,0.296005964,0.0,Growing,0.0,
2025-03-13,0.95327414,5.462270737,,,5.843,0.390139146,0.390139146,0.0,Mature,0.0,22.72,0.17,-0.296005964,0.0,Mature,0.0,
2025-03-14,0.042578125,0.064767276,,,5.843,0.390139146,0.390139146,0.0,Mature,0.0,23.97,0.243,0.0,0.0,Mature,0.0,
2025-03-15,2.492883469,0.605669946,,,5.843,0.390139146,0.390139146,0.0,Mature,0.0,23.97,0.243,0.0,0.0,Mature,0.0,
2025-03-16,0.0,0.014724965,,,5.843,0.390139146,0.390139146,0.0,Mature,0.0,23.97,0.243,0.0,0.0,Mature,0.0,
2025-03-17,0.335603684,0.0,0.685718887,,5.843,0.685718887,0.390139146,0.0,Mature,0.0,23.97,0.243,0.295579741,0.0,Growing,0.0,
2025-03-18,0.0,0.0,,,5.843,0.390139146,0.390139146,0.0,Mature,0.0,23.97,0.243,-0.295579741,0.0,Mature,0.0,
2025-03-19,0.0,0.0,,,5.304,0.390139146,0.390139146,0.0,Mature,0.0,24.41,0.237,0.0,0.0,Mature,0.0,
2025-03-20,0.192656241,0.034999999,,,5.304,0.390139146,0.390139146,0.0,Mature,0.0,24.41,0.237,0.0,0.0,Mature,0.0,
2025-03-21,0.699211631,2.188864537,,,5.304,0.390139146,0.390139146,0.0,Mature,0.0,24.41,0.237,0.0,0.0,Mature,0.0,
2025-03-22,1.262428933,6.393208572,0.704034401,,5.304,0.704034401,0.390139146,0.0,Mature,0.0,24.41,0.237,0.313895255,0.0,Growing,0.0,
2025-03-23,0.0,0.146734831,,,5.304,0.390139146,0.390139146,0.0,Mature,0.0,24.41,0.237,-0.313895255,0.0,Mature,0.0,
2025-03-24,0.0,0.032059237,,,5.304,0.390139146,0.390139146,0.0,Mature,0.0,23.72,0.235,0.0,0.0,Mature,0.0,
2025-03-25,0.0,0.0,,,5.304,0.390139146,0.390139146,0.0,Mature,0.0,23.72,0.235,0.0,0.0,Mature,0.0,
2025-03-26,0.0,0.0,,,5.304,0.390139146,0.390139146,0.0,Mature,0.0,23.72,0.235,0.0,0.0,Mature,0.0,
2025-03-27,0.0,0.01022567,0.654650829,,5.304,0.654650829,0.390139146,0.0,Mature,0.0,23.72,0.235,0.264511683,0.0,Growing,0.0,
2025-03-28,0.0,0.0,,,5.304,0.390139146,0.390139146,0.0,Mature,0.0,23.72,0.235,-0.264511683,0.0,Mature,0.0,
2025-03-29,0.0,0.0,,,5.304,0.390139146,0.390139146,0.0,Mature,0.0,27.47,0.178,0.0,0.0,Mature,0.0,
2025-03-30,0.0,0.0,,,5.304,0.390139146,0.390139146,0.0,Mature,0.0,27.47,0.178,0.0,0.0,Mature,0.0,
2025-03-31,20.12965149,7.978123927,,,5.304,0.390139146,0.390139146,0.0,Mature,0.0,27.47,0.178,0.0,0.0,Mature,0.0,
2025-04-01,10.3684728,8.493279126,0.649097024,,5.304,0.649097024,0.390139146,0.0,Mature,0.0,27.47,0.178,0.258957877,0.0,Growing,0.0,
2025-04-02,0.268615048,0.087221436,,,5.304,0.390139146,0.390139146,0.0,Mature,0.0,27.47,0.178,-0.258957877,0.0,Mature,0.0,
2025-04-03,0.289076693,0.006071932,,,5.304,0.390139146,0.390139146,0.0,Mature,0.0,27.49,0.246,0.0,0.0,Mature,0.0,
2025-04-04,0.011150568,0.042193229,,,5.304,0.390139146,0.390139146,0.0,Mature,0.0,27.49,0.246,0.0,0.0,Mature,0.0,
2025-04-05,0.205262779,2.877623359,,,5.304,0.390139146,0.390139146,0.0,Mature,0.0,27.49,0.246,0.0,0.0,Mature,0.0,
2025-04-06,47.72292495,38.15023884,0.635588228,,5.304,0.635588228,0.390139146,0.0,Mature,0.0,27.49,0.246,0.245449082,0.0,Growing,0.0,
2025-04-07,0.0,0.046071931,,,5.304,0.390139146,0.390139146,0.0,Mature,0.0,27.49,0.246,-0.245449082,0.0,Mature,0.0,
2025-04-08,4.360511193,0.012397743,,,5.304,0.390139146,0.390139146,0.0,Mature,0.0,27.71,0.259,0.0,0.0,Mature,0.0,
2025-04-09,0.0,0.00719323,,,5.304,0.390139146,0.390139146,0.0,Mature,0.0,27.71,0.259,0.0,0.0,Mature,0.0,
2025-04-10,10.65350824,12.05276408,,,5.304,0.390139146,0.390139146,0.0,Mature,0.0,27.71,0.259,0.0,0.0,Mature,0.0,
2025-04-11,1.418899096,0.647002801,0.59251727,,5.304,0.59251727,0.390139146,0.0,Mature,0.0,27.71,0.259,0.202378124,0.0,Mature,0.0,
2025-04-12,0.749872132,0.911064867,,,5.304,0.390139146,0.390139146,0.0,Mature,0.0,27.71,0.259,-0.202378124,0.0,Mature,0.0,
2025-04-13,23.12244255,5.480662769,,,5.304,0.390139146,0.390139146,0.0,Mature,0.0,27.38,0.293,0.0,0.0,Mature,0.0,
2025-04-14,2.244211593,0.223709442,,,5.304,0.390139146,0.390139146,0.0,Mature,0.0,27.38,0.293,0.0,0.0,Mature,0.0,
2025-04-15,1.640305371,1.499047917,,,5.304,0.390139146,0.390139146,0.0,Mature,0.0,27.38,0.293,0.0,0.0,Mature,0.0,
2025-04-16,0.964893441,5.309111283,0.470606602,,5.304,0.470606602,0.390139146,0.0,Mature,0.0,27.38,0.293,0.080467456,0.0,Mature,0.0,
2025-04-17,1.182286912,0.161332856,,,5.304,0.390139146,0.390139146,0.0,Mature,0.0,27.38,0.293,-0.080467456,0.0,Mature,0.0,
2025-04-18,3.645397651,0.664153718,,,5.304,0.390139146,0.390139146,0.0,Mature,0.0,24.65,0.408,0.0,0.0,Mature,0.0,
2025-04-19,0.002258523,0.979823677,,,5.304,0.390139146,0.390139146,0.0,Mature,0.0,24.65,0.408,0.0,0.0,Mature,0.0,
2025-04-20,0.382201693,0.076967561,,,5.304,0.390139146,0.390139146,0.0,Mature,0.0,24.65,0.408,0.0,0.0,Mature,0.0,
2025-04-21,2.325994254,0.020719322,0.489822881,,5.304,0.489822881,0.390139146,0.0,Mature,0.0,24.65,0.408,0.099683735,0.0,Mature,0.0,
2025-04-22,42.09965818,44.91692423,,,5.304,0.390139146,0.390139146,0.0,Mature,0.0,24.65,0.408,-0.099683735,0.0,Mature,0.0,
2025-04-23,45.19596493,36.76119084,,,5.304,0.390139146,0.390139146,0.0,Mature,0.0,27.45,0.427,0.0,0.0,Mature,0.0,
2025-04-24,18.08921822,86.26511074,,,5.304,0.390139146,0.390139146,0.0,Mature,0.0,27.45,0.427,0.0,0.0,Mature,0.0,
2025-04-25,12.00108632,14.04731994,,,5.304,0.390139146,0.390139146,0.0,Mature,0.0,27.45,0.427,0.0,0.0,Mature,0.0,
2025-04-26,25.80610034,39.93880691,0.487545341,,5.304,0.487545341,0.390139146,0.0,Mature,0.0,27.45,0.427,0.097406195,0.0,Mature,0.0,
2025-04-27,13.00427528,3.180775678,,,5.304,0.390139146,0.390139146,0.0,Mature,0.0,27.45,0.427,-0.097406195,0.0,Mature,0.0,
2025-04-28,39.27339407,12.02100111,,,5.304,0.390139146,0.390139146,0.0,Mature,0.0,24.59,0.421,0.0,0.0,Mature,0.0,
2025-04-29,0.216171866,0.441361058,,,5.304,0.390139146,0.390139146,0.0,Mature,0.0,24.59,0.421,0.0,0.0,Mature,0.0,
2025-04-30,0.393607943,0.254005635,,,5.304,0.390139146,0.390139146,0.0,Mature,0.0,24.59,0.421,0.0,0.0,Mature,0.0,
2025-05-01,30.23838718,2.163349761,0.423460505,,5.304,0.423460505,0.390139146,0.0,Mature,0.0,24.59,0.421,0.033321359,0.0,Mature,0.0,
2025-05-02,0.0,0.049372355,,,5.304,0.390139146,0.390139146,0.0,Mature,0.0,24.59,0.421,-0.033321359,0.0,Mature,0.0,
2025-05-03,0.0,1.710133948,,,5.304,0.390139146,0.390139146,0.0,Mature,0.0,26.26,0.371,0.0,0.0,Mature,0.0,
2025-05-04,0.441825277,0.021727786,,,5.304,0.390139146,0.390139146,0.0,Mature,0.0,26.26,0.371,0.0,0.0,Mature,0.0,
2025-05-05,0.176697438,4.011198756,,,5.304,0.390139146,0.390139146,0.0,Mature,0.0,26.26,0.371,0.0,0.0,Mature,0.0,
2025-05-06,4.054431739,0.05416784,0.416391084,,5.304,0.416391084,0.390139146,0.0,Mature,0.0,26.26,0.371,0.026251938,0.0,Mature,0.0,
2025-05-07,8.475220041,5.038568221,,,5.304,0.390139146,0.390139146,0.0,Mature,0.0,26.26,0.371,-0.026251938,0.0,Mature,0.0,
2025-05-08,2.560340884,3.025260853,,,5.304,0.390139146,0.390139146,0.0,Mature,0.0,27.58,0.399,0.0,0.0,Mature,0.0,
2025-05-09,0.079083804,1.665373702,,,5.304,0.390139146,0.390139146,0.0,Mature,0.0,27.58,0.399,0.0,0.0,Mature,0.0,
2025-05-10,0.776931804,3.429724856,,,5.304,0.390139146,0.390139146,0.0,Mature,0.0,27.58,0.399,0.0,0.0,Mature,0.0,
2025-05-11,19.73836595,7.077200223,0.086876738,,5.304,0.086876738,0.390139146,0.0,Mature,0.0,27.58,0.399,-0.303262408,0.0,Post_Harvest,0.0,
2025-05-12,66.84215051,37.01193811,,,6.186,0.390139146,0.390139146,0.0,Mature,0.0,27.58,0.399,0.303262408,0.0,Mature,0.0,
2025-05-13,51.68453736,85.62748767,,,6.186,0.390139146,0.390139146,0.0,Mature,0.0,25.85,0.426,0.0,0.0,Mature,0.0,
2025-05-14,57.42676026,32.87150857,,,6.186,0.390139146,0.390139146,0.0,Mature,0.0,25.85,0.426,0.0,0.0,Mature,0.0,
2025-05-15,21.44041152,30.29722781,,,6.186,0.390139146,0.390139146,0.0,Mature,0.0,25.85,0.426,0.0,0.0,Mature,0.0,
2025-05-16,60.26529695,46.87312305,0.106342679,,6.186,0.106342679,0.390139146,0.0,Mature,0.0,25.85,0.426,-0.283796467,0.0,Growing,0.0,
2025-05-17,62.01180328,72.15078847,,,6.186,0.390139146,0.390139146,0.0,Mature,0.0,25.85,0.426,0.283796467,0.0,Mature,0.0,
2025-05-18,26.19619276,33.9947032,,,6.186,0.390139146,0.390139146,0.0,Mature,0.0,26.74,0.42,0.0,0.0,Mature,0.0,
2025-05-19,29.32604341,20.47752429,,,6.186,0.390139146,0.390139146,0.0,Mature,0.0,26.74,0.42,0.0,0.0,Mature,0.0,
2025-05-20,53.89481414,65.93821451,,,6.186,0.390139146,0.390139146,0.0,Mature,0.0,26.74,0.42,0.0,0.0,Mature,0.0,
2025-05-21,10.8123861,30.9946396,0.164442625,,6.186,0.164442625,0.390139146,0.0,Mature,0.0,26.74,0.42,-0.225696521,0.0,Growing,0.0,
2025-05-22,2.660490028,6.710627461,,,6.186,0.390139146,0.390139146,0.0,Mature,0.0,26.74,0.42,0.225696521,0.0,Mature,0.0,
2025-05-23,10.84338043,4.905627557,,,6.186,0.390139146,0.390139146,0.0,Mature,0.0,27.73,0.409,0.0,0.0,Mature,0.0,
2025-05-24,8.881434426,4.116572532,,,6.186,0.390139146,0.390139146,0.0,Mature,0.0,27.73,0.409,0.0,0.0,Mature,0.0,
2025-05-25,48.4711992,31.81090909,,,6.186,0.390139146,0.390139146,0.0,Mature,0.0,27.73,0.409,0.0,0.0,Mature,0.0,
2025-05-26,28.60549654,29.88161411,0.139815561,,6.186,0.139815561,0.390139146,0.0,Mature,0.0,27.73,0.409,-0.250323585,0.0,Growing,0.0,
2025-05-27,1.235284059,0.151904089,,,6.186,0.390139146,0.390139146,0.0,Mature,0.0,27.73,0.409,0.250323585,0.0,Mature,0.0,
2025-05-28,37.9957306,25.1567765,,,6.186,0.390139146,0.390139146,0.0,Mature,0.0,28.29,0.415,0.0,0.0,Mature,0.0,
2025-05-29,73.03396161,86.29681058,,,6.186,0.390139146,0.390139146,0.0,Mature,0.0,28.29,0.415,0.0,0.0,Mature,0.0,
2025-05-30,34.95069498,52.21231167,,,6.186,0.390139146,0.390139146,0.0,Mature,0.0,28.29,0.415,0.0,0.0,Mature,0.0,
2025-05-31,112.877093,102.3468173,0.150116154,,6.186,0.150116154,0.390139146,0.0,Mature,0.0,28.29,0.415,-0.240022992,0.0,Growing,0.0,
2025-06-01,64.35788892,83.83760051,,,6.186,0.390139146,0.390139146,1.0,Mature,2.0,28.29,0.415,0.240022992,0.0,Mature,0.0,
2025-06-02,20.27107905,17.52843401,,,6.186,0.390139146,0.390139146,1.0,Mature,2.0,25.89,0.433,0.0,0.0,Mature,0.0,
2025-06-03,3.905241365,8.623765653,,,6.186,0.390139146,0.390139146,1.0,Mature,2.0,25.89,0.433,0.0,0.0,Mature,0.0,
2025-06-04,43.27828729,67.10031572,,,6.186,0.390139146,0.390139146,1.0,Mature,2.0,25.89,0.433,0.0,0.0,Mature,0.0,
2025-06-05,15.65330918,3.216812322,0.178968866,,6.186,0.178968866,0.390139146,1.0,Mature,2.0,25.89,0.433,-0.21117028,0.0,Growing,0.0,
2025-06-06,7.585291007,0.06167842,,,6.186,0.390139146,0.390139146,1.0,Mature,2.0,25.89,0.433,0.21117028,0.0,Mature,0.0,
2025-06-07,5.074801014,0.005881523,,,6.186,0.390139146,0.390139146,1.0,Mature,2.0,28.41,0.416,0.0,0.0,Mature,0.0,
2025-06-08,10.87901254,0.0,,,7.764,0.390139146,0.390139146,1.0,Mature,2.0,28.41,0.416,0.0,0.0,Mature,0.0,
2025-06-09,8.178124759,0.038772919,,,7.764,0.390139146,0.390139146,1.0,Mature,2.0,28.41,0.416,0.0,0.0,Mature,0.0,
2025-06-10,3.686697339,3.369858932,0.159290025,,7.764,0.159290025,0.390139146,1.0,Mature,2.0,28.41,0.416,-0.230849121,0.0,Growing,0.0,
2025-06-11,3.987066656,8.219047787,,,7.764,0.390139146,0.390139146,1.0,Mature,2.0,28.41,0.416,0.230849121,0.0,Mature,0.0,
2025-06-12,5.407499831,3.89078272,,,7.764,0.390139146,0.390139146,1.0,Mature,2.0,30.13,0.394,0.0,0.0,Mature,0.0,
2025-06-13,38.24316683,17.93145243,,,7.764,0.390139146,0.390139146,1.0,Mature,2.0,30.13,0.394,0.0,0.0,Mature,0.0,
2025-06-14,28.44151206,46.69367291,,,7.764,0.390139146,0.390139146,1.0,Mature,2.0,30.13,0.394,0.0,0.0,Mature,0.0,
2025-06-15,58.84291731,57.83063346,0.187196943,,7.764,0.187196943,0.390139146,1.0,Mature,2.0,30.13,0.394,-0.202942203,0.0,Post_Harvest,0.0,
2025-06-16,6.71722288,11.34203078,,,7.764,0.390139146,0.390139146,1.0,Mature,2.0,30.13,0.394,0.202942203,0.0,Mature,0.0,
2025-06-17,2.471789708,3.091297534,,,7.764,0.390139146,0.390139146,1.0,Mature,2.0,26.81,0.433,0.0,0.0,Mature,0.0,
2025-06-18,3.286178901,6.695669838,,,7.764,0.390139146,0.390139146,1.0,Mature,2.0,26.81,0.433,0.0,0.0,Mature,0.0,
2025-06-19,2.503664724,1.550105741,,,7.764,0.390139146,0.390139146,1.0,Mature,2.0,26.81,0.433,0.0,0.0,Mature,0.0,
2025-06-20,0.806129238,5.559456818,0.177305274,,7.764,0.177305274,0.390139146,1.0,Mature,2.0,26.81,0.433,-0.212833872,0.0,Growing,0.0,
2025-06-21,33.73871353,14.39454127,,,7.764,0.390139146,0.390139146,1.0,Mature,2.0,26.81,0.433,0.212833872,0.0,Mature,0.0,
2025-06-22,11.72791873,18.05081045,,,7.764,0.390139146,0.390139146,1.0,Mature,2.0,27.84,0.429,0.0,0.0,Mature,0.0,
2025-06-23,19.40942406,24.77057042,,,7.764,0.390139146,0.390139146,1.0,Mature,2.0,27.84,0.429,0.0,0.0,Mature,0.0,
2025-06-24,26.483167,10.49021828,,,7.764,0.390139146,0.390139146,1.0,Mature,2.0,27.84,0.429,0.0,0.0,Mature,0.0,
2025-06-25,14.41743579,32.37273556,0.245496918,,7.764,0.245496918,0.390139146,1.0,Mature,2.0,27.84,0.429,-0.144642228,0.0,Growing,0.0,
2025-06-26,1.509183202,0.248801127,,,7.764,0.390139146,0.390139146,1.0,Mature,2.0,27.84,0.429,0.144642228,0.0,Mature,0.0,
2025-06-27,2.675021278,1.099217176,,,7.764,0.390139146,0.390139146,1.0,Mature,2.0,27.14,0.429,0.0,0.0,Mature,0.0,
2025-06-28,2.776221521,1.308942146,,,7.764,0.390139146,0.390139146,1.0,Mature,2.0,27.14,0.429,0.0,0.0,Mature,0.0,
2025-06-29,6.235667468,19.19796835,,,7.764,0.390139146,0.390139146,1.0,Mature,2.0,27.14,0.429,0.0,0.0,Mature,0.0,
2025-06-30,31.76210162,28.02403317,0.272375056,,7.764,0.272375056,0.390139146,1.0,Mature,2.0,27.14,0.429,-0.11776409,0.0,Growing,0.0,
2025-07-01,20.00840141,34.63392038,,,7.764,0.390139146,0.390139146,1.0,Mature,2.0,27.14,0.429,0.11776409,0.0,Mature,0.0,
2025-07-02,23.57132048,28.00803873,,,7.764,0.390139146,0.390139146,1.0,Mature,2.0,28.14,0.429,0.0,0.0,Mature,0.0,
2025-07-03,16.59735054,17.85557079,,,7.764,0.390139146,0.390139146,1.0,Mature,2.0,28.14,0.429,0.0,0.0,Mature,0.0,
2025-07-04,21.29207339,19.96583176,,,7.764,0.390139146,0.390139146,1.0,Mature,2.0,28.14,0.429,0.0,0.0,Mature,0.0,
2025-07-05,7.094637649,15.16585294,0.265197478,,7.309,0.265197478,0.390139146,1.0,Mature,2.0,28.14,0.429,-0.124941668,0.0,Growing,0.0,
2025-07-06,27.6533516,55.1920089,,,7.309,0.390139146,0.390139146,1.0,Mature,2.0,28.14,0.429,0.124941668,0.0,Mature,0.0,
2025-07-07,43.81479285,33.04630383,,,7.309,0.390139146,0.390139146,1.0,Mature,2.0,26.97,0.434,0.0,0.0,Mature,0.0,
2025-07-08,12.89027668,6.126036504,,,7.309,0.390139146,0.390139146,1.0,Mature,2.0,26.97,0.434,0.0,0.0,Mature,0.0,
2025-07-09,59.43418883,31.84987247,,,7.309,0.390139146,0.390139146,1.0,Mature,2.0,26.97,0.434,0.0,0.0,Mature,0.0,
2025-07-10,6.816768305,0.774400543,0.266482122,,7.309,0.266482122,0.390139146,1.0,Mature,2.0,26.97,0.434,-0.123657024,0.0,Growing,0.0,
2025-07-11,0.778082359,0.0,,,7.309,0.390139146,0.390139146,1.0,Mature,2.0,26.97,0.434,0.123657024,0.0,Mature,0.0,
2025-07-12,12.11920426,4.572905405,,,7.309,0.390139146,0.390139146,1.0,Mature,2.0,29.66,0.407,0.0,0.0,Mature,0.0,
2025-07-13,6.729907506,1.840239721,,,7.309,0.390139146,0.390139146,1.0,Mature,2.0,29.66,0.407,0.0,0.0,Mature,0.0,
2025-07-14,13.63247128,15.48622678,,,7.309,0.390139146,0.390139146,1.0,Mature,2.0,29.66,0.407,0.0,0.0,Mature,0.0,
2025-07-15,11.42652676,4.116212853,0.195575142,,7.309,0.195575142,0.390139146,1.0,Mature,2.0,29.66,0.407,-0.194564004,0.0,Growing,0.0,
2025-07-16,44.23522634,17.3478486,,,7.309,0.390139146,0.390139146,1.0,Mature,2.0,29.66,0.407,0.194564004,0.0,Mature,0.0,
2025-07-17,8.891867676,3.675839186,,,7.309,0.390139146,0.390139146,1.0,Mature,2.0,26.59,0.423,0.0,0.0,Mature,0.0,
2025-07-18,6.018082187,0.509865991,,,7.309,0.390139146,0.390139146,1.0,Mature,2.0,26.59,0.423,0.0,0.0,Mature,0.0,
2025-07-19,12.10921845,1.790923781,,,7.309,0.390139146,0.390139146,1.0,Mature,2.0,26.59,0.423,0.0,0.0,Mature,0.0,
2025-07-20,23.43318125,31.91585961,0.115633835,,7.309,0.115633835,0.390139146,1.0,Mature,2.0,26.59,0.423,-0.274505311,0.0,Growing,0.0,
2025-07-21,6.860177484,6.919090143,,,7.309,0.390139146,0.390139146,1.0,Mature,2.0,26.59,0.423,0.274505311,0.0,Mature,0.0,
2025-07-22,2.64323859,9.146057651,,,7.309,0.390139146,0.390139146,1.0,Mature,2.0,28.64,0.427,0.0,0.0,Mature,0.0,
2025-07-23,3.785852161,7.609901124,,,7.309,0.390139146,0.390139146,1.0,Mature,2.0,28.64,0.427,0.0,0.0,Mature,0.0,
2025-07-24,16.83348684,32.06799667,,,7.309,0.390139146,0.390139146,1.0,Mature,2.0,28.64,0.427,0.0,0.0,Mature,0.0,
2025-07-25,3.047315245,9.512813694,0.071778082,,7.309,0.071778082,0.390139146,1.0,Mature,2.0,28.64,0.427,-0.318361064,0.0,Growing,0.0,
2025-07-26,9.054950095,20.57603623,,,7.309,0.390139146,0.390139146,1.0,Mature,2.0,28.64,0.427,0.318361064,0.0,Mature,0.0,
2025-07-27,34.05649083,62.07901858,,,7.309,0.390139146,0.390139146,1.0,Mature,2.0,26.64,0.434,0.0,0.0,Mature,0.0,
2025-07-28,43.13945905,41.66664929,,,7.309,0.390139146,0.390139146,1.0,Mature,2.0,26.64,0.434,0.0,0.0,Mature,0.0,
2025-07-29,10.3923151,9.922228312,,,7.309,0.390139146,0.390139146,1.0,Mature,2.0,26.64,0.434,0.0,0.0,Mature,0.0,
2025-07-30,26.47757756,2.451904028,0.202527847,,7.309,0.202527847,0.390139146,1.0,Mature,2.0,26.64,0.434,-0.187611299,0.0,Growing,0.0,
2025-07-31,1.183849406,2.131304589,,,7.309,0.390139146,0.390139146,1.0,Mature,2.0,26.64,0.434,0.187611299,0.0,Mature,0.0,
2025-08-01,9.307293777,3.084139531,,,7.403,0.390139146,0.390139146,1.0,Mature,2.0,26.89,0.431,0.0,0.0,Mature,0.0,
2025-08-02,56.70372731,97.37312168,,,7.403,0.390139146,0.390139146,1.0,Mature,2.0,26.89,0.431,0.0,0.0,Mature,0.0,
2025-08-03,57.11244897,94.41365156,,,7.403,0.390139146,0.390139146,1.0,Mature,2.0,26.89,0.431,0.0,0.0,Mature,0.0,
2025-08-04,118.6382929,88.75914459,0.222217025,,7.403,0.222217025,0.390139146,1.0,Mature,2.0,26.89,0.431,-0.167922121,0.0,Growing,0.0,
2025-08-05,8.533408914,14.14377957,,,7.403,0.390139146,0.390139146,1.0,Mature,2.0,26.89,0.431,0.167922121,0.0,Mature,0.0,
2025-08-06,5.2214487,6.156988532,,,7.403,0.390139146,0.390139146,1.0,Mature,2.0,26.89,0.431,0.0,0.0,Mature,0.0,
2025-08-07,9.738359217,9.842510362,,,7.403,0.390139146,0.390139146,1.0,Mature,2.0,26.89,0.431,0.0,0.0,Mature,0.0,
2025-08-08,6.780710056,8.201515984,,,7.403,0.390139146,0.390139146,1.0,Mature,2.0,26.89,0.431,0.0,0.0,Mature,0.0,
2025-08-09,35.68566691,4.441636021,0.224221539,,7.403,0.224221539,0.390139146,1.0,Mature,2.0,26.89,0.431,-0.165917607,0.0,Growing,0.0,
2025-08-10,42.93871362,14.29424507,,,7.403,0.390139146,0.390139146,1.0,Mature,2.0,26.89,0.431,0.165917607,0.0,Mature,0.0,
2025-08-11,5.176619193,1.285126898,,,7.403,0.390139146,0.390139146,1.0,Mature,2.0,28.11,0.424,0.0,0.0,Mature,0.0,
2025-08-12,23.03666858,43.56170556,,,7.403,0.390139146,0.390139146,1.0,Mature,2.0,28.11,0.424,0.0,0.0,Mature,0.0,
2025-08-13,27.56177484,20.12570476,,,7.403,0.390139146,0.390139146,1.0,Mature,2.0,28.11,0.424,0.0,0.0,Mature,0.0,
2025-08-14,24.94398384,15.37937201,0.283754047,,7.403,0.283754047,0.390139146,1.0,Mature,2.0,28.11,0.424,-0.106385099,0.0,Growing,0.0,
2025-08-15,11.87557508,2.247623384,,,7.403,0.390139146,0.390139146,1.0,Mature,2.0,28.11,0.424,0.106385099,0.0,Mature,0.0,
2025-08-16,50.18112818,84.82510389,,,7.403,0.390139146,0.390139146,1.0,Mature,2.0,28.74,0.423,0.0,0.0,Mature,0.0,
2025-08-17,26.60340149,18.73986551,,,7.403,0.390139146,0.390139146,1.0,Mature,2.0,28.74,0.423,0.0,0.0,Mature,0.0,
2025-08-18,64.82684511,34.04532352,,,7.403,0.390139146,0.390139146,1.0,Mature,2.0,28.74,0.423,0.0,0.0,Mature,0.0,
2025-08-19,16.02239314,8.57743988,0.310745047,,7.403,0.310745047,0.390139146,1.0,Mature,2.0,28.74,0.423,-0.0793941,0.0,Mature,0.0,
2025-08-20,20.26293284,2.519661419,,,7.403,0.390139146,0.390139146,1.0,Mature,2.0,28.74,0.423,0.0793941,0.0,Mature,0.0,
2025-08-21,4.864041049,3.817863091,,,7.403,0.390139146,0.390139146,1.0,Mature,2.0,25.78,0.43,0.0,0.0,Mature,0.0,
2025-08-22,2.60198146,2.831777096,,,7.403,0.390139146,0.390139146,1.0,Mature,2.0,25.78,0.43,0.0,0.0,Mature,0.0,
2025-08-23,7.396952906,8.08106469,,,7.403,0.390139146,0.390139146,1.0,Mature,2.0,25.78,0.43,0.0,0.0,Mature,0.0,
2025-08-24,3.593891929,1.27946401,0.304731924,,7.403,0.304731924,0.390139146,1.0,Mature,2.0,25.78,0.43,-0.085407222,0.0,Mature,0.0,
2025-08-25,14.55651249,31.59293306,,,7.403,0.390139146,0.390139146,1.0,Mature,2.0,25.78,0.43,0.085407222,0.0,Mature,0.0,
2025-08-26,16.51246411,24.00900508,,,7.403,0.390139146,0.390139146,1.0,Mature,2.0,28.27,0.425,0.0,0.0,Mature,0.0,
2025-08-27,12.3206886,6.120458238,,,7.403,0.390139146,0.390139146,0.0,Mature,0.0,28.27,0.425,0.0,0.0,Mature,0.0,
2025-08-28,42.58502746,27.69941415,,,6.917,0.390139146,0.390139146,0.0,Mature,0.0,28.27,0.425,0.0,0.0,Mature,0.0,
2025-08-29,31.21364268,15.4549996,0.303917737,,6.917,0.303917737,0.390139146,0.0,Mature,0.0,28.27,0.425,-0.086221409,0.0,Mature,0.0,
2025-08-30,11.77198838,22.65106434,,,6.917,0.390139146,0.390139146,0.0,Mature,0.0,28.27,0.425,0.086221409,0.0,Mature,0.0,
2025-08-31,7.731683111,24.01912515,,,6.917,0.390139146,0.390139146,0.0,Mature,0.0,28.58,0.412,0.0,0.0,Mature,0.0,
2025-09-01,30.36303194,1.681212917,,,6.917,0.390139146,0.390139146,0.0,Mature,0.0,28.58,0.412,0.0,0.0,Mature,0.0,
2025-09-02,0.86519884,0.11755289,,,6.917,0.390139146,0.390139146,0.0,Mature,0.0,28.58,0.412,0.0,0.0,Mature,0.0,
2025-09-03,27.95479344,11.6241958,0.33623304,,6.917,0.33623304,0.390139146,0.0,Mature,0.0,28.58,0.412,-0.053906106,0.0,Mature,0.0,
2025-09-04,11.99358643,3.610613448,,,6.917,0.390139146,0.390139146,0.0,Mature,0.0,28.58,0.412,0.053906106,0.0,Mature,0.0,
2025-09-05,20.09046821,4.337884241,,,6.917,0.390139146,0.390139146,0.0,Mature,0.0,27.92,0.431,0.0,0.0,Mature,0.0,
2025-09-06,2.203771248,0.125634696,,,6.917,0.390139146,0.390139146,0.0,Mature,0.0,27.92,0.431,0.0,0.0,Mature,0.0,
2025-09-07,16.06163308,17.54492212,,,6.917,0.390139146,0.390139146,0.0,Mature,0.0,27.92,0.431,0.0,0.0,Mature,0.0,
2025-09-08,12.0627057,19.44322247,0.339829255,,6.917,0.339829255,0.390139146,0.0,Mature,0.0,27.92,0.431,-0.050309891,0.0,Mature,0.0,
2025-09-09,32.23467248,24.62258751,,,6.917,0.390139146,0.390139146,0.0,Mature,0.0,27.92,0.431,0.050309891,0.0,Mature,0.0,
2025-09-10,19.67519845,3.211396239,,,6.917,0.390139146,0.390139146,0.0,Mature,0.0,27.26,0.428,0.0,0.0,Mature,0.0,
2025-09-11,26.44494262,16.29425905,,,6.917,0.390139146,0.390139146,0.0,Mature,0.0,27.26,0.428,0.0,0.0,Mature,0.0,
2025-09-12,12.84113604,16.6951196,,,6.917,0.390139146,0.390139146,0.0,Mature,0.0,27.26,0.428,0.0,0.0,Mature,0.0,
2025-09-13,18.00884193,17.17819419,0.354677689,,6.917,0.354677689,0.390139146,0.0,Mature,0.0,27.26,0.428,-0.035461457,0.0,Mature,0.0,
2025-09-14,34.36760567,15.40327179,,,6.917,0.390139146,0.390139146,0.0,Mature,0.0,27.26,0.428,0.035461457,0.0,Mature,0.0,
2025-09-15,32.78502055,23.83292613,,,6.917,0.390139146,0.390139146,0.0,Mature,0.0,25.55,0.434,0.0,0.0,Mature,0.0,
2025-09-16,31.79806022,35.597764,,,6.917,0.390139146,0.390139146,0.0,Mature,0.0,25.55,0.434,0.0,0.0,Mature,0.0,
2025-09-17,17.85846559,5.878744596,,,6.917,0.390139146,0.390139146,0.0,Mature,0.0,25.55,0.434,0.0,0.0,Mature,0.0,
2025-09-18,7.221995547,8.666008228,0.357098347,,6.917,0.357098347,0.390139146,0.0,Mature,0.0,25.55,0.434,-0.033040799,0.0,Mature,0.0,
2025-09-19,1.509197394,0.222073337,,,6.917,0.390139146,0.390139146,0.0,Mature,0.0,25.55,0.434,0.033040799,0.0,Mature,0.0,
2025-09-20,1.216285492,0.382221423,,,6.917,0.390139146,0.390139146,0.0,Mature,0.0,28.06,0.418,0.0,0.0,Mature,0.0,
2025-09-21,2.802400501,1.400387825,,,6.917,0.390139146,0.390139146,0.0,Mature,0.0,28.06,0.418,0.0,0.0,Mature,0.0,
2025-09-22,19.13847254,25.10997836,,,6.917,0.390139146,0.390139146,0.0,Mature,0.0,28.06,0.418,0.0,0.0,Mature,0.0,
2025-09-23,0.571548284,0.068018335,0.351545533,,6.917,0.351545533,0.390139146,0.0,Mature,0.0,28.06,0.418,-0.038593613,0.0,Mature,0.0,
2025-09-24,0.877748553,0.652820862,,,6.817,0.390139146,0.390139146,0.0,Mature,0.0,28.06,0.418,0.038593613,0.0,Mature,0.0,
2025-09-25,1.903799671,3.796057758,,,6.817,0.390139146,0.390139146,0.0,Mature,0.0,29.64,0.4,0.0,0.0,Mature,0.0,
2025-09-26,78.50286688,9.555154889,,,6.817,0.390139146,0.390139146,0.0,Mature,0.0,29.64,0.4,0.0,0.0,Mature,0.0,
2025-09-27,0.873380651,1.818596589,,,6.817,0.390139146,0.390139146,0.0,Mature,0.0,29.64,0.4,0.0,0.0,Mature,0.0,
2025-09-28,0.795752821,3.470923737,0.401864189,,6.817,0.401864189,0.390139146,0.0,Mature,0.0,29.64,0.4,0.011725042,0.0,Mature,0.0,
2025-09-29,1.85989343,11.41586,,,6.817,0.390139146,0.390139146,0.0,Mature,0.0,29.64,0.4,-0.011725042,0.0,Mature,0.0,
2025-09-30,6.783238488,7.97047242,,,6.817,0.390139146,0.390139146,0.0,Mature,0.0,28.71,0.409,0.0,0.0,Mature,0.0,
2025-10-01,17.43670429,17.20722808,,,6.817,0.390139146,0.390139146,0.0,Mature,0.0,28.71,0.409,0.0,0.0,Mature,0.0,
2025-10-02,18.80993565,22.27777097,,,6.817,0.390139146,0.390139146,0.0,Mature,0.0,28.71,0.409,0.0,0.0,Mature,0.0,
2025-10-03,2.889531177,0.679322976,0.428784306,,6.817,0.428784306,0.390139146,0.0,Mature,0.0,28.71,0.409,0.03864516,0.0,Mature,0.0,
2025-10-04,6.450156098,9.606776951,,,6.817,0.390139146,0.390139146,0.0,Mature,0.0,28.71,0.409,-0.03864516,0.0,Mature,0.0,
2025-10-05,20.6259015,25.63173416,,,6.817,0.390139146,0.390139146,0.0,Mature,0.0,26.27,0.43,0.0,0.0,Mature,0.0,
2025-10-06,5.41318171,15.23155816,,,6.817,0.390139146,0.390139146,0.0,Mature,0.0,26.27,0.43,0.0,0.0,Mature,0.0,
2025-10-07,17.36409762,5.039153617,,,6.817,0.390139146,0.390139146,0.0,Mature,0.0,26.27,0.43,0.0,0.0,Mature,0.0,
2025-10-08,19.28136322,40.20528841,0.406701022,,6.817,0.406701022,0.390139146,0.0,Mature,0.0,26.27,0.43,0.016561876,0.0,Mature,0.0,
2025-10-09,2.914808151,1.970620545,,,6.817,0.390139146,0.390139146,0.0,Mature,0.0,26.27,0.43,-0.016561876,0.0,Mature,0.0,
2025-10-10,21.13182474,21.32927298,,,6.817,0.390139146,0.390139146,0.0,Mature,0.0,26.51,0.429,0.0,0.0,Mature,0.0,
2025-10-11,19.51908314,22.28004178,,,6.817,0.390139146,0.390139146,0.0,Mature,0.0,26.51,0.429,0.0,0.0,Mature,0.0,
2025-10-12,0.175397723,0.0,,,6.817,0.390139146,0.390139146,0.0,Mature,0.0,26.51,0.429,0.0,0.0,Mature,0.0,
2025-10-13,0.146647725,0.0,0.444175412,,6.817,0.444175412,0.390139146,0.0,Mature,0.0,26.51,0.429,0.054036266,0.0,Mature,0.0,
2025-10-14,0.0,0.0,,,6.817,0.390139146,0.390139146,0.0,Mature,0.0,26.51,0.429,-0.054036266,0.0,Mature,0.0,
2025-10-15,0.0,0.0,,,6.817,0.390139146,0.390139146,0.0,Mature,0.0,27.72,0.36,0.0,0.0,Mature,0.0,
2025-10-16,0.023458806,0.0,,,6.817,0.390139146,0.390139146,0.0,Mature,0.0,27.72,0.36,0.0,0.0,Mature,0.0,
2025-10-17,0.160454541,0.0,,,6.817,0.390139146,0.390139146,0.0,Mature,0.0,27.72,0.36,0.0,0.0,Mature,0.0,
2025-10-18,0.095568179,0.0,0.446462891,,6.817,0.446462891,0.390139146,0.0,Mature,0.0,27.72,0.36,0.056323745,0.0,Mature,0.0,
2025-10-19,0.0,0.0,,,6.817,0.390139146,0.390139146,0.0,Mature,0.0,27.72,0.36,-0.056323745,0.0,Mature,0.0,
2025-10-20,0.0,0.050352608,,,6.817,0.390139146,0.390139146,0.0,Mature,0.0,27.2,0.305,0.0,0.0,Mature,0.0,
2025-10-21,0.046363635,0.0,,,6.709,0.390139146,0.390139146,0.0,Mature,0.0,27.2,0.305,0.0,0.0,Mature,0.0,
2025-10-22,0.0,0.0,,,6.709,0.390139146,0.390139146,0.0,Mature,0.0,27.2,0.305,0.0,0.0,Mature,0.0,
2025-10-23,1.340518433,0.010578279,0.443287992,,6.709,0.443287992,0.390139146,0.0,Mature,0.0,27.2,0.305,0.053148846,0.0,Mature,0.0,
2025-10-24,0.0,0.0,,,6.709,0.390139146,0.390139146,0.0,Mature,0.0,27.2,0.305,-0.053148846,0.0,Mature,0.0,
2025-10-25,0.708061073,0.243892798,,,6.709,0.390139146,0.390139146,0.0,Mature,0.0,26.34,0.283,0.0,0.0,Mature,0.0,
2025-10-26,0.81026986,1.042172054,,,6.709,0.390139146,0.390139146,0.0,Mature,0.0,26.34,0.283,0.0,0.0,Mature,0.0,
2025-10-27,0.383721583,0.208631871,,,6.709,0.390139146,0.390139146,0.0,Mature,0.0,26.34,0.283,0.0,0.0,Mature,0.0,
2025-10-28,3.010070946,0.0,0.447595443,,6.709,0.447595443,0.390139146,0.0,Mature,0.0,26.34,0.283,0.057456297,0.0,Mature,0.0,
2025-10-29,3.724318086,3.640902602,,,6.709,0.390139146,0.390139146,0.0,Mature,0.0,26.34,0.283,-0.057456297,0.0,Mature,0.0,
2025-10-30,10.33372128,6.702503339,,,6.709,0.390139146,0.390139146,0.0,Mature,0.0,26.9,0.285,0.0,0.0,Mature,0.0,
2025-10-31,11.51546138,13.1706768,,,6.709,0.390139146,0.390139146,0.0,Mature,0.0,26.9,0.285,0.0,0.0,Mature,0.0,
2025-11-01,16.63164023,15.25568365,,,6.709,0.390139146,0.390139146,0.0,Mature,0.0,26.9,0.285,0.0,0.0,Mature,0.0,
2025-11-02,0.234999991,0.0,0.407525484,,6.709,0.407525484,0.390139146,0.0,Mature,0.0,26.9,0.285,0.017386338,0.0,Mature,0.0,
2025-11-03,0.0,0.002073343,,,6.709,0.390139146,0.390139146,0.0,Mature,0.0,26.9,0.285,-0.017386338,0.0,Mature,0.0,
2025-11-04,2.221711595,1.465006979,,,6.709,0.390139146,0.390139146,0.0,Mature,0.0,27.3,0.334,0.0,0.0,Mature,0.0,
2025-11-05,0.906825268,2.448194559,,,6.709,0.390139146,0.390139146,0.0,Mature,0.0,27.3,0.334,0.0,0.0,Mature,0.0,
2025-11-06,0.057961648,0.0,,,6.709,0.390139146,0.390139146,0.0,Mature,0.0,27.3,0.334,0.0,0.0,Mature,0.0,
2025-11-07,0.954005644,0.000987306,0.4266059,,6.709,0.4266059,0.390139146,0.0,Mature,0.0,27.3,0.334,0.036466754,0.0,Mature,0.0,
2025-11-08,0.0,0.0,,,6.709,0.390139146,0.390139146,0.0,Mature,0.0,27.3,0.334,-0.036466754,0.0,Mature,0.0,
2025-11-09,0.0,0.0,,,6.709,0.390139146,0.390139146,0.0,Mature,0.0,24.01,0.337,0.0,0.0,Mature,0.0,
2025-11-10,0.0,0.0,,,6.709,0.390139146,0.390139146,0.0,Mature,0.0,24.01,0.337,0.0,0.0,Mature,0.0,
2025-11-11,0.0,0.0,,,6.709,0.390139146,0.390139146,0.0,Mature,0.0,24.01,0.337,0.0,0.0,Mature,0.0,
2025-11-12,0.001491477,0.0,0.391763227,,6.709,0.391763227,0.390139146,0.0,Mature,0.0,24.01,0.337,0.001624081,0.0,Mature,0.0,
2025-11-13,0.0,0.0,,,6.709,0.390139146,0.390139146,0.0,Mature,0.0,24.01,0.337,-0.001624081,0.0,Mature,0.0,
2025-11-14,0.0,0.0,,,6.709,0.390139146,0.390139146,0.0,Mature,0.0,21.67,0.29,0.0,0.0,Mature,0.0,
2025-11-15,0.0,0.0,,,6.709,0.390139146,0.390139146,0.0,Mature,0.0,21.67,0.29,0.0,0.0,Mature,0.0,
2025-11-16,0.0,0.0,,,6.709,0.390139146,0.390139146,0.0,Mature,0.0,21.67,0.29,0.0,0.0,Mature,0.0,
2025-11-17,0.0,0.0,0.388139294,,6.082,0.388139294,0.390139146,0.0,Mature,0.0,21.67,0.29,-0.001999852,0.0,Mature,0.0,
2025-11-18,0.0,0.0,,,6.082,0.390139146,0.390139146,0.0,Mature,0.0,21.67,0.29,0.001999852,0.0,Mature,0.0,
2025-11-19,0.0,0.0,,,6.082,0.390139146,0.390139146,0.0,Mature,0.0,22.64,0.25,0.0,0.0,Mature,0.0,
2025-11-20,0.0,0.0,,,6.082,0.390139146,0.390139146,0.0,Mature,0.0,22.64,0.25,0.0,0.0,Mature,0.0,
2025-11-21,0.001598011,0.0,,,6.082,0.390139146,0.390139146,0.0,Mature,0.0,22.64,0.25,0.0,0.0,Mature,0.0,
2025-11-22,0.011292613,0.0,0.401355522,,6.082,0.401355522,0.390139146,0.0,Mature,0.0,22.64,0.25,0.011216376,0.0,Mature,0.0,
2025-11-23,0.0,0.0,,,6.082,0.390139146,0.390139146,0.0,Mature,0.0,22.64,0.25,-0.011216376,0.0,Mature,0.0,
2025-11-24,0.0,0.0,,,6.082,0.390139146,0.390139146,0.0,Mature,0.0,20.82,0.222,0.0,0.0,Mature,0.0,
2025-11-25,0.0,0.0,,,6.082,0.390139146,0.390139146,0.0,Mature,0.0,20.82,0.222,0.0,0.0,Mature,0.0,
2025-11-26,0.0,0.0,,,6.082,0.390139146,0.390139146,0.0,Mature,0.0,20.82,0.222,0.0,0.0,Mature,0.0,
2025-11-27,0.0,0.0,0.385292586,,6.082,0.385292586,0.390139146,0.0,Mature,0.0,20.82,0.222,-0.00484656,0.0,Mature,0.0,
2025-11-28,0.0,0.0,,,6.082,0.390139146,0.390139146,0.0,Mature,0.0,20.82,0.222,0.00484656,0.0,Mature,0.0,
2025-11-29,0.0,0.0,,,6.082,0.390139146,0.390139146,0.0,Mature,0.0,21.42,0.2,0.0,0.0,Mature,0.0,
2025-11-30,0.0,0.0,,,6.082,0.390139146,0.390139146,0.0,Mature,0.0,21.42,0.2,0.0,0.0,Mature,0.0,
2025-12-01,0.829147704,2.472588063,,,6.082,0.390139146,0.390139146,0.0,Mature,0.0,21.42,0.2,0.0,0.0,Mature,0.0,
2025-12-02,0.0,0.0,0.377531784,,6.082,0.377531784,0.390139146,0.0,Mature,0.0,21.42,0.2,-0.012607362,0.0,Mature,0.0,
2025-12-03,0.191704542,1.097320117,,,6.082,0.390139146,0.390139146,0.0,Mature,0.0,21.42,0.2,0.012607362,0.0,Mature,0.0,
2025-12-04,0.0,0.0,,,6.082,0.390139146,0.390139146,0.0,Mature,0.0,20.23,0.187,0.0,0.0,Mature,0.0,
2025-12-05,0.0,0.0,,,6.082,0.390139146,0.390139146,0.0,Mature,0.0,20.23,0.187,0.0,0.0,Mature,0.0,
2025-12-06,0.0,0.0,,,6.082,0.390139146,0.390139146,0.0,Mature,0.0,20.23,0.187,0.0,0.0,Mature,0.0,
2025-12-07,0.000113636,0.0,0.373552358,,6.082,0.373552358,0.390139146,0.0,Mature,0.0,20.23,0.187,-0.016586788,0.0,Mature,0.0,
2025-12-08,0.0,0.0,,,6.082,0.390139146,0.390139146,0.0,Mature,0.0,20.23,0.187,0.016586788,0.0,Mature,0.0,
2025-12-09,0.0,0.0,,,6.082,0.390139146,0.390139146,0.0,Mature,0.0,19.67,0.177,0.0,0.0,Mature,0.0,
2025-12-10,0.0,0.0,,,6.082,0.390139146,0.390139146,0.0,Mature,0.0,19.67,0.177,0.0,0.0,Mature,0.0,
2025-12-11,0.0,0.0,,,6.082,0.390139146,0.390139146,0.0,Mature,0.0,19.67,0.177,0.0,0.0,Mature,0.0,
2025-12-12,0.0,0.0,0.335078348,,6.082,0.335078348,0.390139146,0.0,Mature,0.0,19.67,0.177,-0.055060798,0.0,Mature,0.0,
2025-12-13,0.0,0.0,,,6.082,0.390139146,0.390139146,0.0,Mature,0.0,19.67,0.177,0.055060798,0.0,Mature,0.0,
2025-12-14,0.0,0.0,,,6.449,0.390139146,0.390139146,0.0,Mature,0.0,20.36,0.17,0.0,0.0,Mature,0.0,
2025-12-15,0.0,0.0,,,6.449,0.390139146,0.390139146,0.0,Mature,0.0,20.36,0.17,0.0,0.0,Mature,0.0,
2025-12-16,0.0,0.0,,,6.449,0.390139146,0.390139146,0.0,Mature,0.0,20.36,0.17,0.0,0.0,Mature,0.0,
2025-12-17,0.0,0.0,0.337345851,,6.449,0.337345851,0.390139146,0.0,Mature,0.0,20.36,0.17,-0.052793295,0.0,Mature,0.0,
2025-12-18,0.0,0.0,,,6.449,0.390139146,0.390139146,0.0,Mature,0.0,20.36,0.17,0.052793295,0.0,Mature,0.0,
2025-12-19,0.0,0.0,,,6.449,0.390139146,0.390139146,0.0,Mature,0.0,19.77,0.166,0.0,0.0,Mature,0.0,
2025-12-20,0.0,0.0,,,6.449,0.390139146,0.390139146,0.0,Mature,0.0,19.77,0.166,0.0,0.0,Mature,0.0,
2025-12-21,0.0,0.0,,,6.449,0.390139146,0.390139146,0.0,Mature,0.0,19.77,0.166,0.0,0.0,Mature,0.0,
2025-12-22,0.0,0.0,0.344243568,,6.449,0.344243568,0.390139146,0.0,Mature,0.0,19.77,0.166,-0.045895578,0.0,Mature,0.0,
2025-12-23,0.0,0.0,,,6.449,0.390139146,0.390139146,0.0,Mature,0.0,19.77,0.166,0.045895578,0.0,Mature,0.0,
2025-12-24,0.0,0.0,,,6.449,0.390139146,0.390139146,0.0,Mature,0.0,19.07,0.165,0.0,0.0,Mature,0.0,
2025-12-25,0.0,0.0,,,6.449,0.390139146,0.390139146,0.0,Mature,0.0,19.07,0.165,0.0,0.0,Mature,0.0,
2025-12-26,0.0,0.0,,,6.449,0.390139146,0.390139146,0.0,Mature,0.0,19.07,0.165,0.0,0.0,Mature,0.0,
2025-12-27,0.0,0.0,0.358110872,,6.449,0.358110872,0.390139146,0.0,Mature,0.0,19.07,0.165,-0.032028274,0.0,Mature,0.0,
2025-12-28,0.0,0.0,,,6.449,0.390139146,0.390139146,0.0,Mature,0.0,19.07,0.165,0.032028274,0.0,Mature,0.0,
2025-12-29,0.0,0.0,,,6.449,0.390139146,0.390139146,0.0,Mature,0.0,17.19,0.163,0.0,0.0,Mature,0.0,
2025-12-30,0.0,0.0,,,6.449,0.390139146,0.390139146,0.0,Mature,0.0,17.19,0.163,0.0,0.0,Mature,0.0,
2025-12-31,0.0,0.0,,,6.449,0.390139146,0.390139146,0.0,Mature,0.0,17.19,0.163,0.0,0.0,Mature,0.0,
2026-01-01,0.0,0.0,,-12.150190114445298,6.32,0.3919058546821992,,,,,16.9,0.163,,,,,
2026-01-02,0.0002739725966159,0.0,,-12.074447516302843,6.24,0.3994144457265455,,,,,17.53,0.163,,,,,
2026-01-03,0.0,0.0,,-11.998704918160392,6.16,0.4069230367708919,,,,,16.52,0.162,,,,,
2026-01-04,0.0008860390684376,0.0,,-11.92296232001794,6.08,0.4144316278152382,,,,,16.04,0.162,,,,,
2026-01-05,0.0,0.0,,-11.847219721875486,6.0,0.4219402188595846,,,,,15.76,0.162,,,,,
2026-01-06,0.0,0.0,,-11.771477123733034,5.92,0.429448809903931,,,,,15.83,0.161,,,,,
2026-01-07,0.0,0.0,,-11.673429178294343,5.84,0.4381394349272149,,,,,15.65,0.161,,,,,
2026-01-08,0.0,0.0,,-11.575381232855658,5.76,0.4468300599504988,,,,,16.79,0.16,,,,,
2026-01-09,0.0,0.0,,-11.47733328741697,5.68,0.4555206849737827,,,,,18.1,0.16,,,,,
2026-01-10,0.0,0.0,,-11.379285341978283,5.6,0.4642113099970666,,,,,18.61,0.16,,,,,
2026-01-11,0.0,0.0,,-11.281237396539597,5.52,0.4729019350203506,,,,,18.98,0.159,,,,,
2026-01-12,0.0,0.0,,-11.241706542092007,5.44,0.4801573657737205,,,,,18.66,0.159,,,,,
2026-01-13,0.0,0.0,,-11.202175687644422,5.36,0.4874127965270904,,,,,18.91,0.159,,,,,
2026-01-14,0.0,0.0,,-11.162644833196834,5.28,0.4946682272804604,,,,,19.04,0.158,,,,,
2026-01-15,0.0,0.0,,-11.123113978749249,5.2,0.5019236580338303,,,,,19.22,0.158,,,,,
2026-01-16,0.0,0.0,,-11.08358312430166,5.12,0.5091790887872003,,,,,18.96,0.158,,,,,
2026-01-17,0.0,0.0,,-11.023201269623758,5.04,0.5219514645002876,,,,,19.37,0.157,,,,,
2026-01-18,0.0,0.0,,-10.962819414945857,4.96,0.534723840213375,,,,,19.21,0.157,,,,,
2026-01-19,0.0,0.0,,-10.902437560267954,4.88,0.5474962159264624,,,,,19.47,0.157,,,,,
2026-01-20,0.0,0.0,,-10.84205570559005,4.8,0.5602685916395498,,,,,19.4,0.157,,,,,
2026-01-21,0.0,0.0,,-10.781673850912147,4.72,0.5730409673526371,,,,,19.16,0.157,,,,,
2026-01-22,0.0,0.0,,-10.788217899353276,4.64,0.5746025031171316,,,,,19.05,0.157,,,,,
2026-01-23,0.0,0.0,,-10.794761947794404,4.56,0.576164038881626,,,,,19.39,0.156,,,,,
2026-01-24,0.0,0.0,,-10.801305996235532,4.48,0.5777255746461205,,,,,19.31,0.156,,,,,
2026-01-25,0.0,0.0,,-10.80785004467666,4.4,0.579287110410615,,,,,18.84,0.156,,,,,
2026-01-26,0.0,0.0,,-10.814394093117787,4.32,0.5808486461751095,,,,,19.02,0.156,,,,,
2026-01-27,0.0,0.0,,-10.798157671838991,4.24,0.5864709848138493,,,,,19.59,0.156,,,,,
2026-01-28,0.0,0.0,,-10.781921250560194,4.16,0.5920933234525891,,,,,19.81,0.156,,,,,
2026-01-29,0.0,0.0,,-10.765684829281398,4.08,0.5977156620913289,,,,,19.82,0.155,,,,,
2026-01-30,0.0,0.0,,-10.7494484080026,4.0,0.6033380007300687,,,,,19.08,0.155,,,,,
2026-01-31,0.0,0.0,,-10.733211986723802,3.92,0.6089603393688086,,,,,19.12,0.155,,,,,
2026-02-01,0.088789951949291,1.58990562882907,,-10.818321345982854,3.84,0.6077573505126221,,,,,19.32,0.155,,,,,
2026-02-02,0.734863019356989,1.2934433885527123,,-10.903430705241906,3.76,0.6065543616564358,,,,,19.79,0.155,,,,,
2026-02-03,0.0,0.0,,-10.988540064500956,3.68,0.6053513728002494,,,,,20.01,0.155,,,,,
2026-02-04,0.0,0.0,,-11.073649423760008,3.6,0.6041483839440631,,,,,19.98,0.155,,,,,
2026-02-05,0.0,0.0,,-11.15875878301906,3.52,0.6029453950878767,,,,,19.16,0.155,,,,,
2026-02-06,0.0,0.0,,-11.14463673404816,3.44,0.6068627912261231,,,,,18.48,0.155,,,,,
2026-02-07,0.0,0.0,,-11.13051468507726,3.36,0.6107801873643693,,,,,18.42,0.155,,,,,
2026-02-08,0.0,0.0,,-11.116392636106356,3.28,0.6146975835026157,,,,,19.01,0.155,,,,,
2026-02-09,0.0,0.0,,-11.102270587135456,3.2,0.618614979640862,,,,,19.47,0.155,,,,,
2026-02-10,0.0,0.0,,-11.088148538164557,3.12,0.6225323757791084,,,,,19.48,0.154,,,,,
2026-02-11,0.0,0.0,,-11.163360475611768,3.04,0.6274808625929673,,,,,20.26,0.154,,,,,
2026-02-12,0.0,0.0,,-11.23857241305898,2.96,0.6324293494068262,,,,,20.45,0.154,,,,,
2026-02-13,0.0,0.0,,-11.313784350506197,2.88,0.6373778362206851,,,,,20.3,0.154,,,,,
2026-02-14,0.0,0.0,,-11.388996287953407,2.8,0.642326323034544,,,,,20.5,0.154,,,,,
2026-02-15,0.0,0.0,,-11.46420822540062,2.72,0.6472748098484029,,,,,20.44,0.154,,,,,
2026-02-16,0.0,0.0,,-11.528100765633782,2.64,0.6473010235313781,,,,,20.57,0.154,,,,,
2026-02-17,0.0,0.0,,-11.591993305866945,2.56,0.6473272372143533,,,,,21.54,0.154,,,,,
2026-02-18,0.0,0.0,,-11.655885846100103,2.48,0.6473534508973283,,,,,22.24,0.154,,,,,
2026-02-19,0.0474885840938515,0.0023584904254607,,-11.719778386333266,2.4,0.6473796645803035,,,,,23.07,0.154,,,,,
2026-02-20,0.325169752568823,0.0063740768215074,,-11.783670926566428,2.32,0.6474058782632787,,,,,22.51,0.154,,,,,
2026-02-21,0.0,0.0,,-11.72071737171974,2.24,0.6488007203442611,,,,,22.82,0.154,,,,,
2026-02-22,0.0,0.0,,-11.657763816873052,2.16,0.6501955624252433,,,,,22.55,0.154,,,,,
2026-02-23,0.0,0.0,,-11.594810262026366,2.08,0.6515904045062257,,,,,22.24,0.154,,,,,
2026-02-24,0.0037442920665728,0.0192924524868293,,-11.531856707179678,2.0,0.652985246587208,,,,,22.55,0.154,,,,,
2026-02-25,0.0,0.0,,-11.46890315233299,1.92,0.6543800886681904,,,,,22.71,0.154,,,,,
2026-02-26,0.0,0.0,,-11.47810131576769,1.84,0.6535294836711034,,,,,22.22,0.155,,,,,
2026-02-27,0.0,0.0,,-11.487299479202388,1.76,0.6526788786740164,,,,,21.66,0.155,,,,,
2026-02-28,0.0,0.0,,-11.496497642637088,1.68,0.6518282736769294,,,,,21.6,0.155,,,,,
2026-03-01,0.0,0.0,,-11.505695806071786,1.6,0.6509776686798424,,,,,22.78,0.156,,,,,
2026-03-02,0.0,0.0,,-11.514893969506486,1.52,0.6501270636827554,,,,,22.84,0.159,,,,,
2026-03-03,0.0,0.0,,-11.452151857296029,1.44,0.6305542514421084,,,,,22.76,0.164,,,,,
2026-03-04,0.0,0.0,,-11.38940974508557,1.36,0.6109814392014615,,,,,23.5,0.163,,,,,
2026-03-05,0.0,0.0,,-11.326667632875113,1.28,0.5914086269608145,,,,,24.5,0.161,,,,,
2026-03-06,0.0,0.0,,-11.263925520664657,1.2,0.5718358147201676,,,,,25.56,0.16,,,,,
2026-03-07,0.0,0.0,,-11.201183408454195,1.12,0.5522630024795206,,,,,25.55,0.159,,,,,
2026-03-08,4.345570564270019,2.1277122002727578,,-11.158461440037348,1.04,0.5167219586807006,,,,,25.57,0.159,,,,,
2026-03-09,0.4741393609406197,0.2035274770515004,,-11.1157394716205,0.96,0.4811809148818805,,,,,24.68,0.162,,,,,
2026-03-10,0.0059360727884691,0.1428301826653176,,-11.073017503203648,0.86,0.4456398710830604,,,,,25.35,0.163,,,,,
2026-03-11,1.344018292753664,6.422145737791961,,-11.0302955347868,0.73,0.4100988272842403,,,,,25.53,0.187,,,,,
2026-03-12,0.5053881258793073,0.9434433707369948,,-10.98757356636995,0.68,0.3745577834854202,,,,,24.19,0.284,,,,,
2026-03-13,23.706157004996523,11.568531315281705,,-11.046982220263718,0.69,0.3337730596339149,,,,,24.19,0.284,,,,,
2026-03-14,41.98718954112432,21.75974031214444,,-11.106390874157489,0.86,0.2929883357824095,,,,,24.19,0.284,,,,,
2026-03-15,11.276940288609024,23.416721159557127,,-11.165799528051258,1.01,0.2522036119309042,,,,,24.19,0.284,,,,,
2026-03-16,10.383720815998233,87.848792552948,,-11.225208181945026,1.55,0.2114188880793988,,,,,24.19,0.284,,,,,
2026-03-17,0.05630136860458,2.195129644898873,,-11.284616835838795,2.57,0.1706341642278935,,,,,24.19,0.284,,,,,
2026-03-18,0.0,0.0,,-11.284616835838795,3.01,0.1706341642278935,,,,,24.19,0.284,,,,,
2026-03-19,0.0,0.0,,-11.284616835838795,3.09,0.1706341642278935,,,,,24.19,0.284,,,,,
2026-03-20,0.0,0.0,0.2216616038188217,-11.284616835838795,2.81,0.1706341642278935,,,,,24.19,0.284,,,,,
2026-03-21,0.0,0.0,0.2216616038188217,-11.284616835838795,2.81,0.1706341642278935,,,,,24.19,0.284,,,,,
2026-03-22,0.0,0.0,0.2216616038188217,-11.284616835838795,2.6,0.1706341642278935,,,,,24.19,0.284,,,,,
2026-03-23,0.0,0.0,0.2216616038188217,-11.284616835838795,2.43,0.1706341642278935,,,,,24.19,0.284,,,,,
2026-03-24,0.0,0.0,0.2216616038188217,-11.284616835838795,2.23,0.1706341642278935,,,,,24.19,0.284,,,,,
2026-03-25,0.2667710195257239,2.328355620667901,0.2216616038188217,-11.284616835838795,2.07,0.1706341642278935,,,,,24.19,0.284,,,,,
2026-03-26,0.0,0.0,0.2216616038188217,-11.284616835838795,1.92,0.1706341642278935,,,,,24.19,0.284,,,,,
2026-03-27,0.0,0.0,0.2216616038188217,-10.361710556558368,1.77,0.1706341642278935,,,,,24.19,0.284,,,,,
2026-03-28,131.54232547707753,114.58187921991887,0.2216616038188217,-10.361710556558368,1.69,0.1706341642278935,,,,,24.19,0.284,,,,,
2026-03-29,2.728356068264948,2.497499999291492,0.2216616038188217,-10.361710556558368,1.79,0.1706341642278935,,,,,24.19,0.284,,,,,
2026-03-30,0.0,0.0,0.2216616038188217,-10.361710556558368,1.89,0.1706341642278935,,,,,24.19,0.284,,,,,
2026-03-31,0.0,0.0,0.2216616038188217,-10.361710556558368,1.89,0.1706341642278935,,,,,24.19,0.284,,,,,
2026-04-01,0.0,0.0,0.2216616038188217,-10.361710556558368,1.96,0.1706341642278935,,,,,24.19,0.284,,,,,
2026-04-02,0.0,0.0,0.2216616038188217,-10.361710556558368,2.0,0.1706341642278935,,,,,24.19,0.284,,,,,
2026-04-03,0.0,0.0,0.2216616038188217,-10.361710556558368,2.22,0.1706341642278935,,,,,24.19,0.284,,,,,
2026-04-04,0.0,0.0,0.2216616038188217,-10.361710556558368,2.38,0.1706341642278935,,,,,24.19,0.284,,,,,
2026-04-05,0.0,2.8644339371964618,0.2216616038188217,-10.361710556558368,2.57,0.157428050312877,,,,,24.19,0.284,,,,,
2026-04-06,0.0,0.0,0.2216616038188217,-10.361710556558368,2.72,0.157428050312877,,,,,24.19,0.284,,,,,
2026-04-07,0.0,0.0,0.2216616038188217,-10.361710556558368,2.63,0.3910110522659489,,,,,24.19,0.284,,,,,
2026-04-08,0.0,0.0,0.2216616038188217,-9.570294838936228,2.51,0.3910110522659489,,,,,24.19,0.284,,,,,
2026-04-09,0.0,0.0,0.2216616038188217,-9.570294838936228,2.4,0.3910110522659489,,,,,24.19,0.284,,,,,
2026-04-10,5.50465742529255,0.0,0.2216616038188217,-9.570294838936228,2.37,0.5817320221486962,,,,,24.19,0.284,,,,,
2026-04-11,0.0,0.0,0.2216616038188217,-9.570294838936228,2.32,0.5817320221486962,,,,,24.19,0.284,,,,,
2026-04-12,0.0,0.0,0.2216616038188217,-9.570294838936228,2.28,0.5817320221486962,,,,,24.19,0.284,,,,,
2026-04-13,0.1282191725626383,4.65328285885307,0.2216616038188217,-11.714094335912383,2.23,0.5817320221486962,,,,,24.19,0.284,,,,,
2026-04-14,0.0,0.0,0.2216616038188217,-11.714094335912383,2.4,0.5817320221486962,,,,,24.19,0.284,,,,,
2026-04-15,0.0,0.0,0.2216616038188217,-11.714094335912383,2.54,0.1453044619694926,,,,,24.19,0.284,,,,,
2026-04-16,0.0,0.0,0.2216616038188217,-11.714094335912383,2.68,0.1453044619694926,,,,,24.19,0.284,,,,,
2026-04-17,0.0,0.0,0.2216616038188217,-11.714094335912383,2.7,0.1453044619694926,,,,,24.19,0.284,,,,,
2026-04-18,0.0,0.0,0.2216616038188217,-11.714094335912383,2.7,0.1453044619694926,,,,,24.19,0.284,,,,,
2026-04-19,0.0,0.0,0.2216616038188217,-11.714094335912383,2.73,0.1453044619694926,,,,,24.19,0.284,,,,,
2026-04-20,0.0,0.0,0.2216616038188217,-9.128735719806071,2.73,0.0993729950271864,,,,,24.19,0.284,,,,,
2026-04-21,0.0,0.0,0.2216616038188217,-9.128735719806071,3.4,0.0993729950271864,,,,,24.19,0.284,,,,,
2026-04-22,0.0,0.0,0.2216616038188217,-9.128735719806071,4.0,0.0993729950271864,,,,,24.19,0.284,,,,,
2026-04-23,0.0,0.0,0.2216616038188217,-9.128735719806071,4.26,0.0993729950271864,,,,,24.19,0.284,,,,,
